{
	"info": {
		"_postman_id": "5d6a92b1-d841-4ddb-a510-e09117c0f05c",
		"name": "_AJO: Decisioning Service",
		"schema": "https://schema.getpostman.com/json/collection/v2.1.0/collection.json",
		"_exporter_id": "790650"
	},
	"item": [
		{
			"name": "Get Offers for Customer Profile",
			"request": {
				"method": "POST",
				"header": [
					{
						"key": "Authorization",
						"value": "Bearer {{access_token}}"
					},
					{
						"key": "x-api-key",
						"value": "{{API_KEY}}"
					},
					{
						"key": "x-gw-ims-org-id",
						"value": "{{IMS_ORG}}"
					},
					{
						"key": "x-request-id",
						"value": "unique-requestid-{{API_KEY}}"
					},
					{
						"key": "Content-Type",
						"value": "application/vnd.adobe.xdm+json; schema=\"https://ns.adobe.com/experience/offer-management/decision-request;version=1.0\""
					},
					{
						"key": "Accept",
						"value": "application/vnd.adobe.xdm+json; schema=\"https://ns.adobe.com/experience/offer-management/decision-response;version=1.0\"",
						"type": "text"
					},
					{
						"key": "x-sandbox-name",
						"value": "tech-insiders",
						"type": "text"
					}
				],
				"body": {
					"mode": "raw",
					"raw": "{\n        \"xdm:propositionRequests\": [\n            {\n              \"xdm:placementId\": \"dps:offer-placement:1a08a14ccfe533b6\",\n              \"xdm:activityId\": \"dps:offer-activity:1a08ba4b529b2fb2\",\n              \"xdm:itemCount\": 2\n            }\n        ],\n        \"xdm:profiles\": [\n            {\n              \"xdm:identityMap\": {\n                \"EMAIL\": [\n                {\n                    \"xdm:id\": \"woutervangeluwe+06012025-02@gmail.com\"\n                }\n                ]\n            },\n            \"xdm:decisionRequestId\": \"0AA00002-0000-1224-c0de-cjf98Csj43\"\n            }\n        ],\n        \"xdm:allowDuplicatePropositions\": {\n            \"xdm:acrossActivities\": true,\n            \"xdm:acrossPlacements\": true\n        },\n        \"xdm:responseFormat\": {\n            \"xdm:includeContent\": true,\n            \"xdm:includeMetadata\": {\n            \"xdm:activity\": [\n                \"name\"\n            ],\n            \"xdm:option\": [\n                \"name\"\n            ],\n            \"xdm:placement\": [\n                \"name\"\n            ]\n            }\n        }\n      }"
				},
				"url": {
					"raw": "https://platform.adobe.io/data/core/ods/decisions",
					"protocol": "https",
					"host": [
						"platform",
						"adobe",
						"io"
					],
					"path": [
						"data",
						"core",
						"ods",
						"decisions"
					]
				}
			},
			"response": []
		}
	],
	"event": [
		{
			"listen": "prerequest",
			"script": {
				"type": "text/javascript",
				"exec": [
					""
				]
			}
		},
		{
			"listen": "test",
			"script": {
				"type": "text/javascript",
				"exec": [
					""
				]
			}
		}
	]
}