{
	"info": {
		"_postman_id": "0c56cbae-e7b5-4746-b8cf-d9cc9e1c24ef",
		"name": "FF - Firefly Services Tech Insiders",
		"schema": "https://schema.getpostman.com/json/collection/v2.1.0/collection.json",
		"_exporter_id": "790650"
	},
	"item": [
		{
			"name": "Photoshop",
			"item": [
				{
					"name": "Upload PSD to Azure Storage Account",
					"request": {
						"auth": {
							"type": "noauth"
						},
						"method": "PUT",
						"header": [
							{
								"key": "x-ms-blob-type",
								"value": "BlockBlob",
								"type": "text"
							}
						],
						"body": {
							"mode": "file",
							"file": {
								"src": "/Users/vangeluw/Desktop/gradient2-p.jpg"
							}
						},
						"url": {
							"raw": "{{AZURE_STORAGE_URL}}/{{AZURE_STORAGE_CONTAINER}}/citisignal-fiber.psd{{AZURE_STORAGE_SAS_WRITE}}",
							"host": [
								"{{AZURE_STORAGE_URL}}"
							],
							"path": [
								"{{AZURE_STORAGE_CONTAINER}}",
								"citisignal-fiber.psd{{AZURE_STORAGE_SAS_WRITE}}"
							]
						}
					},
					"response": []
				},
				{
					"name": "Photoshop Hello (Test Auth.)",
					"request": {
						"auth": {
							"type": "noauth"
						},
						"method": "GET",
						"header": [
							{
								"key": "x-api-key",
								"value": "{{API_KEY}}",
								"type": "text"
							},
							{
								"key": "Authorization",
								"value": "Bearer {{ACCESS_TOKEN}}",
								"type": "text"
							}
						],
						"url": {
							"raw": "https://image.adobe.io/pie/psdService/hello",
							"protocol": "https",
							"host": [
								"image",
								"adobe",
								"io"
							],
							"path": [
								"pie",
								"psdService",
								"hello"
							]
						}
					},
					"response": []
				},
				{
					"name": "Photoshop - Get PSD Manifest",
					"event": [
						{
							"listen": "test",
							"script": {
								"exec": [
									"var json = pm.response.json();",
									"",
									"pm.collectionVariables.set(\"PHOTOSHOP_STATUS_URL\", json._links.self.href);",
									""
								],
								"type": "text/javascript",
								"packages": {}
							}
						}
					],
					"request": {
						"auth": {
							"type": "noauth"
						},
						"method": "POST",
						"header": [
							{
								"key": "x-api-key",
								"value": "{{API_KEY}}",
								"type": "text"
							},
							{
								"key": "Content-Type",
								"value": "application/json",
								"type": "text"
							},
							{
								"key": "Authorization",
								"value": "Bearer {{ACCESS_TOKEN}}",
								"type": "text"
							}
						],
						"body": {
							"mode": "raw",
							"raw": "{\n  \"inputs\": [\n    {\n      \"storage\": \"external\",\n      \"href\": \"{{AZURE_STORAGE_URL}}/{{AZURE_STORAGE_CONTAINER}}/citisignal-fiber.psd{{AZURE_STORAGE_SAS_READ}}\"\n    }\n  ],\n  \"options\": {\n    \"thumbnails\": {\n      \"type\": \"image/jpeg\"\n    }\n  }\n}",
							"options": {
								"raw": {
									"language": "json"
								}
							}
						},
						"url": {
							"raw": "https://image.adobe.io/pie/psdService/documentManifest",
							"protocol": "https",
							"host": [
								"image",
								"adobe",
								"io"
							],
							"path": [
								"pie",
								"psdService",
								"documentManifest"
							]
						}
					},
					"response": []
				},
				{
					"name": "Photoshop -  Get PS Status",
					"event": [
						{
							"listen": "test",
							"script": {
								"exec": [
									"var json = pm.response.json();",
									"",
									"if(json.status == \"succeeded\" || json.outputs[0].status == \"succeeded\"){",
									"    //Only set if the response contains an output",
									"    if(json.output && json.output.href){",
									"        pm.collectionVariables.set(\"PHOTOSHOP_COMPLETED_ASSET_URL\", json.output.href);",
									"    }",
									"    pm.collectionVariables.set(\"PHOTOSHOP_RESPONSE_JSON\", JSON.stringify(json)); ",
									"}",
									"",
									""
								],
								"type": "text/javascript",
								"packages": {}
							}
						},
						{
							"listen": "prerequest",
							"script": {
								"exec": [
									""
								],
								"type": "text/javascript",
								"packages": {}
							}
						}
					],
					"request": {
						"auth": {
							"type": "noauth"
						},
						"method": "GET",
						"header": [
							{
								"key": "x-api-key",
								"value": "{{API_KEY}}",
								"type": "text"
							},
							{
								"key": "Authorization",
								"value": "Bearer {{ACCESS_TOKEN}}",
								"type": "text"
							}
						],
						"url": {
							"raw": "{{PHOTOSHOP_STATUS_URL}}",
							"host": [
								"{{PHOTOSHOP_STATUS_URL}}"
							]
						}
					},
					"response": []
				},
				{
					"name": "Photoshop - Change Text",
					"event": [
						{
							"listen": "test",
							"script": {
								"exec": [
									"var json = pm.response.json();",
									"",
									"pm.collectionVariables.set(\"PHOTOSHOP_STATUS_URL\", json._links.self.href);",
									""
								],
								"type": "text/javascript",
								"packages": {}
							}
						}
					],
					"request": {
						"auth": {
							"type": "noauth"
						},
						"method": "POST",
						"header": [
							{
								"key": "x-api-key",
								"value": "{{API_KEY}}",
								"type": "text"
							},
							{
								"key": "Content-Type",
								"value": "application/json",
								"type": "text"
							},
							{
								"key": "Authorization",
								"value": "Bearer {{ACCESS_TOKEN}}",
								"type": "text"
							}
						],
						"body": {
							"mode": "raw",
							"raw": "{\n  \"inputs\": [\n    {\n      \"storage\": \"external\",\n      \"href\": \"{{AZURE_STORAGE_URL}}/{{AZURE_STORAGE_CONTAINER}}/citisignal-fiber.psd{{AZURE_STORAGE_SAS_READ}}\"\n    }\n  ],\n  \"options\": {\n    \"layers\": [\n      {\n        \"name\": \"2048x2048-cta\",\n        \"text\": {\n          \"content\": \"Get Fiber now!\"\n        }\n      }\n    ]\n  },\n  \"outputs\": [\n    {\n      \"storage\": \"azure\",\n      \"href\": \"{{AZURE_STORAGE_URL}}/{{AZURE_STORAGE_CONTAINER}}/citisignal-fiber-changed-text.psd{{AZURE_STORAGE_SAS_WRITE}}\",\n      \"type\": \"vnd.adobe.photoshop\",\n      \"overwrite\": true\n    }\n  ]\n}",
							"options": {
								"raw": {
									"language": "json"
								}
							}
						},
						"url": {
							"raw": "https://image.adobe.io/pie/psdService/text",
							"protocol": "https",
							"host": [
								"image",
								"adobe",
								"io"
							],
							"path": [
								"pie",
								"psdService",
								"text"
							]
						}
					},
					"response": []
				}
			],
			"auth": {
				"type": "bearer",
				"bearer": [
					{
						"key": "token",
						"value": "{{IMS_TOKEN}}",
						"type": "string"
					}
				]
			},
			"event": [
				{
					"listen": "prerequest",
					"script": {
						"type": "text/javascript",
						"packages": {},
						"exec": [
							""
						]
					}
				},
				{
					"listen": "test",
					"script": {
						"type": "text/javascript",
						"packages": {},
						"exec": [
							""
						]
					}
				}
			]
		},
		{
			"name": "Firefly",
			"item": [
				{
					"name": "Firefly - T2I V3",
					"event": [
						{
							"listen": "test",
							"script": {
								"exec": [
									"var json = pm.response.json()\r",
									"\r",
									"if(json.outputs){\r",
									"    pm.collectionVariables.set(\"FIREFLY_COMPLETED_ASSET_URL\", json.outputs[0].image.url);\r",
									"}"
								],
								"type": "text/javascript",
								"packages": {}
							}
						},
						{
							"listen": "prerequest",
							"script": {
								"exec": [
									"var prompt = \"Horses in a field\"",
									"",
									"",
									"pm.variables.set(\"FIREFLY_IMAGE_PROMPT\", prompt)"
								],
								"type": "text/javascript",
								"packages": {}
							}
						}
					],
					"request": {
						"auth": {
							"type": "noauth"
						},
						"method": "POST",
						"header": [
							{
								"key": "x-api-key",
								"value": "{{API_KEY}}",
								"type": "text"
							},
							{
								"key": "Authorization",
								"value": "Bearer {{ACCESS_TOKEN}}",
								"type": "text"
							}
						],
						"body": {
							"mode": "raw",
							"raw": "{\r\n  \"numVariations\": 1,\r\n  \"size\": {\r\n    \"width\": 2048,\r\n    \"height\": 2048\r\n  },\r\n  \"prompt\": \"Horses in a field\",\r\n  \"promptBiasingLocaleCode\": \"en-US\"\r\n}",
							"options": {
								"raw": {
									"language": "json"
								}
							}
						},
						"url": {
							"raw": "https://firefly-api.adobe.io/v3/images/generate",
							"protocol": "https",
							"host": [
								"firefly-api",
								"adobe",
								"io"
							],
							"path": [
								"v3",
								"images",
								"generate"
							]
						}
					},
					"response": []
				},
				{
					"name": "Firefly - T2I (styleref) V3",
					"event": [
						{
							"listen": "test",
							"script": {
								"exec": [
									"var json = pm.response.json()\r",
									"\r",
									"if(json.outputs){\r",
									"    pm.collectionVariables.set(\"FIREFLY_IMAGE_URL\", json.outputs[0].image.url);\r",
									"    pm.collectionVariables.set(\"FIREFLY_COMPLETED_ASSET_URL\", json.outputs[0].image.url);\r",
									"}"
								],
								"type": "text/javascript",
								"packages": {}
							}
						}
					],
					"request": {
						"auth": {
							"type": "noauth"
						},
						"method": "POST",
						"header": [
							{
								"key": "x-api-key",
								"value": "{{API_KEY}}",
								"type": "text"
							},
							{
								"key": "Authorization",
								"value": "Bearer {{ACCESS_TOKEN}}",
								"type": "text"
							}
						],
						"body": {
							"mode": "raw",
							"raw": "{\r\n  \"numVariations\": 1,\r\n  \"size\": {\r\n    \"width\": 1024,\r\n    \"height\": 1024\r\n  },\r\n  \"prompt\": \"Horses in a field\",\r\n  \"promptBiasingLocaleCode\": \"en-US\",\r\n  \"style\": {\r\n    \"strength\": 100,\r\n    \"imageReference\": {\r\n        \"source\": {\r\n            \"url\": \"https://vangeluw.blob.core.windows.net/vangeluw/gradient.jpg?sv=2023-01-03&st=2025-01-13T07%3A16%3A52Z&se=2026-01-14T07%3A16%3A00Z&sr=b&sp=r&sig=x4B1XZuAx%2F6yUfhb28hF0wppCOMeH7Ip2iBjNK5A%2BFw%3D\"\r\n        }\r\n    }\r\n  }\r\n}",
							"options": {
								"raw": {
									"language": "json"
								}
							}
						},
						"url": {
							"raw": "https://firefly-api.adobe.io/v3/images/generate",
							"protocol": "https",
							"host": [
								"firefly-api",
								"adobe",
								"io"
							],
							"path": [
								"v3",
								"images",
								"generate"
							]
						}
					},
					"response": []
				},
				{
					"name": "Firefly - T2I (styleref + structureref) V3 Copy",
					"event": [
						{
							"listen": "test",
							"script": {
								"exec": [
									"var json = pm.response.json()\r",
									"\r",
									"if(json.outputs){\r",
									"    pm.collectionVariables.set(\"FIREFLY_IMAGE_URL\", json.outputs[0].image.url);\r",
									"}"
								],
								"type": "text/javascript",
								"packages": {}
							}
						}
					],
					"request": {
						"method": "POST",
						"header": [
							{
								"key": "x-api-key",
								"value": "{{API_KEY}}",
								"type": "text"
							},
							{
								"key": "Authorization",
								"value": "Bearer {{ACCESS_TOKEN}}",
								"type": "text"
							}
						],
						"body": {
							"mode": "raw",
							"raw": "{\r\n  \"numVariations\": 1,\r\n  \"size\": {\r\n    \"width\": 1024,\r\n    \"height\": 1024\r\n  },\r\n  \"prompt\": \"{{FIREFLY_IMAGE_PROMPT}}\",\r\n  \"promptBiasingLocaleCode\": \"en-US\",\r\n  \"style\": {\r\n    \"strength\": 100,\r\n    \"imageReference\": {\r\n        \"source\": {\r\n            \"uploadId\": \"{{FIREFLY_STYLE_REFERENCE_IMAGE_ID}}\"\r\n        }\r\n    }\r\n  },\r\n  \"structure\": {\r\n    \"strength\": 100,\r\n    \"imageReference\": {\r\n        \"source\": {\r\n            \"uploadId\": \"{{FIREFLY_STRUCTURE_REFERENCE_IMAGE_ID}}\"\r\n        }\r\n    }\r\n  }\r\n}",
							"options": {
								"raw": {
									"language": "json"
								}
							}
						},
						"url": {
							"raw": "https://firefly-api.adobe.io/v3/images/generate",
							"protocol": "https",
							"host": [
								"firefly-api",
								"adobe",
								"io"
							],
							"path": [
								"v3",
								"images",
								"generate"
							]
						}
					},
					"response": []
				},
				{
					"name": "Firefly - Get Generated Image",
					"request": {
						"auth": {
							"type": "noauth"
						},
						"method": "GET",
						"header": [],
						"url": {
							"raw": "{{FIREFLY_COMPLETED_ASSET_URL}}",
							"host": [
								"{{FIREFLY_COMPLETED_ASSET_URL}}"
							]
						}
					},
					"response": []
				},
				{
					"name": "Firefly - Gen Expand",
					"event": [
						{
							"listen": "test",
							"script": {
								"exec": [
									"var json = pm.response.json()",
									"",
									"if(json.outputs){",
									"    pm.collectionVariables.set(\"FIREFLY_COMPLETED_ASSET_URL\", json.outputs[0].image.url);",
									"}"
								],
								"type": "text/javascript",
								"packages": {}
							}
						}
					],
					"request": {
						"method": "POST",
						"header": [
							{
								"key": "x-api-key",
								"value": "{{API_KEY}}",
								"type": "text"
							},
							{
								"key": "Authorization",
								"value": "Bearer {{ACCESS_TOKEN}}",
								"type": "text"
							}
						],
						"body": {
							"mode": "raw",
							"raw": "{\n  \"numVariations\": 1,\n  \"size\": {\n    \"width\": 3999,\n    \"height\": 3999\n  },\n  \"image\": {\n    \"source\": {\n      \"url\": \"{{FIREFLY_COMPLETED_ASSET_URL}}\"\n    }\n    \n  },\n  \"placement\": {\n    \"alignment\": {\n      \"horizontal\": \"center\",\n      \"vertical\": \"center\"\n    }\n  }\n}",
							"options": {
								"raw": {
									"language": "json"
								}
							}
						},
						"url": {
							"raw": "https://firefly-api.adobe.io/v3/images/expand",
							"protocol": "https",
							"host": [
								"firefly-api",
								"adobe",
								"io"
							],
							"path": [
								"v3",
								"images",
								"expand"
							]
						},
						"description": "A variable GenExpand operation with variables that suppports running as batch with CSV. Sample file: [genexpand.csv](https://adobe.sharepoint.com/:x:/r/sites/DMeEntPMMHub/Shared%20Documents/FY24%20Solutions/Demos/Demo%20Assets/genexpand.csv?d=wbbe7490e66a54b908c2b8759a85db17c&csf=1&web=1&e=yMhRXV)"
					},
					"response": []
				},
				{
					"name": "Upload file to Azure Storage Account",
					"request": {
						"auth": {
							"type": "noauth"
						},
						"method": "PUT",
						"header": [
							{
								"key": "x-ms-blob-type",
								"value": "BlockBlob",
								"type": "text"
							}
						],
						"body": {
							"mode": "file",
							"file": {
								"src": "/Users/vangeluw/Desktop/gradient2-p.jpg"
							}
						},
						"url": {
							"raw": "https://vangeluw.blob.core.windows.net/vangeluw?sv=2023-01-03&st=2025-01-08T09%3A51%3A44Z&se=2026-01-09T09%3A51%3A00Z&sr=c&sp=racwl&sig=ewWM0djU1g1TvgC7XqIWF4mH2nO%2BU8pu%2BFhLiMUmfY4%3D",
							"protocol": "https",
							"host": [
								"vangeluw",
								"blob",
								"core",
								"windows",
								"net"
							],
							"path": [
								"vangeluw"
							],
							"query": [
								{
									"key": "sv",
									"value": "2023-01-03"
								},
								{
									"key": "st",
									"value": "2025-01-08T09%3A51%3A44Z"
								},
								{
									"key": "se",
									"value": "2026-01-09T09%3A51%3A00Z"
								},
								{
									"key": "sr",
									"value": "c"
								},
								{
									"key": "sp",
									"value": "racwl"
								},
								{
									"key": "sig",
									"value": "ewWM0djU1g1TvgC7XqIWF4mH2nO%2BU8pu%2BFhLiMUmfY4%3D"
								}
							]
						}
					},
					"response": []
				},
				{
					"name": "Upload file to Azure Storage Account + Variables",
					"request": {
						"auth": {
							"type": "noauth"
						},
						"method": "PUT",
						"header": [
							{
								"key": "x-ms-blob-type",
								"value": "BlockBlob",
								"type": "text"
							}
						],
						"body": {
							"mode": "file",
							"file": {
								"src": "/Users/vangeluw/Desktop/gradient2-p.jpg"
							}
						},
						"url": {
							"raw": "{{AZURE_STORAGE_URL}}/{{AZURE_STORAGE_CONTAINER}}/file.jpg?{{AZURE_STORAGE_SAS_WRITE}}",
							"host": [
								"{{AZURE_STORAGE_URL}}"
							],
							"path": [
								"{{AZURE_STORAGE_CONTAINER}}",
								"file.jpg"
							],
							"query": [
								{
									"key": "{{AZURE_STORAGE_SAS_WRITE}}",
									"value": null
								}
							]
						}
					},
					"response": []
				}
			],
			"auth": {
				"type": "bearer",
				"bearer": [
					{
						"key": "token",
						"value": "{{IMS_TOKEN}}",
						"type": "string"
					}
				]
			},
			"event": [
				{
					"listen": "prerequest",
					"script": {
						"type": "text/javascript",
						"packages": {},
						"exec": [
							""
						]
					}
				},
				{
					"listen": "test",
					"script": {
						"type": "text/javascript",
						"packages": {},
						"exec": [
							""
						]
					}
				}
			]
		},
		{
			"name": "Workfront Fusion - Banners at scale",
			"item": [
				{
					"name": "POST - Send Request to Workfront Fusion Webhook",
					"request": {
						"method": "POST",
						"header": [],
						"body": {
							"mode": "raw",
							"raw": "{\n    \"psdTemplate\": \"placeholder\",\n    \"xlsFile\": \"placeholder\"\n}",
							"options": {
								"raw": {
									"language": "json"
								}
							}
						},
						"url": {
							"raw": "https://hook.fusion.adobe.com/tuqxu1k4rbf7xdiiqheswzib8iv5t0jh",
							"protocol": "https",
							"host": [
								"hook",
								"fusion",
								"adobe",
								"com"
							],
							"path": [
								"tuqxu1k4rbf7xdiiqheswzib8iv5t0jh"
							]
						}
					},
					"response": []
				},
				{
					"name": "POST - Send Request to Workfront Fusion Webhook Copy",
					"request": {
						"method": "POST",
						"header": [],
						"body": {
							"mode": "raw",
							"raw": "{\n    \"psdTemplate\": \"tech-insiders-welcome.psd\",\n    \"xlsFile\": \"placeholder\",\n    \"animal\": \"gorilla\",\n    \"firstName\": \"Wouter\",\n    \"email\": \"vangeluw@adobe.com\"\n}",
							"options": {
								"raw": {
									"language": "json"
								}
							}
						},
						"url": {
							"raw": "https://hook.fusion.adobe.com/u89obkcfriuztshmqnc1qovcz25m31ge",
							"protocol": "https",
							"host": [
								"hook",
								"fusion",
								"adobe",
								"com"
							],
							"path": [
								"u89obkcfriuztshmqnc1qovcz25m31ge"
							]
						}
					},
					"response": []
				},
				{
					"name": "1. Firefly - T2I V3 Animal",
					"event": [
						{
							"listen": "test",
							"script": {
								"exec": [
									"var json = pm.response.json()\r",
									"\r",
									"if(json.outputs){\r",
									"    pm.collectionVariables.set(\"FIREFLY_COMPLETED_ASSET_URL_ANIMAL\", json.outputs[0].image.url);\r",
									"}"
								],
								"type": "text/javascript",
								"packages": {}
							}
						},
						{
							"listen": "prerequest",
							"script": {
								"exec": [
									"var prompt = \"Horses in a field\"",
									"",
									"",
									"pm.variables.set(\"FIREFLY_IMAGE_PROMPT\", prompt)"
								],
								"type": "text/javascript",
								"packages": {}
							}
						}
					],
					"request": {
						"auth": {
							"type": "noauth"
						},
						"method": "POST",
						"header": [
							{
								"key": "x-api-key",
								"value": "{{API_KEY}}",
								"type": "text"
							},
							{
								"key": "Authorization",
								"value": "Bearer {{ACCESS_TOKEN}}",
								"type": "text"
							}
						],
						"body": {
							"mode": "raw",
							"raw": "{\r\n  \"numVariations\": 1,\r\n  \"size\": {\r\n    \"width\": 2048,\r\n    \"height\": 2048\r\n  },\r\n  \"prompt\": \"Modern day gorilla in the wild\",\r\n  \"promptBiasingLocaleCode\": \"en-US\"\r\n}",
							"options": {
								"raw": {
									"language": "json"
								}
							}
						},
						"url": {
							"raw": "https://firefly-api.adobe.io/v3/images/generate",
							"protocol": "https",
							"host": [
								"firefly-api",
								"adobe",
								"io"
							],
							"path": [
								"v3",
								"images",
								"generate"
							]
						}
					},
					"response": []
				},
				{
					"name": "2. Photoshop - Remove BG",
					"event": [
						{
							"listen": "test",
							"script": {
								"exec": [
									"var json = pm.response.json();\r",
									"\r",
									"pm.collectionVariables.set(\"PHOTOSHOP_STATUS_URL_REMOVE_BG\", json._links.self.href);\r",
									""
								],
								"type": "text/javascript",
								"packages": {}
							}
						},
						{
							"listen": "prerequest",
							"script": {
								"exec": [
									"var prompt = \"Horses in a field\"",
									"",
									"",
									"pm.variables.set(\"FIREFLY_IMAGE_PROMPT\", prompt)"
								],
								"type": "text/javascript",
								"packages": {}
							}
						}
					],
					"request": {
						"auth": {
							"type": "noauth"
						},
						"method": "POST",
						"header": [
							{
								"key": "x-api-key",
								"value": "{{API_KEY}}",
								"type": "text"
							},
							{
								"key": "Authorization",
								"value": "Bearer {{ACCESS_TOKEN}}",
								"type": "text"
							}
						],
						"body": {
							"mode": "raw",
							"raw": "{\r\n  \"input\": {\r\n    \"href\": \"{{FIREFLY_COMPLETED_ASSET_URL_ANIMAL}}\",\r\n    \"storage\": \"external\"\r\n  },\r\n  \"options\": {\r\n    \"optimize\": \"performance\",\r\n    \"process\": {\r\n      \"postprocess\": true\r\n    },\r\n    \"service\": {\r\n      \"version\": \"4.0\"\r\n    }\r\n  },\r\n  \"output\": {\r\n    \"href\": \"{{AZURE_STORAGE_URL}}/{{AZURE_STORAGE_CONTAINER}}/animal.png{{AZURE_STORAGE_SAS_WRITE}}\",\r\n    \"storage\": \"azure\",\r\n    \"overwrite\": true,\r\n    \"color\": {\r\n      \"space\": \"rgb\"\r\n    },\r\n    \"mask\": {\r\n      \"format\": \"soft\"\r\n    }\r\n  }\r\n}",
							"options": {
								"raw": {
									"language": "json"
								}
							}
						},
						"url": {
							"raw": "https://image.adobe.io/sensei/cutout",
							"protocol": "https",
							"host": [
								"image",
								"adobe",
								"io"
							],
							"path": [
								"sensei",
								"cutout"
							]
						}
					},
					"response": []
				},
				{
					"name": "3. Photoshop -  Get PS Status Remove BG",
					"event": [
						{
							"listen": "test",
							"script": {
								"exec": [
									"var json = pm.response.json();",
									"",
									"if(json.status == \"succeeded\" || json.outputs[0].status == \"succeeded\"){",
									"    //Only set if the response contains an output",
									"    if(json.output && json.output.href){",
									"        pm.collectionVariables.set(\"PHOTOSHOP_COMPLETED_ASSET_URL_NO_BG\", json.output.href);",
									"    }",
									"    pm.collectionVariables.set(\"PHOTOSHOP_RESPONSE_JSON\", JSON.stringify(json)); ",
									"}",
									"",
									""
								],
								"type": "text/javascript",
								"packages": {}
							}
						},
						{
							"listen": "prerequest",
							"script": {
								"exec": [
									""
								],
								"type": "text/javascript",
								"packages": {}
							}
						}
					],
					"request": {
						"auth": {
							"type": "noauth"
						},
						"method": "GET",
						"header": [
							{
								"key": "x-api-key",
								"value": "{{API_KEY}}",
								"type": "text"
							},
							{
								"key": "Authorization",
								"value": "Bearer {{ACCESS_TOKEN}}",
								"type": "text"
							}
						],
						"url": {
							"raw": "{{PHOTOSHOP_STATUS_URL_REMOVE_BG}}",
							"host": [
								"{{PHOTOSHOP_STATUS_URL_REMOVE_BG}}"
							]
						}
					},
					"response": []
				},
				{
					"name": "4. Photoshop - Smart Replace",
					"event": [
						{
							"listen": "test",
							"script": {
								"exec": [
									"var json = pm.response.json();",
									"",
									"pm.collectionVariables.set(\"PHOTOSHOP_STATUS_URL\", json._links.self.href);",
									""
								],
								"type": "text/javascript",
								"packages": {}
							}
						}
					],
					"request": {
						"auth": {
							"type": "noauth"
						},
						"method": "POST",
						"header": [
							{
								"key": "x-api-key",
								"value": "{{API_KEY}}",
								"type": "text"
							},
							{
								"key": "Content-Type",
								"value": "application/json",
								"type": "text"
							},
							{
								"key": "Authorization",
								"value": "Bearer {{ACCESS_TOKEN}}",
								"type": "text"
							}
						],
						"body": {
							"mode": "raw",
							"raw": "{\n    \"inputs\": [\n        {\n            \"storage\": \"external\",\n            \"href\": \"{{AZURE_STORAGE_URL}}/{{AZURE_STORAGE_CONTAINER}}/tech-insiders-welcome.psd{{AZURE_STORAGE_SAS_READ}}\"\n        }\n    ],\n    \"options\": {\n        \"layers\": [\n            {\n                \"name\": \"2048x2048-image\",\n                \"input\": {\n                    \"href\": \"{{PHOTOSHOP_COMPLETED_ASSET_URL_NO_BG}}\",\n                    \"storage\": \"external\"\n                }\n            }\n        ]\n    },\n    \"outputs\": [\n        {\n            \"storage\": \"azure\",\n            \"href\": \"{{AZURE_STORAGE_URL}}/{{AZURE_STORAGE_CONTAINER}}/tech-insiders-welcome-changedimages.psd{{AZURE_STORAGE_SAS_WRITE}}\",\n            \"type\": \"vnd.adobe.photoshop\",\n            \"overwrite\": true\n        }\n    ]\n}",
							"options": {
								"raw": {
									"language": "json"
								}
							}
						},
						"url": {
							"raw": "https://image.adobe.io/pie/psdService/smartObject",
							"protocol": "https",
							"host": [
								"image",
								"adobe",
								"io"
							],
							"path": [
								"pie",
								"psdService",
								"smartObject"
							]
						}
					},
					"response": []
				},
				{
					"name": "5. Photoshop -  Get PS Status",
					"event": [
						{
							"listen": "test",
							"script": {
								"exec": [
									"var json = pm.response.json();",
									"",
									"if(json.status == \"succeeded\" || json.outputs[0].status == \"succeeded\"){",
									"    //Only set if the response contains an output",
									"    if(json.outputs){",
									"        pm.collectionVariables.set(\"PHOTOSHOP_COMPLETED_ASSET_URL_PSD\", json.outputs[0]._links.renditions[0].href);",
									"    }",
									"}",
									"",
									""
								],
								"type": "text/javascript",
								"packages": {}
							}
						},
						{
							"listen": "prerequest",
							"script": {
								"exec": [
									""
								],
								"type": "text/javascript",
								"packages": {}
							}
						}
					],
					"request": {
						"auth": {
							"type": "noauth"
						},
						"method": "GET",
						"header": [
							{
								"key": "x-api-key",
								"value": "{{API_KEY}}",
								"type": "text"
							},
							{
								"key": "Authorization",
								"value": "Bearer {{ACCESS_TOKEN}}",
								"type": "text"
							}
						],
						"url": {
							"raw": "{{PHOTOSHOP_STATUS_URL}}",
							"host": [
								"{{PHOTOSHOP_STATUS_URL}}"
							]
						}
					},
					"response": []
				},
				{
					"name": "6. Photoshop - Change Text",
					"event": [
						{
							"listen": "test",
							"script": {
								"exec": [
									"var json = pm.response.json();",
									"",
									"pm.collectionVariables.set(\"PHOTOSHOP_STATUS_URL_TEXT\", json._links.self.href);",
									""
								],
								"type": "text/javascript",
								"packages": {}
							}
						}
					],
					"request": {
						"auth": {
							"type": "noauth"
						},
						"method": "POST",
						"header": [
							{
								"key": "x-api-key",
								"value": "{{API_KEY}}",
								"type": "text"
							},
							{
								"key": "Content-Type",
								"value": "application/json",
								"type": "text"
							},
							{
								"key": "Authorization",
								"value": "Bearer {{ACCESS_TOKEN}}",
								"type": "text"
							}
						],
						"body": {
							"mode": "raw",
							"raw": "{\n  \"inputs\": [\n    {\n      \"storage\": \"external\",\n      \"href\": \"{{PHOTOSHOP_COMPLETED_ASSET_URL_PSD}}\"\n    }\n  ],\n  \"options\": {\n    \"layers\": [\n      {\n        \"name\": \"2048x2048-cta\",\n        \"text\": {\n          \"content\": \"Thanks for signing up!\"\n        }\n      }\n    ]\n  },\n  \"outputs\": [\n    {\n      \"storage\": \"azure\",\n      \"href\": \"{{AZURE_STORAGE_URL}}/{{AZURE_STORAGE_CONTAINER}}/tech-insiders-welcome-changedimages-text.psd{{AZURE_STORAGE_SAS_WRITE}}\",\n      \"type\": \"vnd.adobe.photoshop\",\n      \"overwrite\": true\n    }\n  ]\n}",
							"options": {
								"raw": {
									"language": "json"
								}
							}
						},
						"url": {
							"raw": "https://image.adobe.io/pie/psdService/text",
							"protocol": "https",
							"host": [
								"image",
								"adobe",
								"io"
							],
							"path": [
								"pie",
								"psdService",
								"text"
							]
						}
					},
					"response": []
				},
				{
					"name": "7. Photoshop -  Get PS Status Text",
					"event": [
						{
							"listen": "test",
							"script": {
								"exec": [
									"var json = pm.response.json();",
									"",
									"if(json.status == \"succeeded\" || json.outputs[0].status == \"succeeded\"){",
									"    //Only set if the response contains an output",
									"    if(json.outputs){",
									"        pm.collectionVariables.set(\"PHOTOSHOP_COMPLETED_ASSET_URL_IMG_TXT_PSD\", json.outputs[0]._links.renditions[0].href);",
									"    }",
									"}",
									"",
									""
								],
								"type": "text/javascript",
								"packages": {}
							}
						},
						{
							"listen": "prerequest",
							"script": {
								"exec": [
									""
								],
								"type": "text/javascript",
								"packages": {}
							}
						}
					],
					"request": {
						"auth": {
							"type": "noauth"
						},
						"method": "GET",
						"header": [
							{
								"key": "x-api-key",
								"value": "{{API_KEY}}",
								"type": "text"
							},
							{
								"key": "Authorization",
								"value": "Bearer {{ACCESS_TOKEN}}",
								"type": "text"
							}
						],
						"url": {
							"raw": "{{PHOTOSHOP_STATUS_URL_TEXT}}",
							"host": [
								"{{PHOTOSHOP_STATUS_URL_TEXT}}"
							]
						}
					},
					"response": []
				},
				{
					"name": "6. Photoshop - Create Renditions",
					"event": [
						{
							"listen": "test",
							"script": {
								"exec": [
									"var json = pm.response.json();",
									"",
									"pm.collectionVariables.set(\"PHOTOSHOP_STATUS_URL_PNG\", json._links.self.href);",
									""
								],
								"type": "text/javascript",
								"packages": {}
							}
						},
						{
							"listen": "prerequest",
							"script": {
								"exec": [
									""
								],
								"type": "text/javascript",
								"packages": {}
							}
						}
					],
					"request": {
						"auth": {
							"type": "noauth"
						},
						"method": "POST",
						"header": [
							{
								"key": "x-api-key",
								"value": "{{API_KEY}}",
								"type": "text"
							},
							{
								"key": "Authorization",
								"value": "Bearer {{ACCESS_TOKEN}}",
								"type": "text"
							}
						],
						"body": {
							"mode": "raw",
							"raw": "{\n  \"inputs\": [\n    {\n      \"storage\": \"azure\",\n      \"href\": \"{{PHOTOSHOP_COMPLETED_ASSET_URL_IMG_TXT_PSD}}\"\n    }\n  ],\n  \"outputs\": [\n    {\n      \"href\": \"{{AZURE_STORAGE_URL}}/{{AZURE_STORAGE_CONTAINER}}/tech-insiders-welcome-finalimage.png{{AZURE_STORAGE_SAS_WRITE}}\",\n      \"storage\": \"azure\",\n      \"type\": \"image/png\"\n    }\n  ]\n}",
							"options": {
								"raw": {
									"language": "json"
								}
							}
						},
						"url": {
							"raw": "https://image.adobe.io/pie/psdService/renditionCreate",
							"protocol": "https",
							"host": [
								"image",
								"adobe",
								"io"
							],
							"path": [
								"pie",
								"psdService",
								"renditionCreate"
							]
						}
					},
					"response": []
				},
				{
					"name": "7. Photoshop -  Get PS Status PNG",
					"event": [
						{
							"listen": "test",
							"script": {
								"exec": [
									"var json = pm.response.json();",
									"",
									"if(json.status == \"succeeded\" || json.outputs[0].status == \"succeeded\"){",
									"    //Only set if the response contains an output",
									"    if(json.outputs){",
									"        pm.collectionVariables.set(\"PHOTOSHOP_COMPLETED_ASSET_URL_PNG\", json.outputs[0]._links.renditions[0].href);",
									"    }",
									"}",
									"",
									""
								],
								"type": "text/javascript",
								"packages": {}
							}
						},
						{
							"listen": "prerequest",
							"script": {
								"exec": [
									""
								],
								"type": "text/javascript",
								"packages": {}
							}
						}
					],
					"request": {
						"auth": {
							"type": "noauth"
						},
						"method": "GET",
						"header": [
							{
								"key": "x-api-key",
								"value": "{{API_KEY}}",
								"type": "text"
							},
							{
								"key": "Authorization",
								"value": "Bearer {{ACCESS_TOKEN}}",
								"type": "text"
							}
						],
						"url": {
							"raw": "{{PHOTOSHOP_STATUS_URL_PNG}}",
							"host": [
								"{{PHOTOSHOP_STATUS_URL_PNG}}"
							]
						}
					},
					"response": []
				},
				{
					"name": "8. Get Image",
					"request": {
						"method": "GET",
						"header": []
					},
					"response": []
				},
				{
					"name": "9. Send Experience Event to AJO",
					"request": {
						"method": "POST",
						"header": [],
						"body": {
							"mode": "raw",
							"raw": "{\n\t\"header\": {\n\t\t\"datasetId\": \"672a10d47728e82aefa1ee0a\",\n\t\t\"imsOrgId\": \"907075E95BF479EC0A495C73@AdobeOrg\",\n\t\t\"schemaRef\": {\n\t\t\t\"id\": \"https://ns.adobe.com/experienceplatform/schemas/de41e11b65250f24f851a4b35e229f85750b71cba8cdb7fb\",\n\t\t\t\"contentType\": \"application/vnd.adobe.xed-full+json;version=1\"\n\t\t},\n\t\t\"source\": {\n\t\t\t\"name\": \"Journeys\"\n\t\t},\n\t\t\"strictValidation\": true\n\t},\n\t\"body\": {\n\t\t\"xdmMeta\": {\n\t\t\t\"schemaRef\": {\n\t\t\t\t\"id\": \"https://ns.adobe.com/experienceplatform/schemas/de41e11b65250f24f851a4b35e229f85750b71cba8cdb7fb\",\n\t\t\t\t\"contentType\": \"application/vnd.adobe.xed-full+json;version=1\"\n\t\t\t}\n\t\t},\n\t\t\"xdmEntity\": {\n\t\t\t\"_experienceplatform\": {\n\t\t\t\t\"interactionDetails\": {\n\t\t\t\t\t\"wffff\": {\n\t\t\t\t\t\t\"ffImage\": \"https://vangeluw.blob.core.windows.net/vangeluw/tech-insiders-welcome-finalimage.png?sv=2023-01-03&st=2025-01-15T07%3A28%3A11Z&se=2026-01-16T07%3A28%3A00Z&sr=c&sp=racwl&sig=6vTQfQV37MtWGBng7vGD45Qt4h8e9X%2F8h0rv8wC%2BziA%3D\",\n\t\t\t\t\t\t\"ffemail\": \"woutervangeluwe@gmail.com\",\n\t\t\t\t\t\t\"fffirstName\": \"Wouter\"\n\t\t\t\t\t}\n\t\t\t\t},\n\t\t\t\t\"identification\": {\n\t\t\t\t\t\"core\": {\n\t\t\t\t\t\t\"crmId\": \"wouter-4567876567767376373\"\n\t\t\t\t\t}\n\t\t\t\t}\n\t\t\t},\n\t\t\t\"_id\": \"453563672872290202202\",\n\t\t\t\"_experience\": {\n\t\t\t\t\"campaign\": {\n\t\t\t\t\t\"orchestration\": {\n\t\t\t\t\t\t\"eventID\": \"5daf90a3cd620a4d71fddf3e9a7fb5f14d076033f60a40bf226d870d8a504f9d\"\n\t\t\t\t\t}\n\t\t\t\t}\n\t\t\t},\n\t\t\t\"timestamp\": \"2025-01-15T09:00:00.000Z\"\n\t\t}\n\t}\n}",
							"options": {
								"raw": {
									"language": "json"
								}
							}
						},
						"url": {
							"raw": "https://dcs.adobedc.net/collection/63751d0f299eeb7aa48a2f22acb284ed64de575f8640986d8e5a935741be9067?syncValidation=false",
							"protocol": "https",
							"host": [
								"dcs",
								"adobedc",
								"net"
							],
							"path": [
								"collection",
								"63751d0f299eeb7aa48a2f22acb284ed64de575f8640986d8e5a935741be9067"
							],
							"query": [
								{
									"key": "syncValidation",
									"value": "false"
								}
							]
						}
					},
					"response": []
				}
			]
		},
		{
			"name": "FF - Custom Models API",
			"item": [
				{
					"name": "1. FF - getCustomModels",
					"event": [
						{
							"listen": "test",
							"script": {
								"exec": [
									"var json = pm.response.json()\r",
									"\r",
									"if(json.custom_models){\r",
									"    pm.collectionVariables.set(\"FIREFLY_CUSTOM_MODEL_ASSET_URL\", json.custom_models[0].assetId);\r",
									"}"
								],
								"type": "text/javascript",
								"packages": {}
							}
						},
						{
							"listen": "prerequest",
							"script": {
								"exec": [
									"var prompt = \"Horses in a field\"",
									"",
									"",
									"pm.variables.set(\"FIREFLY_IMAGE_PROMPT\", prompt)"
								],
								"type": "text/javascript",
								"packages": {}
							}
						}
					],
					"protocolProfileBehavior": {
						"disableBodyPruning": true
					},
					"request": {
						"auth": {
							"type": "noauth"
						},
						"method": "GET",
						"header": [
							{
								"key": "x-api-key",
								"value": "{{API_KEY}}",
								"type": "text"
							},
							{
								"key": "Authorization",
								"value": "Bearer {{ACCESS_TOKEN}}",
								"type": "text"
							}
						],
						"body": {
							"mode": "raw",
							"raw": "",
							"options": {
								"raw": {
									"language": "json"
								}
							}
						},
						"url": {
							"raw": "https://firefly-api.adobe.io/v3/custom-models",
							"protocol": "https",
							"host": [
								"firefly-api",
								"adobe",
								"io"
							],
							"path": [
								"v3",
								"custom-models"
							]
						}
					},
					"response": []
				},
				{
					"name": "2. Generate Images Async",
					"event": [
						{
							"listen": "test",
							"script": {
								"exec": [
									"var jsonData = pm.response.json();",
									"pm.collectionVariables.set(\"CUSTOM_MODEL_JOBID\", jsonData.jobId);",
									"pm.collectionVariables.set(\"CUSTOM_MODEL_STATUS_URL\", jsonData.statusUrl);"
								],
								"type": "text/javascript",
								"packages": {}
							}
						}
					],
					"protocolProfileBehavior": {
						"followRedirects": true,
						"disableUrlEncoding": false,
						"disableCookies": false
					},
					"request": {
						"auth": {
							"type": "noauth"
						},
						"method": "POST",
						"header": [
							{
								"key": "Content-Type",
								"value": "application/json"
							},
							{
								"key": "User-Agent",
								"value": "insomnia/8.2.0"
							},
							{
								"key": "Accept",
								"value": "application/json"
							},
							{
								"key": "x-accept-mimetype",
								"value": "image/jpeg"
							},
							{
								"key": "x-model-version",
								"value": "image3_custom"
							},
							{
								"key": "x-api-key",
								"value": "{{API_KEY}}"
							},
							{
								"key": "Authorization",
								"value": "Bearer {{ACCESS_TOKEN}}"
							}
						],
						"body": {
							"mode": "raw",
							"raw": "{\n    \"numVariations\": 2,\n    \n    \"size\": {\n        \"width\": 2048,\n        \"height\": 2048\n    },\n    \"prompt\": \"a white CitiSignal router on a colourful background\",\n    \"negativePrompt\": \"red\",\n    \"contentClass\": \"photo\",\n    \"visualIntensity\": 6,\n    \"style\": {\n        \"presets\": [\n            \"painting\"\n        ],\n        \"strength\": 50\n    },\n    \"promptBiasingLocaleCode\": \"en-US\",\n    \"customModelId\": \"{{FIREFLY_CUSTOM_MODEL_ASSET_URL}}\"\n}",
							"options": {
								"raw": {
									"language": "json"
								}
							}
						},
						"url": {
							"raw": "https://firefly-api.adobe.io/v3/images/generate-async",
							"protocol": "https",
							"host": [
								"firefly-api",
								"adobe",
								"io"
							],
							"path": [
								"v3",
								"images",
								"generate-async"
							]
						}
					},
					"response": []
				},
				{
					"name": "3. Get CM Status",
					"request": {
						"method": "GET",
						"header": [
							{
								"key": "x-api-key",
								"value": "{{API_KEY}}",
								"type": "text"
							},
							{
								"key": "Authorization",
								"value": "Bearer {{ACCESS_TOKEN}}",
								"type": "text"
							}
						],
						"url": {
							"raw": "https://firefly-api.adobe.io/v3/status/{{CUSTOM_MODEL_JOBID}}",
							"protocol": "https",
							"host": [
								"firefly-api",
								"adobe",
								"io"
							],
							"path": [
								"v3",
								"status",
								"{{CUSTOM_MODEL_JOBID}}"
							]
						}
					},
					"response": []
				},
				{
					"name": "4. Cancel CM Job",
					"request": {
						"method": "GET",
						"header": [
							{
								"key": "x-api-key",
								"value": "{{API_KEY}}",
								"type": "text"
							},
							{
								"key": "Authorization",
								"value": "Bearer {{ACCESS_TOKEN}}",
								"type": "text"
							}
						],
						"url": {
							"raw": "https://firefly-api.adobe.io/v3/status/{{CUSTOM_MODEL_JOBID}}",
							"protocol": "https",
							"host": [
								"firefly-api",
								"adobe",
								"io"
							],
							"path": [
								"v3",
								"status",
								"{{CUSTOM_MODEL_JOBID}}"
							]
						}
					},
					"response": []
				}
			]
		}
	],
	"event": [
		{
			"listen": "prerequest",
			"script": {
				"type": "text/javascript",
				"packages": {},
				"exec": [
					""
				]
			}
		},
		{
			"listen": "test",
			"script": {
				"type": "text/javascript",
				"packages": {},
				"exec": [
					""
				]
			}
		}
	],
	"variable": [
		{
			"key": "IMS_TOKEN",
			"value": ""
		},
		{
			"key": "STORAGE_ASSET_NAME",
			"value": ""
		},
		{
			"key": "STORAGE_ASSET_URL",
			"value": ""
		},
		{
			"key": "PHOTOSHOP_RESPONSE_JSON",
			"value": ""
		},
		{
			"key": "FIREFLY_COMPLETED_ASSET_URL",
			"value": ""
		},
		{
			"key": "FIREFLY_STATUS_URL",
			"value": ""
		},
		{
			"key": "FIREFLY_CANCEL_URL",
			"value": ""
		},
		{
			"key": "INDESIGN_COMPLETED_ASSET_URL",
			"value": ""
		},
		{
			"key": "INDESIGN_STATUS_URL",
			"value": ""
		},
		{
			"key": "STORAGE_ASSET_CONTENT_LENGTH",
			"value": ""
		},
		{
			"key": "STORAGE_ASSET_CONTENT_TYPE",
			"value": ""
		},
		{
			"key": "STORAGE_ASSET_CONTENT_MD5",
			"value": ""
		},
		{
			"key": "PHOTOSHOP_COMPLETED_ASSET_URL",
			"value": ""
		},
		{
			"key": "PHOTOSHOP_STATUS_URL",
			"value": ""
		},
		{
			"key": "PHOTOSHOP_COMPLETED_RENDITION_URL",
			"value": ""
		},
		{
			"key": "LIGHTROOM_COMPLETED_ASSET_URL",
			"value": ""
		},
		{
			"key": "LIGHTROOM_STATUS_URL",
			"value": ""
		},
		{
			"key": "EXPRESS_STATUS_URL",
			"value": ""
		},
		{
			"key": "EXPRESS_RENDITION_URL",
			"value": ""
		},
		{
			"key": "FIREFLY_ASSET_ID",
			"value": ""
		},
		{
			"key": "INDESIGN_DATA_FILE_URL",
			"value": ""
		},
		{
			"key": "INDESIGN_IMAGE_FILE_URL",
			"value": ""
		},
		{
			"key": "FIREFLY_IMAGE_URL",
			"value": ""
		},
		{
			"key": "FIREFLY_COMPLETED_ASSET_URL_ANIMAL",
			"value": ""
		},
		{
			"key": "PHOTOSHOP_STATUS_URL_REMOVE_BG",
			"value": ""
		},
		{
			"key": "PHOTOSHOP_COMPLETED_ASSET_URL_NO_BG",
			"value": ""
		},
		{
			"key": "PHOTOSHOP_COMPLETED_ASSET_URL_PSD",
			"value": ""
		},
		{
			"key": "PHOTOSHOP_STATUS_URL_PNG",
			"value": ""
		},
		{
			"key": "PHOTOSHOP_COMPLETED_ASSET_URL_PNG",
			"value": ""
		},
		{
			"key": "PHOTOSHOP_STATUS_URL_TEXT",
			"value": ""
		},
		{
			"key": "PHOTOSHOP_COMPLETED_ASSET_URL_IMG_TXT_PSD",
			"value": ""
		}
	]
}