{
	"info": {
		"_postman_id": "5080ee24-23b2-4347-8436-aa828222e9a1",
		"name": "FF - Firefly Services Tech Insiders",
		"schema": "https://schema.getpostman.com/json/collection/v2.1.0/collection.json",
		"_exporter_id": "6862362"
	},
	"item": [
		{
			"name": "Photoshop",
			"item": [
				{
					"name": "Upload PSD to Azure Storage Account",
					"request": {
						"auth": {
							"type": "noauth"
						},
						"method": "PUT",
						"header": [
							{
								"key": "x-ms-blob-type",
								"value": "BlockBlob",
								"type": "text"
							}
						],
						"body": {
							"mode": "file",
							"file": {
								"src": "/Users/vangeluw/Desktop/gradient2-p.jpg"
							}
						},
						"url": {
							"raw": "{{AZURE_STORAGE_URL}}/{{AZURE_STORAGE_CONTAINER}}/citisignal-fiber.psd{{AZURE_STORAGE_SAS_WRITE}}",
							"host": [
								"{{AZURE_STORAGE_URL}}"
							],
							"path": [
								"{{AZURE_STORAGE_CONTAINER}}",
								"citisignal-fiber.psd{{AZURE_STORAGE_SAS_WRITE}}"
							]
						}
					},
					"response": []
				},
				{
					"name": "Photoshop Hello (Test Auth.)",
					"request": {
						"auth": {
							"type": "noauth"
						},
						"method": "GET",
						"header": [
							{
								"key": "x-api-key",
								"value": "{{API_KEY}}",
								"type": "text"
							},
							{
								"key": "Authorization",
								"value": "Bearer {{ACCESS_TOKEN}}",
								"type": "text"
							}
						],
						"url": {
							"raw": "https://image.adobe.io/pie/psdService/hello",
							"protocol": "https",
							"host": [
								"image",
								"adobe",
								"io"
							],
							"path": [
								"pie",
								"psdService",
								"hello"
							]
						}
					},
					"response": []
				},
				{
					"name": "Photoshop - Get PSD Manifest",
					"event": [
						{
							"listen": "test",
							"script": {
								"exec": [
									"var json = pm.response.json();",
									"",
									"pm.collectionVariables.set(\"PHOTOSHOP_STATUS_URL\", json._links.self.href);",
									""
								],
								"type": "text/javascript",
								"packages": {}
							}
						}
					],
					"request": {
						"auth": {
							"type": "noauth"
						},
						"method": "POST",
						"header": [
							{
								"key": "x-api-key",
								"value": "{{API_KEY}}",
								"type": "text"
							},
							{
								"key": "Content-Type",
								"value": "application/json",
								"type": "text"
							},
							{
								"key": "Authorization",
								"value": "Bearer {{ACCESS_TOKEN}}",
								"type": "text"
							}
						],
						"body": {
							"mode": "raw",
							"raw": "{\n  \"inputs\": [\n    {\n      \"storage\": \"azure\",\n      \"href\": \"{{AZURE_STORAGE_URL}}/{{AZURE_STORAGE_CONTAINER}}/citisignal-fiber.psd{{AZURE_STORAGE_SAS_READ}}\"\n    }\n  ],\n  \"options\": {\n    \"thumbnails\": {\n      \"type\": \"image/jpeg\"\n    }\n  }\n}",
							"options": {
								"raw": {
									"language": "json"
								}
							}
						},
						"url": {
							"raw": "https://image.adobe.io/pie/psdService/documentManifest",
							"protocol": "https",
							"host": [
								"image",
								"adobe",
								"io"
							],
							"path": [
								"pie",
								"psdService",
								"documentManifest"
							]
						}
					},
					"response": []
				},
				{
					"name": "Photoshop - SmartObject Replace",
					"event": [
						{
							"listen": "test",
							"script": {
								"exec": [
									"var json = pm.response.json();",
									"",
									"pm.collectionVariables.set(\"PHOTOSHOP_STATUS_URL\", json._links.self.href);",
									""
								],
								"type": "text/javascript",
								"packages": {}
							}
						}
					],
					"request": {
						"auth": {
							"type": "noauth"
						},
						"method": "POST",
						"header": [
							{
								"key": "x-api-key",
								"value": "{{API_KEY}}",
								"type": "text"
							},
							{
								"key": "Content-Type",
								"value": "application/json",
								"type": "text"
							},
							{
								"key": "Authorization",
								"value": "Bearer {{ACCESS_TOKEN}}",
								"type": "text"
							}
						],
						"body": {
							"mode": "raw",
							"raw": "{\n    \"inputs\": [\n        {\n            \"storage\": \"azure\",\n            \"href\": \"{{AZURE_STORAGE_URL}}/{{AZURE_STORAGE_CONTAINER}}/citisignal-fiber.psd{{AZURE_STORAGE_SAS_READ}}\"\n        }\n    ],\n    \"options\": {\n        \"layers\": [\n            {\n                \"name\": \"2048x2048-image\",\n                \"input\": {\n                    \"href\": \"{{FIREFLY_COMPLETED_ASSET_URL}}\",\n                    \"storage\": \"external\"\n                }\n            }\n        ]\n    },\n    \"outputs\": [\n        {\n            \"storage\": \"azure\",\n            \"href\": \"{{AZURE_STORAGE_URL}}/{{AZURE_STORAGE_CONTAINER}}/citisignal-fiber-replacedbg.psd{{AZURE_STORAGE_SAS_WRITE}}\",\n            \"type\": \"vnd.adobe.photoshop\",\n            \"overwrite\": true\n        }\n    ]\n}",
							"options": {
								"raw": {
									"language": "json"
								}
							}
						},
						"url": {
							"raw": "https://image.adobe.io/pie/psdService/smartObject",
							"protocol": "https",
							"host": [
								"image",
								"adobe",
								"io"
							],
							"path": [
								"pie",
								"psdService",
								"smartObject"
							]
						}
					},
					"response": []
				},
				{
					"name": "Photoshop - Change Text",
					"event": [
						{
							"listen": "test",
							"script": {
								"exec": [
									"var json = pm.response.json();",
									"",
									"pm.collectionVariables.set(\"PHOTOSHOP_STATUS_URL\", json._links.self.href);",
									""
								],
								"type": "text/javascript",
								"packages": {}
							}
						}
					],
					"request": {
						"auth": {
							"type": "noauth"
						},
						"method": "POST",
						"header": [
							{
								"key": "x-api-key",
								"value": "{{API_KEY}}",
								"type": "text"
							},
							{
								"key": "Content-Type",
								"value": "application/json",
								"type": "text"
							},
							{
								"key": "Authorization",
								"value": "Bearer {{ACCESS_TOKEN}}",
								"type": "text"
							}
						],
						"body": {
							"mode": "raw",
							"raw": "{\n  \"inputs\": [\n    {\n      \"storage\": \"external\",\n      \"href\": \"{{AZURE_STORAGE_URL}}/{{AZURE_STORAGE_CONTAINER}}/citisignal-fiber-replacedbg.psd{{AZURE_STORAGE_SAS_READ}}\"\n    }\n  ],\n  \"options\": {\n    \"layers\": [\n      {\n        \"name\": \"2048x2048-cta\",\n        \"text\": {\n          \"content\": \"Get Fiber now!\"\n        }\n      }\n    ]\n  },\n  \"outputs\": [\n    {\n      \"storage\": \"azure\",\n      \"href\": \"{{AZURE_STORAGE_URL}}/{{AZURE_STORAGE_CONTAINER}}/citisignal-fiber-changed-text.psd{{AZURE_STORAGE_SAS_WRITE}}\",\n      \"type\": \"vnd.adobe.photoshop\",\n      \"overwrite\": true\n    }\n  ]\n}",
							"options": {
								"raw": {
									"language": "json"
								}
							}
						},
						"url": {
							"raw": "https://image.adobe.io/pie/psdService/text",
							"protocol": "https",
							"host": [
								"image",
								"adobe",
								"io"
							],
							"path": [
								"pie",
								"psdService",
								"text"
							]
						}
					},
					"response": []
				},
				{
					"name": "Photoshop - Mask",
					"event": [
						{
							"listen": "test",
							"script": {
								"exec": [
									"var json = pm.response.json();",
									"",
									"pm.collectionVariables.set(\"PHOTOSHOP_STATUS_URL\", json._links.self.href);",
									""
								],
								"type": "text/javascript",
								"packages": {}
							}
						}
					],
					"request": {
						"auth": {
							"type": "noauth"
						},
						"method": "POST",
						"header": [
							{
								"key": "x-api-key",
								"value": "{{API_KEY}}",
								"type": "text"
							},
							{
								"key": "Content-Type",
								"value": "application/json",
								"type": "text"
							},
							{
								"key": "Authorization",
								"value": "Bearer {{ACCESS_TOKEN}}",
								"type": "text"
							}
						],
						"body": {
							"mode": "raw",
							"raw": "{\n    \"input\": {\n        \"href\": \"{{AZURE_STORAGE_URL}}/{{AZURE_STORAGE_CONTAINER}}/IMG_0715.png{{AZURE_STORAGE_SAS_READ}}\",\n        \"storage\": \"azure\"\n    },\n    \"options\": {\n        \"optimize\": \"performance\",\n        \"process\": {\n            \"postprocess\": true\n        },\n        \"service\": {\n            \"version\": \"4.0\"\n        }\n    },\n    \"output\": {\n        \"href\": \"{{AZURE_STORAGE_URL}}/{{AZURE_STORAGE_CONTAINER}}/mask.png{{AZURE_STORAGE_SAS_WRITE}}\",\n        \"storage\": \"azure\",\n        \"overwrite\": true,\n        \"color\": {\n            \"space\": \"rgb\"\n        },\n        \"mask\": {\n            \"format\": \"soft\"\n        }\n    }\n}",
							"options": {
								"raw": {
									"language": "json"
								}
							}
						},
						"url": {
							"raw": "https://image.adobe.io/sensei/mask",
							"protocol": "https",
							"host": [
								"image",
								"adobe",
								"io"
							],
							"path": [
								"sensei",
								"mask"
							]
						}
					},
					"response": []
				},
				{
					"name": "Photoshop -  Get PS Status",
					"event": [
						{
							"listen": "test",
							"script": {
								"exec": [
									"var json = pm.response.json();",
									"",
									"if(json.status == \"succeeded\" || json.outputs[0].status == \"succeeded\"){",
									"    //Only set if the response contains an output",
									"    if(json.output && json.output.href){",
									"        pm.collectionVariables.set(\"PHOTOSHOP_COMPLETED_ASSET_URL\", json.output.href);",
									"    }",
									"    pm.collectionVariables.set(\"PHOTOSHOP_RESPONSE_JSON\", JSON.stringify(json)); ",
									"}",
									"",
									""
								],
								"type": "text/javascript",
								"packages": {}
							}
						},
						{
							"listen": "prerequest",
							"script": {
								"exec": [
									""
								],
								"type": "text/javascript",
								"packages": {}
							}
						}
					],
					"request": {
						"auth": {
							"type": "noauth"
						},
						"method": "GET",
						"header": [
							{
								"key": "x-api-key",
								"value": "{{API_KEY}}",
								"type": "text"
							},
							{
								"key": "Authorization",
								"value": "Bearer {{ACCESS_TOKEN}}",
								"type": "text"
							}
						],
						"url": {
							"raw": "{{PHOTOSHOP_STATUS_URL}}",
							"host": [
								"{{PHOTOSHOP_STATUS_URL}}"
							]
						}
					},
					"response": []
				}
			],
			"auth": {
				"type": "bearer",
				"bearer": [
					{
						"key": "token",
						"value": "{{IMS_TOKEN}}",
						"type": "string"
					}
				]
			},
			"event": [
				{
					"listen": "prerequest",
					"script": {
						"type": "text/javascript",
						"packages": {},
						"exec": [
							""
						]
					}
				},
				{
					"listen": "test",
					"script": {
						"type": "text/javascript",
						"packages": {},
						"exec": [
							""
						]
					}
				}
			]
		},
		{
			"name": "Firefly",
			"item": [
				{
					"name": "Firefly - T2I V3 async",
					"event": [
						{
							"listen": "test",
							"script": {
								"exec": [
									"var json = pm.response.json()\r",
									"\r",
									"if(json.statusUrl){\r",
									"    pm.collectionVariables.set(\"FIREFLY_STATUS_REPORT_URL\", json.statusUrl);\r",
									"}\r",
									"\r",
									"if(json.outputs){\r",
									"    pm.collectionVariables.set(\"FIREFLY_COMPLETED_ASSET_URL\", json.outputs[0].image.url);\r",
									"}"
								],
								"type": "text/javascript",
								"packages": {}
							}
						},
						{
							"listen": "prerequest",
							"script": {
								"exec": [
									"var prompt = \"Horses in a field\"",
									"",
									"",
									"pm.variables.set(\"FIREFLY_IMAGE_PROMPT\", prompt)"
								],
								"type": "text/javascript",
								"packages": {}
							}
						}
					],
					"request": {
						"auth": {
							"type": "noauth"
						},
						"method": "POST",
						"header": [
							{
								"key": "x-api-key",
								"value": "{{API_KEY}}",
								"type": "text"
							},
							{
								"key": "Authorization",
								"value": "Bearer {{ACCESS_TOKEN}}",
								"type": "text"
							}
						],
						"body": {
							"mode": "raw",
							"raw": "{\r\n  \"numVariations\": 1,\r\n  \"size\": {\r\n    \"width\": 2048,\r\n    \"height\": 2048\r\n  },\r\n  \"prompt\": \"Horses in a field\",\r\n  \"promptBiasingLocaleCode\": \"en-US\"\r\n}",
							"options": {
								"raw": {
									"language": "json"
								}
							}
						},
						"url": {
							"raw": "https://firefly-api.adobe.io/v3/images/generate-async",
							"protocol": "https",
							"host": [
								"firefly-api",
								"adobe",
								"io"
							],
							"path": [
								"v3",
								"images",
								"generate-async"
							]
						}
					},
					"response": []
				},
				{
					"name": "Firefly - T2I (styleref) V3 async",
					"event": [
						{
							"listen": "test",
							"script": {
								"exec": [
									"var json = pm.response.json()\r",
									"\r",
									"if(json.statusUrl){\r",
									"    pm.collectionVariables.set(\"FIREFLY_STATUS_REPORT_URL\", json.statusUrl);\r",
									"}\r",
									"\r",
									"if(json.outputs){\r",
									"    pm.collectionVariables.set(\"FIREFLY_IMAGE_URL\", json.outputs[0].image.url);\r",
									"    pm.collectionVariables.set(\"FIREFLY_COMPLETED_ASSET_URL\", json.outputs[0].image.url);\r",
									"}"
								],
								"type": "text/javascript",
								"packages": {}
							}
						}
					],
					"request": {
						"auth": {
							"type": "noauth"
						},
						"method": "POST",
						"header": [
							{
								"key": "x-api-key",
								"value": "{{API_KEY}}",
								"type": "text"
							},
							{
								"key": "Authorization",
								"value": "Bearer {{ACCESS_TOKEN}}",
								"type": "text"
							}
						],
						"body": {
							"mode": "raw",
							"raw": "{\r\n  \"numVariations\": 1,\r\n  \"size\": {\r\n    \"width\": 1024,\r\n    \"height\": 1024\r\n  },\r\n  \"prompt\": \"Horses in a field\",\r\n  \"promptBiasingLocaleCode\": \"en-US\",\r\n  \"style\": {\r\n    \"strength\": 100,\r\n    \"imageReference\": {\r\n        \"source\": {\r\n            \"url\": \"https://XXX.blob.core.windows.net/XXX/gradient.jpg?XXX\"\r\n        }\r\n    }\r\n  }\r\n}",
							"options": {
								"raw": {
									"language": "json"
								}
							}
						},
						"url": {
							"raw": "https://firefly-api.adobe.io/v3/images/generate-async",
							"protocol": "https",
							"host": [
								"firefly-api",
								"adobe",
								"io"
							],
							"path": [
								"v3",
								"images",
								"generate-async"
							]
						}
					},
					"response": []
				},
				{
					"name": "Firefly - T2I (styleref + structureref) V3 async",
					"event": [
						{
							"listen": "test",
							"script": {
								"exec": [
									"var json = pm.response.json()\r",
									"\r",
									"if(json.statusUrl){\r",
									"    pm.collectionVariables.set(\"FIREFLY_STATUS_REPORT_URL\", json.statusUrl);\r",
									"}\r",
									"\r",
									"if(json.outputs){\r",
									"    pm.collectionVariables.set(\"FIREFLY_IMAGE_URL\", json.outputs[0].image.url);\r",
									"}"
								],
								"type": "text/javascript",
								"packages": {}
							}
						}
					],
					"request": {
						"method": "POST",
						"header": [
							{
								"key": "x-api-key",
								"value": "{{API_KEY}}",
								"type": "text"
							},
							{
								"key": "Authorization",
								"value": "Bearer {{ACCESS_TOKEN}}",
								"type": "text"
							}
						],
						"body": {
							"mode": "raw",
							"raw": "{\r\n  \"numVariations\": 1,\r\n  \"size\": {\r\n    \"width\": 1024,\r\n    \"height\": 1024\r\n  },\r\n  \"prompt\": \"{{FIREFLY_IMAGE_PROMPT}}\",\r\n  \"promptBiasingLocaleCode\": \"en-US\",\r\n  \"style\": {\r\n    \"strength\": 100,\r\n    \"imageReference\": {\r\n        \"source\": {\r\n            \"uploadId\": \"{{FIREFLY_STYLE_REFERENCE_IMAGE_ID}}\"\r\n        }\r\n    }\r\n  },\r\n  \"structure\": {\r\n    \"strength\": 100,\r\n    \"imageReference\": {\r\n        \"source\": {\r\n            \"uploadId\": \"{{FIREFLY_STRUCTURE_REFERENCE_IMAGE_ID}}\"\r\n        }\r\n    }\r\n  }\r\n}",
							"options": {
								"raw": {
									"language": "json"
								}
							}
						},
						"url": {
							"raw": "https://firefly-api.adobe.io/v3/images/generate-async",
							"protocol": "https",
							"host": [
								"firefly-api",
								"adobe",
								"io"
							],
							"path": [
								"v3",
								"images",
								"generate-async"
							]
						}
					},
					"response": []
				},
				{
					"name": "Firefly - Gen Expand async",
					"event": [
						{
							"listen": "test",
							"script": {
								"exec": [
									"var json = pm.response.json()",
									"",
									"if(json.statusUrl){",
									"    pm.collectionVariables.set(\"FIREFLY_STATUS_REPORT_URL\", json.statusUrl);",
									"}",
									"",
									"if(json.outputs){",
									"    pm.collectionVariables.set(\"FIREFLY_COMPLETED_ASSET_URL\", json.outputs[0].image.url);",
									"}"
								],
								"type": "text/javascript",
								"packages": {}
							}
						}
					],
					"request": {
						"method": "POST",
						"header": [
							{
								"key": "x-api-key",
								"value": "{{API_KEY}}",
								"type": "text"
							},
							{
								"key": "Authorization",
								"value": "Bearer {{ACCESS_TOKEN}}",
								"type": "text"
							}
						],
						"body": {
							"mode": "raw",
							"raw": "{\n  \"numVariations\": 1,\n  \"size\": {\n    \"width\": 3999,\n    \"height\": 3999\n  },\n  \"image\": {\n    \"source\": {\n      \"url\": \"{{FIREFLY_COMPLETED_ASSET_URL}}\"\n    }\n    \n  },\n  \"placement\": {\n    \"alignment\": {\n      \"horizontal\": \"center\",\n      \"vertical\": \"center\"\n    }\n  }\n}",
							"options": {
								"raw": {
									"language": "json"
								}
							}
						},
						"url": {
							"raw": "https://firefly-api.adobe.io/v3/images/expand-async",
							"protocol": "https",
							"host": [
								"firefly-api",
								"adobe",
								"io"
							],
							"path": [
								"v3",
								"images",
								"expand-async"
							]
						},
						"description": "A variable GenExpand operation with variables that suppports running as batch with CSV. Sample file: [genexpand.csv](https://adobe.sharepoint.com/:x:/r/sites/DMeEntPMMHub/Shared%20Documents/FY24%20Solutions/Demos/Demo%20Assets/genexpand.csv?d=wbbe7490e66a54b908c2b8759a85db17c&csf=1&web=1&e=yMhRXV)"
					},
					"response": []
				},
				{
					"name": "Firefly - T2I V4",
					"event": [
						{
							"listen": "test",
							"script": {
								"exec": [
									"var json = pm.response.json()\r",
									"\r",
									"if(json){\r",
									"    pm.collectionVariables.set(\"FIREFLY_STATUS_REPORT_URL\", json.statusUrl);\r",
									"}"
								],
								"type": "text/javascript",
								"packages": {}
							}
						},
						{
							"listen": "prerequest",
							"script": {
								"exec": [
									"var prompt = \"Horses in a field\"",
									"",
									"",
									"pm.variables.set(\"FIREFLY_IMAGE_PROMPT\", prompt)"
								],
								"type": "text/javascript",
								"packages": {}
							}
						}
					],
					"request": {
						"auth": {
							"type": "noauth"
						},
						"method": "POST",
						"header": [
							{
								"key": "x-api-key",
								"value": "{{API_KEY}}",
								"type": "text"
							},
							{
								"key": "Authorization",
								"value": "Bearer {{ACCESS_TOKEN}}",
								"type": "text"
							},
							{
								"key": "x-model-version",
								"value": "image4_ultra",
								"type": "text"
							}
						],
						"body": {
							"mode": "raw",
							"raw": "{\r\n  \"numVariations\": 1,\r\n  \"size\": {\r\n    \"width\": 2048,\r\n    \"height\": 2048\r\n  },\r\n  \"prompt\": \"horses in a field\",\r\n  \"negativePrompt\": \"no flowers\",\r\n  \"promptBiasingLocaleCode\": \"en-US\"\r\n}",
							"options": {
								"raw": {
									"language": "json"
								}
							}
						},
						"url": {
							"raw": "https://firefly-api.adobe.io/v3/images/generate-async",
							"protocol": "https",
							"host": [
								"firefly-api",
								"adobe",
								"io"
							],
							"path": [
								"v3",
								"images",
								"generate-async"
							]
						}
					},
					"response": []
				},
				{
					"name": "Firefly - Get Status Report",
					"event": [
						{
							"listen": "test",
							"script": {
								"exec": [
									"var json = pm.response.json()",
									"",
									"if(json.result.outputs){",
									"    pm.collectionVariables.set(\"FIREFLY_COMPLETED_ASSET_URL\", json.result.outputs[0].image.url);",
									"}"
								],
								"type": "text/javascript",
								"packages": {}
							}
						},
						{
							"listen": "prerequest",
							"script": {
								"exec": [
									"var prompt = \"Horses in a field\"",
									"",
									"",
									"pm.variables.set(\"FIREFLY_IMAGE_PROMPT\", prompt)"
								],
								"type": "text/javascript",
								"packages": {}
							}
						}
					],
					"request": {
						"auth": {
							"type": "noauth"
						},
						"method": "GET",
						"header": [
							{
								"key": "x-api-key",
								"value": "{{API_KEY}}",
								"type": "text"
							},
							{
								"key": "Authorization",
								"value": "Bearer {{ACCESS_TOKEN}}",
								"type": "text"
							}
						],
						"url": {
							"raw": "{{FIREFLY_STATUS_REPORT_URL}}",
							"host": [
								"{{FIREFLY_STATUS_REPORT_URL}}"
							]
						}
					},
					"response": []
				},
				{
					"name": "Firefly - Upload File to Firefly",
					"event": [
						{
							"listen": "test",
							"script": {
								"exec": [
									"var json = pm.response.json()",
									"",
									"if(json.images){",
									"    pm.collectionVariables.set(\"FIREFLY_UPLOADED_IMAGE_ID\", json.images[0].id);",
									"}"
								],
								"type": "text/javascript",
								"packages": {}
							}
						}
					],
					"request": {
						"method": "POST",
						"header": [
							{
								"key": "x-api-key",
								"value": "{{API_KEY}}",
								"type": "text"
							},
							{
								"key": "Authorization",
								"value": "Bearer {{ACCESS_TOKEN}}",
								"type": "text"
							}
						],
						"body": {
							"mode": "file",
							"file": {
								"src": "/Users/vangeluw/Desktop/source-person-photo-1.webp"
							}
						},
						"url": {
							"raw": "https://firefly-api.adobe.io/v2/storage/image",
							"protocol": "https",
							"host": [
								"firefly-api",
								"adobe",
								"io"
							],
							"path": [
								"v2",
								"storage",
								"image"
							]
						},
						"description": "A variable GenExpand operation with variables that suppports running as batch with CSV. Sample file: [genexpand.csv](https://adobe.sharepoint.com/:x:/r/sites/DMeEntPMMHub/Shared%20Documents/FY24%20Solutions/Demos/Demo%20Assets/genexpand.csv?d=wbbe7490e66a54b908c2b8759a85db17c&csf=1&web=1&e=yMhRXV)"
					},
					"response": []
				},
				{
					"name": "Firefly - Gen Fill async",
					"event": [
						{
							"listen": "test",
							"script": {
								"exec": [
									"var json = pm.response.json()",
									"",
									"if(json){",
									"    pm.collectionVariables.set(\"FIREFLY_STATUS_REPORT_URL\", json.statusUrl);",
									"}"
								],
								"type": "text/javascript",
								"packages": {}
							}
						}
					],
					"request": {
						"method": "POST",
						"header": [
							{
								"key": "x-api-key",
								"value": "{{API_KEY}}",
								"type": "text"
							},
							{
								"key": "Authorization",
								"value": "Bearer {{ACCESS_TOKEN}}",
								"type": "text"
							},
							{
								"key": "Content-Type",
								"value": "application/json",
								"type": "text"
							}
						],
						"body": {
							"mode": "raw",
							"raw": "{\n  \"image\": {\n    \"source\": {\n      \"uploadId\": \"2c0bdd6c-6cbc-45de-9957-02b1ed9ebc22\"\n    }\n  },\n  \"mask\": {\n    \"invert\": false,\n    \"source\": {\n      \"uploadId\": \"d21ccf00-830b-4fcf-84c6-0958108bc800\"\n    }\n  },\n  \"numVariations\": 1,\n  \"prompt\": \"A professional background for corporate headshots, blending a smooth gradient in neutral tones (e.g., gray, beige, or light blue) with subtle abstract artistic elements. Include elegant geometric shapes, soft brushstroke patterns, or layered textures that provide a modern and sophisticated appearance without overpowering the subject. The abstract elements should create depth and interest while maintaining a clean, polished, and corporate-appropriate aesthetic.\",\n  \"promptBiasingLocaleCode\": \"en-US\"\n}",
							"options": {
								"raw": {
									"language": "json"
								}
							}
						},
						"url": {
							"raw": "https://firefly-api.adobe.io/v3/images/fill-async",
							"protocol": "https",
							"host": [
								"firefly-api",
								"adobe",
								"io"
							],
							"path": [
								"v3",
								"images",
								"fill-async"
							]
						},
						"description": "A variable GenExpand operation with variables that suppports running as batch with CSV. Sample file: [genexpand.csv](https://adobe.sharepoint.com/:x:/r/sites/DMeEntPMMHub/Shared%20Documents/FY24%20Solutions/Demos/Demo%20Assets/genexpand.csv?d=wbbe7490e66a54b908c2b8759a85db17c&csf=1&web=1&e=yMhRXV)"
					},
					"response": []
				}
			],
			"auth": {
				"type": "bearer",
				"bearer": [
					{
						"key": "token",
						"value": "{{IMS_TOKEN}}",
						"type": "string"
					}
				]
			},
			"event": [
				{
					"listen": "prerequest",
					"script": {
						"type": "text/javascript",
						"packages": {},
						"exec": [
							""
						]
					}
				},
				{
					"listen": "test",
					"script": {
						"type": "text/javascript",
						"packages": {},
						"exec": [
							""
						]
					}
				}
			]
		},
		{
			"name": "FF - Custom Models API",
			"item": [
				{
					"name": "1. FF - getCustomModels",
					"event": [
						{
							"listen": "test",
							"script": {
								"exec": [
									"var json = pm.response.json()\r",
									"\r",
									"if(json.custom_models){\r",
									"    pm.collectionVariables.set(\"FIREFLY_CUSTOM_MODEL_ASSET_URL\", json.custom_models[0].assetId);\r",
									"}"
								],
								"type": "text/javascript",
								"packages": {}
							}
						},
						{
							"listen": "prerequest",
							"script": {
								"exec": [
									"var prompt = \"Horses in a field\"",
									"",
									"",
									"pm.variables.set(\"FIREFLY_IMAGE_PROMPT\", prompt)"
								],
								"type": "text/javascript",
								"packages": {}
							}
						}
					],
					"protocolProfileBehavior": {
						"disableBodyPruning": true
					},
					"request": {
						"auth": {
							"type": "noauth"
						},
						"method": "GET",
						"header": [
							{
								"key": "x-api-key",
								"value": "{{API_KEY}}",
								"type": "text"
							},
							{
								"key": "Authorization",
								"value": "Bearer {{ACCESS_TOKEN}}",
								"type": "text"
							}
						],
						"body": {
							"mode": "raw",
							"raw": "",
							"options": {
								"raw": {
									"language": "json"
								}
							}
						},
						"url": {
							"raw": "https://firefly-api.adobe.io/v3/custom-models",
							"protocol": "https",
							"host": [
								"firefly-api",
								"adobe",
								"io"
							],
							"path": [
								"v3",
								"custom-models"
							]
						}
					},
					"response": []
				},
				{
					"name": "2. Generate Images Async",
					"event": [
						{
							"listen": "test",
							"script": {
								"exec": [
									"var jsonData = pm.response.json();",
									"pm.collectionVariables.set(\"CUSTOM_MODEL_JOBID\", jsonData.jobId);",
									"pm.collectionVariables.set(\"CUSTOM_MODEL_STATUS_URL\", jsonData.statusUrl);"
								],
								"type": "text/javascript",
								"packages": {}
							}
						}
					],
					"protocolProfileBehavior": {
						"followRedirects": true,
						"disableUrlEncoding": false,
						"disableCookies": false
					},
					"request": {
						"auth": {
							"type": "noauth"
						},
						"method": "POST",
						"header": [
							{
								"key": "Content-Type",
								"value": "application/json"
							},
							{
								"key": "User-Agent",
								"value": "insomnia/8.2.0"
							},
							{
								"key": "Accept",
								"value": "application/json"
							},
							{
								"key": "x-accept-mimetype",
								"value": "image/jpeg"
							},
							{
								"key": "x-model-version",
								"value": "image4_custom"
							},
							{
								"key": "x-api-key",
								"value": "{{API_KEY}}"
							},
							{
								"key": "Authorization",
								"value": "Bearer {{ACCESS_TOKEN}}"
							}
						],
						"body": {
							"mode": "raw",
							"raw": "{\n    \"numVariations\": 2,\n    \n    \"size\": {\n        \"width\": 2048,\n        \"height\": 2048\n    },\n    \"prompt\": \"a white CitiSignal router on a colourful background\",\n    \"negativePrompt\": \"red\",\n    \"contentClass\": \"photo\",\n    \"visualIntensity\": 6,\n    \"style\": {\n        \"presets\": [\n            \"painting\"\n        ],\n        \"strength\": 50\n    },\n    \"promptBiasingLocaleCode\": \"en-US\",\n    \"customModelId\": \"{{FIREFLY_CUSTOM_MODEL_ASSET_URL}}\"\n}",
							"options": {
								"raw": {
									"language": "json"
								}
							}
						},
						"url": {
							"raw": "https://firefly-api.adobe.io/v3/images/generate-async",
							"protocol": "https",
							"host": [
								"firefly-api",
								"adobe",
								"io"
							],
							"path": [
								"v3",
								"images",
								"generate-async"
							]
						}
					},
					"response": []
				},
				{
					"name": "3. Get CM Status",
					"request": {
						"method": "GET",
						"header": [
							{
								"key": "x-api-key",
								"value": "{{API_KEY}}",
								"type": "text"
							},
							{
								"key": "Authorization",
								"value": "Bearer {{ACCESS_TOKEN}}",
								"type": "text"
							}
						],
						"url": {
							"raw": "https://firefly-api.adobe.io/v3/status/{{CUSTOM_MODEL_JOBID}}",
							"protocol": "https",
							"host": [
								"firefly-api",
								"adobe",
								"io"
							],
							"path": [
								"v3",
								"status",
								"{{CUSTOM_MODEL_JOBID}}"
							]
						}
					},
					"response": []
				},
				{
					"name": "4. Cancel CM Job",
					"request": {
						"method": "GET",
						"header": [
							{
								"key": "x-api-key",
								"value": "{{API_KEY}}",
								"type": "text"
							},
							{
								"key": "Authorization",
								"value": "Bearer {{ACCESS_TOKEN}}",
								"type": "text"
							}
						],
						"url": {
							"raw": "https://firefly-api.adobe.io/v3/status/{{CUSTOM_MODEL_JOBID}}",
							"protocol": "https",
							"host": [
								"firefly-api",
								"adobe",
								"io"
							],
							"path": [
								"v3",
								"status",
								"{{CUSTOM_MODEL_JOBID}}"
							]
						}
					},
					"response": []
				}
			]
		},
		{
			"name": "Upload file to Azure Storage Account + Variables",
			"request": {
				"auth": {
					"type": "noauth"
				},
				"method": "PUT",
				"header": [
					{
						"key": "x-ms-blob-type",
						"value": "BlockBlob",
						"type": "text"
					}
				],
				"body": {
					"mode": "file",
					"file": {
						"src": "/Users/vangeluw/Desktop/gradient2-p.jpg"
					}
				},
				"url": {
					"raw": "{{AZURE_STORAGE_URL}}/{{AZURE_STORAGE_CONTAINER}}/file.jpg?{{AZURE_STORAGE_SAS_WRITE}}",
					"host": [
						"{{AZURE_STORAGE_URL}}"
					],
					"path": [
						"{{AZURE_STORAGE_CONTAINER}}",
						"file.jpg"
					],
					"query": [
						{
							"key": "{{AZURE_STORAGE_SAS_WRITE}}",
							"value": null
						}
					]
				}
			},
			"response": []
		}
	],
	"event": [
		{
			"listen": "prerequest",
			"script": {
				"type": "text/javascript",
				"packages": {},
				"exec": [
					""
				]
			}
		},
		{
			"listen": "test",
			"script": {
				"type": "text/javascript",
				"packages": {},
				"exec": [
					""
				]
			}
		}
	],
	"variable": [
		{
			"key": "IMS_TOKEN",
			"value": ""
		},
		{
			"key": "STORAGE_ASSET_NAME",
			"value": ""
		},
		{
			"key": "STORAGE_ASSET_URL",
			"value": ""
		},
		{
			"key": "PHOTOSHOP_RESPONSE_JSON",
			"value": ""
		},
		{
			"key": "FIREFLY_COMPLETED_ASSET_URL",
			"value": ""
		},
		{
			"key": "FIREFLY_STATUS_URL",
			"value": ""
		},
		{
			"key": "FIREFLY_CANCEL_URL",
			"value": ""
		},
		{
			"key": "INDESIGN_COMPLETED_ASSET_URL",
			"value": ""
		},
		{
			"key": "INDESIGN_STATUS_URL",
			"value": ""
		},
		{
			"key": "STORAGE_ASSET_CONTENT_LENGTH",
			"value": ""
		},
		{
			"key": "STORAGE_ASSET_CONTENT_TYPE",
			"value": ""
		},
		{
			"key": "STORAGE_ASSET_CONTENT_MD5",
			"value": ""
		},
		{
			"key": "PHOTOSHOP_COMPLETED_ASSET_URL",
			"value": ""
		},
		{
			"key": "PHOTOSHOP_STATUS_URL",
			"value": ""
		},
		{
			"key": "PHOTOSHOP_COMPLETED_RENDITION_URL",
			"value": ""
		},
		{
			"key": "LIGHTROOM_COMPLETED_ASSET_URL",
			"value": ""
		},
		{
			"key": "LIGHTROOM_STATUS_URL",
			"value": ""
		},
		{
			"key": "EXPRESS_STATUS_URL",
			"value": ""
		},
		{
			"key": "EXPRESS_RENDITION_URL",
			"value": ""
		},
		{
			"key": "FIREFLY_ASSET_ID",
			"value": ""
		},
		{
			"key": "INDESIGN_DATA_FILE_URL",
			"value": ""
		},
		{
			"key": "INDESIGN_IMAGE_FILE_URL",
			"value": ""
		},
		{
			"key": "FIREFLY_IMAGE_URL",
			"value": ""
		},
		{
			"key": "FIREFLY_COMPLETED_ASSET_URL_ANIMAL",
			"value": ""
		},
		{
			"key": "PHOTOSHOP_STATUS_URL_REMOVE_BG",
			"value": ""
		},
		{
			"key": "PHOTOSHOP_COMPLETED_ASSET_URL_NO_BG",
			"value": ""
		},
		{
			"key": "PHOTOSHOP_COMPLETED_ASSET_URL_PSD",
			"value": ""
		},
		{
			"key": "PHOTOSHOP_STATUS_URL_PNG",
			"value": ""
		},
		{
			"key": "PHOTOSHOP_COMPLETED_ASSET_URL_PNG",
			"value": ""
		},
		{
			"key": "PHOTOSHOP_STATUS_URL_TEXT",
			"value": ""
		},
		{
			"key": "PHOTOSHOP_COMPLETED_ASSET_URL_IMG_TXT_PSD",
			"value": ""
		},
		{
			"key": "FIREFLY_STATUS_REPORT_URL_V4",
			"value": ""
		},
		{
			"key": "FIREFLY_COMPLETED_ASSET_URL_V4",
			"value": ""
		},
		{
			"key": "FIREFLY_UPLOADED_IMAGE_ID",
			"value": ""
		},
		{
			"key": "FIREFLY_STATUS_REPORT_URL",
			"value": ""
		},
		{
			"key": "FIREFLY_CUSTOM_MODEL_ASSET_URL",
			"value": ""
		},
		{
			"key": "CUSTOM_MODEL_JOBID",
			"value": ""
		},
		{
			"key": "CUSTOM_MODEL_STATUS_URL",
			"value": ""
		}
	]
}