{
	"info": {
		"_postman_id": "0c56cbae-e7b5-4746-b8cf-d9cc9e1c24ef",
		"name": "FF - Firefly Services Tech Insiders",
		"schema": "https://schema.getpostman.com/json/collection/v2.1.0/collection.json",
		"_exporter_id": "790650"
	},
	"item": [
		{
			"name": "External Storage",
			"item": [
				{
					"name": "Azure - Upload Asset",
					"event": [
						{
							"listen": "prerequest",
							"script": {
								"exec": [
									"var uuid = require('uuid');\r",
									"\r",
									"var filePath = pm.request.body.file.src;\r",
									"var fileName = filePath.substring(filePath.lastIndexOf('/')+1, filePath.length)\r",
									"\r",
									"pm.collectionVariables.set(\"STORAGE_ASSET_NAME\", `${uuid.v4()}-${fileName}`)"
								],
								"type": "text/javascript",
								"packages": {}
							}
						},
						{
							"listen": "test",
							"script": {
								"exec": [
									"pm.collectionVariables.set(\"STORAGE_ASSET_URL\", pm.request.url.toString())"
								],
								"type": "text/javascript",
								"packages": {}
							}
						}
					],
					"request": {
						"method": "PUT",
						"header": [
							{
								"key": "x-ms-blob-type",
								"value": "BlockBlob",
								"type": "text"
							}
						],
						"body": {
							"mode": "file",
							"file": {
								"src": "/Users/marcelboucher/Desktop/Demos/result-blouse-recolor.psd-200-200-200.jpg"
							}
						},
						"url": {
							"raw": "{{AZURE_STORAGE_URL}}/{{AZURE_STORAGE_CONTAINER}}/{{STORAGE_ASSET_NAME}}?{{AZURE_STORAGE_SAS}}",
							"host": [
								"{{AZURE_STORAGE_URL}}"
							],
							"path": [
								"{{AZURE_STORAGE_CONTAINER}}",
								"{{STORAGE_ASSET_NAME}}"
							],
							"query": [
								{
									"key": "{{AZURE_STORAGE_SAS}}",
									"value": null
								}
							]
						}
					},
					"response": []
				},
				{
					"name": "Azure - Get Asset HEAD",
					"event": [
						{
							"listen": "prerequest",
							"script": {
								"exec": [
									""
								],
								"type": "text/javascript",
								"packages": {}
							}
						},
						{
							"listen": "test",
							"script": {
								"exec": [
									"pm.collectionVariables.set(\"STORAGE_ASSET_CONTENT_LENGTH\", pm.response.headers.get(\"Content-Length\"))",
									"pm.collectionVariables.set(\"STORAGE_ASSET_CONTENT_TYPE\", pm.response.headers.get(\"Content-Type\"))",
									"pm.collectionVariables.set(\"STORAGE_ASSET_CONTENT_MD5\", pm.response.headers.get(\"Content-MD5\"))"
								],
								"type": "text/javascript",
								"packages": {}
							}
						}
					],
					"request": {
						"method": "HEAD",
						"header": [
							{
								"key": "x-ms-blob-type",
								"value": "BlockBlob",
								"type": "text"
							}
						],
						"url": {
							"raw": "{{STORAGE_ASSET_URL}}",
							"host": [
								"{{STORAGE_ASSET_URL}}"
							]
						}
					},
					"response": []
				},
				{
					"name": "Azure - Delete Asset",
					"event": [
						{
							"listen": "prerequest",
							"script": {
								"exec": [
									""
								],
								"type": "text/javascript",
								"packages": {}
							}
						},
						{
							"listen": "test",
							"script": {
								"exec": [
									""
								],
								"type": "text/javascript",
								"packages": {}
							}
						}
					],
					"request": {
						"method": "DELETE",
						"header": [
							{
								"key": "x-ms-blob-type",
								"value": "BlockBlob",
								"type": "text"
							}
						],
						"url": {
							"raw": "{{STORAGE_ASSET_URL}}",
							"host": [
								"{{STORAGE_ASSET_URL}}"
							]
						}
					},
					"response": []
				},
				{
					"name": "Azure - Signed URL",
					"request": {
						"method": "GET",
						"header": [],
						"url": {
							"raw": ""
						}
					},
					"response": []
				}
			]
		},
		{
			"name": "Photoshop",
			"item": [
				{
					"name": "Photoshop Hello (Test Auth.)",
					"request": {
						"method": "GET",
						"header": [
							{
								"key": "x-api-key",
								"value": "{{IMS_CLIENT_ID}}",
								"type": "text"
							}
						],
						"url": {
							"raw": "{{PHOTOSHOP_URL}}/pie/psdService/hello",
							"host": [
								"{{PHOTOSHOP_URL}}"
							],
							"path": [
								"pie",
								"psdService",
								"hello"
							]
						}
					},
					"response": []
				},
				{
					"name": "Photoshop - Get PSD Manifest",
					"event": [
						{
							"listen": "test",
							"script": {
								"exec": [
									"var json = pm.response.json();",
									"",
									"pm.collectionVariables.set(\"PHOTOSHOP_STATUS_URL\", json._links.self.href);",
									""
								],
								"type": "text/javascript",
								"packages": {}
							}
						}
					],
					"request": {
						"method": "POST",
						"header": [
							{
								"key": "x-api-key",
								"value": "{{IMS_CLIENT_ID}}",
								"type": "text"
							}
						],
						"body": {
							"mode": "raw",
							"raw": "{\n  \"inputs\": [\n    {\n      \"storage\": \"external\",\n      \"href\": \"{{STORAGE_ASSET_URL}}\"\n    }\n  ],\n  \"options\": {\n    \"thumbnails\": {\n      \"type\": \"image/jpeg\"\n    }\n  }\n}",
							"options": {
								"raw": {
									"language": "json"
								}
							}
						},
						"url": {
							"raw": "{{PHOTOSHOP_URL}}/pie/psdService/documentManifest",
							"host": [
								"{{PHOTOSHOP_URL}}"
							],
							"path": [
								"pie",
								"psdService",
								"documentManifest"
							]
						}
					},
					"response": []
				},
				{
					"name": "Photoshop -  Get PS Status",
					"event": [
						{
							"listen": "test",
							"script": {
								"exec": [
									"var json = pm.response.json();",
									"",
									"if(json.status == \"succeeded\" || json.outputs[0].status == \"succeeded\"){",
									"    //Only set if the response contains an output",
									"    if(json.output && json.output.href){",
									"        pm.collectionVariables.set(\"PHOTOSHOP_COMPLETED_ASSET_URL\", json.output.href);",
									"    }",
									"    pm.collectionVariables.set(\"PHOTOSHOP_RESPONSE_JSON\", JSON.stringify(json)); ",
									"}",
									"",
									""
								],
								"type": "text/javascript",
								"packages": {}
							}
						},
						{
							"listen": "prerequest",
							"script": {
								"exec": [
									""
								],
								"type": "text/javascript",
								"packages": {}
							}
						}
					],
					"request": {
						"method": "GET",
						"header": [
							{
								"key": "x-api-key",
								"value": "{{IMS_CLIENT_ID}}",
								"type": "text"
							}
						],
						"url": {
							"raw": "{{PHOTOSHOP_STATUS_URL}}",
							"host": [
								"{{PHOTOSHOP_STATUS_URL}}"
							]
						}
					},
					"response": []
				},
				{
					"name": "Photoshop - Create Renditions",
					"event": [
						{
							"listen": "test",
							"script": {
								"exec": [
									"var json = pm.response.json();",
									"",
									"pm.collectionVariables.set(\"PHOTOSHOP_STATUS_URL\", json._links.self.href);",
									""
								],
								"type": "text/javascript",
								"packages": {}
							}
						},
						{
							"listen": "prerequest",
							"script": {
								"exec": [
									"var uuid = require('uuid');",
									"",
									"var sourceUrl = pm.collectionVariables.get(\"STORAGE_ASSET_URL\")",
									"",
									"var parts = sourceUrl.split('?') //Split URL and token, e.g.: ?sv=...",
									"var path = parts[0].substring(0, parts[0].lastIndexOf('/')) //Get url with storage location and container",
									"var output = JSON.parse(pm.request.body).outputs[0].layers[0].name",
									"",
									"pm.collectionVariables.set(\"PHOTOSHOP_COMPLETED_ASSET_URL\", `${path}/${uuid.v4()}-${output}?${parts[1]}`)"
								],
								"type": "text/javascript",
								"packages": {}
							}
						}
					],
					"request": {
						"method": "POST",
						"header": [
							{
								"key": "x-api-key",
								"value": "{{DRAGONFLY_API_KEY}}",
								"type": "text"
							}
						],
						"body": {
							"mode": "raw",
							"raw": "{\n  \"inputs\": [\n    {\n      \"storage\": \"azure\",\n      \"href\": \"{{STORAGE_ASSET_URL}}\"\n    }\n  ],\n  \"outputs\": [\n    {\n      \"href\": \"{{PHOTOSHOP_COMPLETED_ASSET_URL}}\",\n      \"storage\": \"azure\",\n      \"layers\": [\n        {\n          \"name\": \"RENDER_Portrait_1024x1408\"\n        }\n      ],\n      \"type\": \"image/jpeg\",\n      \"overwrite\": true,\n      \"trimToCanvas\": true\n    }\n  ]\n}",
							"options": {
								"raw": {
									"language": "json"
								}
							}
						},
						"url": {
							"raw": "{{DRAGONFLY_API_URL}}/api/v1/web/rocktown/photoshop/pie/psdService/renditionCreate",
							"host": [
								"{{DRAGONFLY_API_URL}}"
							],
							"path": [
								"api",
								"v1",
								"web",
								"rocktown",
								"photoshop",
								"pie",
								"psdService",
								"renditionCreate"
							]
						}
					},
					"response": []
				},
				{
					"name": "Photoshop -  Get Rendition",
					"event": [
						{
							"listen": "test",
							"script": {
								"exec": [
									""
								],
								"type": "text/javascript",
								"packages": {}
							}
						},
						{
							"listen": "prerequest",
							"script": {
								"exec": [
									"var json = JSON.parse(pm.collectionVariables.get(\"PHOTOSHOP_RESPONSE_JSON\"))",
									"",
									"",
									"if(json.outputs[0].status == \"succeeded\"){",
									"    pm.collectionVariables.set(\"PHOTOSHOP_COMPLETED_RENDITION_URL\", json.outputs[0]._links.renditions[0].href);",
									"}",
									"",
									""
								],
								"type": "text/javascript",
								"packages": {}
							}
						}
					],
					"request": {
						"method": "GET",
						"header": [
							{
								"key": "x-api-key",
								"value": "{{IMS_CLIENT_ID}}",
								"type": "text"
							}
						],
						"url": {
							"raw": "{{PHOTOSHOP_COMPLETED_RENDITION_URL}}",
							"host": [
								"{{PHOTOSHOP_COMPLETED_RENDITION_URL}}"
							]
						}
					},
					"response": []
				},
				{
					"name": "Photoshop - Product Crop",
					"request": {
						"method": "POST",
						"header": [],
						"body": {
							"mode": "raw",
							"raw": "{\n    \"inputs\": [\n        {\n            \"storage\": \"azure\",\n            \"href\": \"https://exiorocktown.blob.core.windows.net/static-dev/usecases/bluk-employee-headshot/default/Amy_Bell.jpeg?sv=2023-11-03&st=2024-10-23T13%3A32%3A33Z&se=2024-10-23T14%3A32%3A33Z&sr=b&sp=r&sig=LDNfKe1Ub5oxvbEPZpK%2F1s0BE9EXpVTfahPrAQpMI1s%3D\"\n        }\n    ],\n    \"options\": {\n        \"unit\": \"Pixels\",\n        \"width\": 900,\n        \"height\": 1000\n    },\n    \"outputs\": [\n        {\n            \"storage\": \"azure\",\n            \"href\": \"https://exiorocktown.blob.core.windows.net/transient-stage/bell_cropped.jpeg?sv=2023-11-03&st=2024-10-23T13%3A39%3A03Z&se=2024-10-23T14%3A39%3A03Z&sr=b&sp=rw&sig=2GlDdjxS4vIWQXHWKSbuZwJFxKVxb6vt9dz%2Fi3T9UkQ%3D\",\n            \"type\": \"image/jpeg\",\n            \"overwrite\": true,\n            \"compression\": \"medium\",\n            \"quality\": 6\n        }\n    ]\n}",
							"options": {
								"raw": {
									"language": "json"
								}
							}
						},
						"url": {
							"raw": "{{DRAGONFLY_API_URL}}/api/v1/web/rocktown/photoshop/pie/psdService/productCrop",
							"host": [
								"{{DRAGONFLY_API_URL}}"
							],
							"path": [
								"api",
								"v1",
								"web",
								"rocktown",
								"photoshop",
								"pie",
								"psdService",
								"productCrop"
							]
						}
					},
					"response": []
				}
			],
			"auth": {
				"type": "bearer",
				"bearer": [
					{
						"key": "token",
						"value": "{{IMS_TOKEN}}",
						"type": "string"
					}
				]
			},
			"event": [
				{
					"listen": "prerequest",
					"script": {
						"type": "text/javascript",
						"packages": {},
						"exec": [
							""
						]
					}
				},
				{
					"listen": "test",
					"script": {
						"type": "text/javascript",
						"packages": {},
						"exec": [
							""
						]
					}
				}
			]
		},
		{
			"name": "Firefly",
			"item": [
				{
					"name": "Firefly - T2I V3",
					"event": [
						{
							"listen": "test",
							"script": {
								"exec": [
									"var json = pm.response.json()\r",
									"\r",
									"if(json.outputs){\r",
									"    pm.collectionVariables.set(\"FIREFLY_COMPLETED_ASSET_URL\", json.outputs[0].image.url);\r",
									"}"
								],
								"type": "text/javascript",
								"packages": {}
							}
						},
						{
							"listen": "prerequest",
							"script": {
								"exec": [
									"var prompt = \"Horses in a field\"",
									"",
									"",
									"pm.variables.set(\"FIREFLY_IMAGE_PROMPT\", prompt)"
								],
								"type": "text/javascript",
								"packages": {}
							}
						}
					],
					"request": {
						"method": "POST",
						"header": [
							{
								"key": "x-api-key",
								"value": "{{API_KEY}}",
								"type": "text"
							}
						],
						"body": {
							"mode": "raw",
							"raw": "{\r\n  \"numVariations\": 1,\r\n  \"size\": {\r\n    \"width\": 2048,\r\n    \"height\": 2048\r\n  },\r\n  \"prompt\": \"Horses in a field\",\r\n  \"promptBiasingLocaleCode\": \"en-US\"\r\n}",
							"options": {
								"raw": {
									"language": "json"
								}
							}
						},
						"url": {
							"raw": "https://firefly-api.adobe.io/v3/images/generate",
							"protocol": "https",
							"host": [
								"firefly-api",
								"adobe",
								"io"
							],
							"path": [
								"v3",
								"images",
								"generate"
							]
						}
					},
					"response": []
				},
				{
					"name": "Firefly - T2I (styleref + structureref) V3",
					"event": [
						{
							"listen": "test",
							"script": {
								"exec": [
									"var json = pm.response.json()\r",
									"\r",
									"if(json.outputs){\r",
									"    pm.collectionVariables.set(\"FIREFLY_IMAGE_URL\", json.outputs[0].image.url);\r",
									"}"
								],
								"type": "text/javascript",
								"packages": {}
							}
						}
					],
					"request": {
						"method": "POST",
						"header": [
							{
								"key": "x-api-key",
								"value": "{{API_KEY}}",
								"type": "text"
							}
						],
						"body": {
							"mode": "raw",
							"raw": "{\r\n  \"numVariations\": 1,\r\n  \"size\": {\r\n    \"width\": 1024,\r\n    \"height\": 1024\r\n  },\r\n  \"prompt\": \"{{FIREFLY_IMAGE_PROMPT}}\",\r\n  \"promptBiasingLocaleCode\": \"en-US\",\r\n  \"style\": {\r\n    \"strength\": 100,\r\n    \"imageReference\": {\r\n        \"source\": {\r\n            \"uploadId\": \"{{FIREFLY_STYLE_REFERENCE_IMAGE_ID}}\"\r\n        }\r\n    }\r\n  },\r\n  \"structure\": {\r\n    \"strength\": 100,\r\n    \"imageReference\": {\r\n        \"source\": {\r\n            \"uploadId\": \"{{FIREFLY_STRUCTURE_REFERENCE_IMAGE_ID}}\"\r\n        }\r\n    }\r\n  }\r\n}",
							"options": {
								"raw": {
									"language": "json"
								}
							}
						},
						"url": {
							"raw": "https://firefly-api.adobe.io/v3/images/generate",
							"protocol": "https",
							"host": [
								"firefly-api",
								"adobe",
								"io"
							],
							"path": [
								"v3",
								"images",
								"generate"
							]
						}
					},
					"response": []
				},
				{
					"name": "Firefly - Get Generated Image",
					"request": {
						"method": "GET",
						"header": [],
						"url": {
							"raw": "{{FIREFLY_COMPLETED_ASSET_URL}}",
							"host": [
								"{{FIREFLY_COMPLETED_ASSET_URL}}"
							]
						}
					},
					"response": []
				},
				{
					"name": "Firefly - Gen Expand",
					"event": [
						{
							"listen": "test",
							"script": {
								"exec": [
									"var json = pm.response.json()",
									"",
									"if(json.outputs){",
									"    pm.collectionVariables.set(\"FIREFLY_COMPLETED_ASSET_URL\", json.outputs[0].image.url);",
									"}"
								],
								"type": "text/javascript",
								"packages": {}
							}
						}
					],
					"request": {
						"method": "POST",
						"header": [
							{
								"key": "x-api-key",
								"value": "{{API_KEY}}",
								"type": "text"
							}
						],
						"body": {
							"mode": "raw",
							"raw": "{\n  \"numVariations\": 1,\n  \"size\": {\n    \"width\": 3999,\n    \"height\": 3999\n  },\n  \"image\": {\n    \"source\": {\n      \"url\": \"{{FIREFLY_COMPLETED_ASSET_URL}}\"\n    }\n    \n  },\n  \"placement\": {\n    \"alignment\": {\n      \"horizontal\": \"center\",\n      \"vertical\": \"center\"\n    }\n  }\n}",
							"options": {
								"raw": {
									"language": "json"
								}
							}
						},
						"url": {
							"raw": "https://firefly-api.adobe.io/v3/images/expand",
							"protocol": "https",
							"host": [
								"firefly-api",
								"adobe",
								"io"
							],
							"path": [
								"v3",
								"images",
								"expand"
							]
						},
						"description": "A variable GenExpand operation with variables that suppports running as batch with CSV. Sample file: [genexpand.csv](https://adobe.sharepoint.com/:x:/r/sites/DMeEntPMMHub/Shared%20Documents/FY24%20Solutions/Demos/Demo%20Assets/genexpand.csv?d=wbbe7490e66a54b908c2b8759a85db17c&csf=1&web=1&e=yMhRXV)"
					},
					"response": []
				}
			],
			"auth": {
				"type": "bearer",
				"bearer": [
					{
						"key": "token",
						"value": "{{IMS_TOKEN}}",
						"type": "string"
					}
				]
			},
			"event": [
				{
					"listen": "prerequest",
					"script": {
						"type": "text/javascript",
						"packages": {},
						"exec": [
							""
						]
					}
				},
				{
					"listen": "test",
					"script": {
						"type": "text/javascript",
						"packages": {},
						"exec": [
							""
						]
					}
				}
			]
		},
		{
			"name": "[Pre-Release] InDesign",
			"item": [
				{
					"name": "InDesign - Create Rendition",
					"event": [
						{
							"listen": "test",
							"script": {
								"exec": [
									"var json = pm.response.json();",
									"",
									"pm.collectionVariables.set(\"INDESIGN_STATUS_URL\", json.statusUrl);",
									""
								],
								"type": "text/javascript",
								"packages": {}
							}
						},
						{
							"listen": "prerequest",
							"script": {
								"exec": [
									"var uuid = require('uuid');",
									"",
									"var sourceUrl = pm.collectionVariables.get(\"STORAGE_ASSET_URL\")",
									"",
									"var parts = sourceUrl.split('?')",
									"var path = parts[0].substring(0, parts[0].lastIndexOf('/'))",
									"var output = JSON.parse(pm.request.body).outputs[0].source",
									"",
									"",
									"pm.collectionVariables.set(\"INDESIGN_COMPLETED_ASSET_URL\", `${path}/${uuid.v4()}-${output}?${parts[1]}`)"
								],
								"type": "text/javascript",
								"packages": {}
							}
						}
					],
					"request": {
						"method": "POST",
						"header": [
							{
								"key": "x-api-key",
								"value": "{{IMS_CLIENT_ID}}",
								"type": "text"
							}
						],
						"body": {
							"mode": "raw",
							"raw": "{\n  \"assets\": [\n    {\n      \"source\": {\n        \"url\": \"{{STORAGE_ASSET_URL}}\",\n        \"storageType\": \"Azure\"\n      },\n      \"destination\": \"template.indd\"\n    }\n  ],\n  \"params\": {\n    \"targetDocuments\": [\n      \"template.indd\"\n    ],\n    \"outputMediaType\": \"image/jpeg\",\n    \"exportingSpread\": false,\n    \"pageRange\": \"All\",\n    \"quality\": \"medium\",\n    \"renderingStyle\": \"baseline_encoding\",\n    \"resolution\": 72,\n    \"colorSpace\": \"rgb\",\n    \"embedColorProfile\": true,\n    \"antiAlias\": true,\n    \"simulateOverprint\": false,\n    \"useDocumentBleeds\": false,\n    \"transparentBackground\": false,\n    \"createSeparateFiles\": false,\n    \"optimizeForFastWebView\": true,\n    \"embedPageThumbnails\": false,\n    \"includeBookmarks\": false,\n    \"includeHyperlinks\": false,\n    \"exportNonprintingObjects\": false,\n    \"exportGuidesAndGrids\": false,\n    \"createTaggedPDF\": true,\n    \"includeInteractiveElements\": \"do_not_include\",\n    \"exportWhichLayers\": \"export_all_layers\",\n    \"pdfPreset\": \"High Quality Print\",\n    \"outputFileBaseString\": \"result\"\n  },\n  \"outputs\": [\n    {\n      \"destination\": {\n        \"url\": \"{{INDESIGN_COMPLETED_ASSET_URL}}\",\n        \"storageType\": \"Azure\"\n      },\n      \"source\": \"result\"\n    }\n  ]\n}",
							"options": {
								"raw": {
									"language": "json"
								}
							}
						},
						"url": {
							"raw": "{{INDESIGN_URL}}/v3/create-rendition",
							"host": [
								"{{INDESIGN_URL}}"
							],
							"path": [
								"v3",
								"create-rendition"
							]
						}
					},
					"response": []
				},
				{
					"name": "InDesign - Get Merge Data Tags",
					"event": [
						{
							"listen": "test",
							"script": {
								"exec": [
									"var json = pm.response.json();",
									"",
									"pm.collectionVariables.set(\"INDESIGN_STATUS_URL\", json.statusUrl);",
									""
								],
								"type": "text/javascript",
								"packages": {}
							}
						},
						{
							"listen": "prerequest",
							"script": {
								"exec": [
									""
								],
								"type": "text/javascript",
								"packages": {}
							}
						}
					],
					"request": {
						"method": "POST",
						"header": [
							{
								"key": "x-api-key",
								"value": "{{IMS_CLIENT_ID}}",
								"type": "text"
							}
						],
						"body": {
							"mode": "raw",
							"raw": "{\n  \"assets\": [\n    {\n      \"source\": {\n        \"url\": \"{{STORAGE_ASSET_URL}}\",\n        \"storageType\": \"Azure\"\n      },\n      \"destination\": \"template.indd\"\n    }\n  ],\n  \"params\": {\n    \"generalSettings\": {\n      \"fonts\": {\n        \"adobeFonts\": {\n          \"includeDocuments\": [],\n          \"excludeDocuments\": []\n        },\n        \"fontsDirectories\": []\n      },\n      \"appLogs\": {\n        \"logsRelativePath\": \"job.log\"\n      }\n    },\n    \"targetDocument\": \"template.indd\",\n    \"filter\": [\n      \"all\"\n    ],\n    \"includePageItemIdentifiers\": false\n  }\n}",
							"options": {
								"raw": {
									"language": "json"
								}
							}
						},
						"url": {
							"raw": "{{INDESIGN_URL}}/v3/merge-data-tags",
							"host": [
								"{{INDESIGN_URL}}"
							],
							"path": [
								"v3",
								"merge-data-tags"
							]
						}
					},
					"response": []
				},
				{
					"name": "InDesign - Get Capability",
					"event": [
						{
							"listen": "test",
							"script": {
								"exec": [
									"var json = pm.response.json();",
									"",
									"pm.collectionVariables.set(\"INDESIGN_STATUS_URL\", json.statusUrl);",
									""
								],
								"type": "text/javascript",
								"packages": {}
							}
						},
						{
							"listen": "prerequest",
							"script": {
								"exec": [
									""
								],
								"type": "text/javascript",
								"packages": {}
							}
						}
					],
					"request": {
						"method": "POST",
						"header": [
							{
								"key": "x-api-key",
								"value": "{{IMS_CLIENT_ID}}",
								"type": "text"
							}
						],
						"body": {
							"mode": "raw",
							"raw": "{\n  \"assets\": [\n    {\n      \"source\": {\n        \"url\": \"{{STORAGE_ASSET_URL}}\",\n        \"storageType\": \"Azure\"\n      },\n      \"destination\": \"template.indd\"\n    }\n  ],\n  \"params\": {\n    \"generalSettings\": {\n      \"fonts\": {\n        \"adobeFonts\": {\n          \"includeDocuments\": [],\n          \"excludeDocuments\": []\n        },\n        \"fontsDirectories\": []\n      },\n      \"appLogs\": {\n        \"logsRelativePath\": \"job.log\"\n      }\n    },\n    \"targetDocument\": \"template.indd\",\n    \"filter\": [\n      \"all\"\n    ],\n    \"includePageItemIdentifiers\": false\n  }\n}",
							"options": {
								"raw": {
									"language": "json"
								}
							}
						},
						"url": {
							"raw": "{{INDESIGN_URL}}/v3/capability",
							"host": [
								"{{INDESIGN_URL}}"
							],
							"path": [
								"v3",
								"capability"
							]
						}
					},
					"response": []
				},
				{
					"name": "InDesign - Merge Data",
					"event": [
						{
							"listen": "test",
							"script": {
								"exec": [
									"var json = pm.response.json();",
									"",
									"pm.collectionVariables.set(\"INDESIGN_STATUS_URL\", json.statusUrl);",
									""
								],
								"type": "text/javascript",
								"packages": {}
							}
						},
						{
							"listen": "prerequest",
							"script": {
								"exec": [
									"var uuid = require('uuid');",
									"",
									"var sourceUrl = pm.collectionVariables.get(\"STORAGE_ASSET_URL\")",
									"",
									"var parts = sourceUrl.split('?')",
									"var path = parts[0].substring(0, parts[0].lastIndexOf('/'))",
									"var output = JSON.parse(pm.request.body).outputs[0].source",
									"",
									"",
									"pm.collectionVariables.set(\"INDESIGN_COMPLETED_ASSET_URL\", `${path}/${uuid.v4()}-${output}?${parts[1]}`)"
								],
								"type": "text/javascript",
								"packages": {}
							}
						}
					],
					"request": {
						"method": "POST",
						"header": [
							{
								"key": "x-api-key",
								"value": "{{IMS_CLIENT_ID}}",
								"type": "text"
							}
						],
						"body": {
							"mode": "raw",
							"raw": "{\n  \"assets\": [\n    {\n      \"source\": {\n        \"url\": \"{{STORAGE_ASSET_URL}}\",\n        \"storageType\": \"Azure\"\n      },\n      \"destination\": \"template.indd\"\n    },\n    {\n      \"source\": {\n        \"url\": \"{{INDESIGN_DATA_FILE_URL}}\",\n        \"storageType\": \"Azure\"\n      },\n      \"destination\": \"data.csv\"\n    },\n    {\n      \"source\": {\n        \"url\": \"{{INDESIGN_IMAGE_FILE_URL}}\",\n        \"storageType\": \"Azure\"\n      },\n      \"destination\": \"background.png\"\n    }\n  ],\n  \"params\": {\n    \"targetDocument\": \"template.indd\",\n    \"dataSource\": \"data.csv\",\n    \"outputMediaType\": \"application/x-indesign\",\n    \"exportSettings\": {\n      \"jobOptionsFile\": \"string\",\n      \"pdfPreset\": \"High Quality Print\",\n      \"quality\": \"medium\",\n      \"linkImages\": false\n    },\n    \"imagePlacementOptions\": {\n      \"centerImage\": true,\n      \"fittingOption\": \"content_aware_fit\",\n      \"linkImages\": true\n    },\n    \"outputFileBaseString\": \"mergedtemplate\",\n    \"outputFolderPath\": \"output\"\n  },\n  \"outputs\": [\n    {\n      \"destination\": {\n        \"url\": \"{{INDESIGN_COMPLETED_ASSET_URL}}\",\n        \"storageType\": \"Azure\"\n      },\n      \"source\": \"output/mergedtemplate.indd\"\n    }\n  ]\n}",
							"options": {
								"raw": {
									"language": "json"
								}
							}
						},
						"url": {
							"raw": "{{INDESIGN_URL}}/v3/merge-data",
							"host": [
								"{{INDESIGN_URL}}"
							],
							"path": [
								"v3",
								"merge-data"
							]
						}
					},
					"response": []
				},
				{
					"name": "InDesign -  Get Job Status",
					"event": [
						{
							"listen": "test",
							"script": {
								"exec": [
									"var json = pm.response.json();",
									"",
									"if(json.status == \"succeeded\"){",
									"    //Only set if the response contains an output",
									"    if(json.outputs && json.outputs.length > 0 && json.outputs[0].destination.url){",
									"        pm.collectionVariables.set(\"INDESIGN_COMPLETED_ASSET_URL\", json.outputs[0].destination.url);",
									"    }",
									"}",
									"",
									""
								],
								"type": "text/javascript",
								"packages": {}
							}
						},
						{
							"listen": "prerequest",
							"script": {
								"exec": [
									""
								],
								"type": "text/javascript",
								"packages": {}
							}
						}
					],
					"request": {
						"method": "GET",
						"header": [
							{
								"key": "x-api-key",
								"value": "{{IMS_CLIENT_ID}}",
								"type": "text"
							},
							{
								"key": "Authorization",
								"value": "Bearer {{IMS_TOKEN}}",
								"type": "text"
							}
						],
						"url": {
							"raw": "{{INDESIGN_STATUS_URL}}",
							"host": [
								"{{INDESIGN_STATUS_URL}}"
							]
						}
					},
					"response": []
				},
				{
					"name": "InDesign - Get Completed Asset",
					"request": {
						"auth": {
							"type": "noauth"
						},
						"method": "GET",
						"header": [],
						"url": {
							"raw": "{{INDESIGN_COMPLETED_ASSET_URL}}",
							"host": [
								"{{INDESIGN_COMPLETED_ASSET_URL}}"
							]
						}
					},
					"response": []
				}
			],
			"description": "- [https://acrobat.adobe.com/id/urn:aaid:sc:ap:fb90c033-f938-4cc3-8c1e-cdc7bc3db904EndFragment](https://acrobat.adobe.com/id/urn:aaid:sc:ap:fb90c033-f938-4cc3-8c1e-cdc7bc3db904EndFragment)\n    \n- [https://github.com/AdobeDocs/indesign-api-docs?tab=readme-ov-file](https://github.com/AdobeDocs/indesign-api-docs?tab=readme-ov-file)\n    \n- [https://adobedocs.github.io/indesign-api-docs/](https://adobedocs.github.io/indesign-api-docs/)\n    \n- [https://github.com/AdobeDocs/indesign-api-docs/blob/main/FAQs.md](https://github.com/AdobeDocs/indesign-api-docs/blob/main/FAQs.md)\n    \n- [https://github.com/AdobeDocs/indesign-api-docs/blob/main/Migration_PrivateBeta_to_PublicBeta.md](https://github.com/AdobeDocs/indesign-api-docs/blob/main/Migration_PrivateBeta_to_PublicBeta.md)"
		},
		{
			"name": "Lightroom",
			"item": [
				{
					"name": "Lightroom - Apply Edits",
					"event": [
						{
							"listen": "prerequest",
							"script": {
								"exec": [
									"var uuid = require('uuid');",
									"",
									"var sourceUrl = pm.collectionVariables.get(\"STORAGE_ASSET_URL\")",
									"",
									"var parts = sourceUrl.split('?') //Split URL and token, e.g.: ?sv=...",
									"var path = parts[0].substring(0, parts[0].lastIndexOf('/')) //Get url with storage location and container",
									"var fileName = parts[0].substring(parts[0].lastIndexOf('/')+1, parts[0].length)",
									"",
									"pm.collectionVariables.set(\"LIGHTROOM_COMPLETED_ASSET_URL\", `${path}/${uuid.v4()}-LIGHTROOM-${fileName}?${parts[1]}`)"
								],
								"type": "text/javascript",
								"packages": {}
							}
						},
						{
							"listen": "test",
							"script": {
								"exec": [
									"var json = pm.response.json();",
									"",
									"pm.collectionVariables.set(\"LIGHTROOM_STATUS_URL\", json._links.self.href);",
									""
								],
								"type": "text/javascript",
								"packages": {}
							}
						}
					],
					"request": {
						"method": "POST",
						"header": [
							{
								"key": "x-api-key",
								"value": "{{IMS_CLIENT_ID}}",
								"type": "text"
							}
						],
						"body": {
							"mode": "raw",
							"raw": "{\n  \"inputs\": {\n    \"source\": {\n      \"storage\": \"azure\",\n      \"href\": \"{{STORAGE_ASSET_URL}}\"\n    }\n  },\n  \"outputs\": [\n    {\n      \"storage\": \"azure\",\n      \"href\": \"{{LIGHTROOM_COMPLETED_ASSET_URL}}\",\n      \"type\": \"image/png\",\n      \"overwrite\": true,\n      \"quality\": 12\n    }\n  ],\n  \"options\": {\n    \"Exposure\": -5,\n    \"Saturation\": -5,\n    \"Contrast\": -5,\n    \"VignetteAmount\": -5,\n    \"Vibrance\": -5,\n    \"Highlights\": -5,\n    \"Shadows\": -5,\n    \"Whites\": -5,\n    \"Blacks\": -5,\n    \"Clarity\": -5,\n    \"Dehaze\": -5,\n    \"Texture\": -5,\n    \"Sharpness\": 150,\n    \"ColorNoiseReduction\": 100,\n    \"NoiseReduction\": 100,\n    \"SharpenDetail\": 100,\n    \"SharpenEdgeMasking\": 100,\n    \"SharpenRadius\": 0.5,\n    \"WhiteBalance\": \"As Shot\"\n  }\n}",
							"options": {
								"raw": {
									"language": "json"
								}
							}
						},
						"url": {
							"raw": "{{LIGHTROOM_URL}}/lrService/edit",
							"host": [
								"{{LIGHTROOM_URL}}"
							],
							"path": [
								"lrService",
								"edit"
							]
						}
					},
					"response": []
				},
				{
					"name": "Lightroom -  Get Status",
					"event": [
						{
							"listen": "test",
							"script": {
								"exec": [
									"var json = pm.response.json();",
									"",
									"if(json.outputs[0].status == \"succeeded\"){",
									"    pm.collectionVariables.set(\"LIGHTROOM_COMPLETED_ASSET_URL\", json.outputs[0]._links.self.href);",
									"}",
									"",
									""
								],
								"type": "text/javascript",
								"packages": {}
							}
						},
						{
							"listen": "prerequest",
							"script": {
								"exec": [
									""
								],
								"type": "text/javascript",
								"packages": {}
							}
						}
					],
					"request": {
						"method": "GET",
						"header": [
							{
								"key": "x-api-key",
								"value": "{{IMS_CLIENT_ID}}",
								"type": "text"
							}
						],
						"url": {
							"raw": "{{LIGHTROOM_STATUS_URL}}",
							"host": [
								"{{LIGHTROOM_STATUS_URL}}"
							]
						}
					},
					"response": []
				},
				{
					"name": "Lightroom -  Get Asset",
					"event": [
						{
							"listen": "test",
							"script": {
								"exec": [
									""
								],
								"type": "text/javascript",
								"packages": {}
							}
						},
						{
							"listen": "prerequest",
							"script": {
								"exec": [
									""
								],
								"type": "text/javascript",
								"packages": {}
							}
						}
					],
					"request": {
						"method": "GET",
						"header": [
							{
								"key": "x-api-key",
								"value": "{{IMS_CLIENT_ID}}",
								"type": "text"
							}
						],
						"url": {
							"raw": "{{LIGHTROOM_COMPLETED_ASSET_URL}}",
							"host": [
								"{{LIGHTROOM_COMPLETED_ASSET_URL}}"
							]
						}
					},
					"response": []
				}
			]
		}
	],
	"event": [
		{
			"listen": "prerequest",
			"script": {
				"type": "text/javascript",
				"packages": {},
				"exec": [
					""
				]
			}
		},
		{
			"listen": "test",
			"script": {
				"type": "text/javascript",
				"packages": {},
				"exec": [
					""
				]
			}
		}
	],
	"variable": [
		{
			"key": "IMS_TOKEN",
			"value": ""
		},
		{
			"key": "STORAGE_ASSET_NAME",
			"value": ""
		},
		{
			"key": "STORAGE_ASSET_URL",
			"value": ""
		},
		{
			"key": "PHOTOSHOP_RESPONSE_JSON",
			"value": ""
		},
		{
			"key": "FIREFLY_COMPLETED_ASSET_URL",
			"value": ""
		},
		{
			"key": "FIREFLY_STATUS_URL",
			"value": ""
		},
		{
			"key": "FIREFLY_CANCEL_URL",
			"value": ""
		},
		{
			"key": "INDESIGN_COMPLETED_ASSET_URL",
			"value": ""
		},
		{
			"key": "INDESIGN_STATUS_URL",
			"value": ""
		},
		{
			"key": "STORAGE_ASSET_CONTENT_LENGTH",
			"value": ""
		},
		{
			"key": "STORAGE_ASSET_CONTENT_TYPE",
			"value": ""
		},
		{
			"key": "STORAGE_ASSET_CONTENT_MD5",
			"value": ""
		},
		{
			"key": "PHOTOSHOP_COMPLETED_ASSET_URL",
			"value": ""
		},
		{
			"key": "PHOTOSHOP_STATUS_URL",
			"value": ""
		},
		{
			"key": "PHOTOSHOP_COMPLETED_RENDITION_URL",
			"value": ""
		},
		{
			"key": "LIGHTROOM_COMPLETED_ASSET_URL",
			"value": ""
		},
		{
			"key": "LIGHTROOM_STATUS_URL",
			"value": ""
		},
		{
			"key": "EXPRESS_STATUS_URL",
			"value": ""
		},
		{
			"key": "EXPRESS_RENDITION_URL",
			"value": ""
		},
		{
			"key": "FIREFLY_ASSET_ID",
			"value": ""
		},
		{
			"key": "INDESIGN_DATA_FILE_URL",
			"value": ""
		},
		{
			"key": "INDESIGN_IMAGE_FILE_URL",
			"value": ""
		}
	]
}