{"values":[{"type":"text","value":"p8e-RdbVrBEwbNsQZD3SLwwyRdOwYxR_tAeB","key":"CLIENT_SECRET","enabled":true},{"type":"text","value":"ec0fe216c2d4445d902d1f23dc36fece","key":"API_KEY","enabled":true},{"type":"text","value":"","key":"ACCESS_TOKEN","enabled":true},{"type":"text","value":["openid","AdobeID","ff_apis","firefly_api"],"key":"SCOPES","enabled":true},{"type":"text","value":"A2301E9A677E06D20A495E74@techacct.adobe.com","key":"TECHNICAL_ACCOUNT_ID","enabled":true},{"type":"text","value":"ims-na1.adobelogin.com","key":"IMS","enabled":true},{"type":"text","value":"907075E95BF479EC0A495C73@AdobeOrg","key":"IMS_ORG","enabled":true}],"name":"vangeluw - Firefly Services OAuth credential"}