{
	"info": {
		"_postman_id": "fdf74083-53b2-4527-937f-b6e69f61a1e1",
		"name": "4-Luma-Offline-Purchase-Events",
		"schema": "https://schema.getpostman.com/json/collection/v2.1.0/collection.json",
		"_exporter_id": "13737233"
	},
	"item": [
		{
			"name": "Create Luma Identity ExperienceEvent Field Group",
			"event": [
				{
					"listen": "prerequest",
					"script": {
						"exec": [
							"/** Begin Adobe-provided Pre-Request Scripts **/",
							"// Do not send HTTP Headers with empty variables, as Postman will send the literal variable name",
							"pm.request.headers.each(header => {",
							"    if (header.value.startsWith(\"{{\") && header.value.endsWith(\"}}\")) {",
							"        if (!pm.variables.get(header.value.substring(2, header.value.length - 2))) { pm.request.headers.remove(header.key); }",
							"    }",
							"});",
							"",
							"// Do not send HTTP URL Query Parameters with empty variables, as Postman will send the literal variable name",
							"pm.request.url.query.remove(q => { ",
							"    if (q.value.startsWith(\"{{\") && q.value.endsWith(\"}}\")) {",
							"        return !pm.variables.get(q.value.substring(2, q.value.length - 2));",
							"    } ",
							"});",
							"/** End Adobe-provided Pre-Request Scripts **/"
						],
						"type": "text/javascript"
					}
				},
				{
					"listen": "test",
					"script": {
						"exec": [
							"pm.test(\"Status test\", function(){",
							"    pm.response.to.have.status(201)",
							"})",
							"var jsonData = JSON.parse(responseBody);",
							"postman.setEnvironmentVariable(\"luma_identity_experience_event_fieldgroup_id\", jsonData[\"$id\"]);"
						],
						"type": "text/javascript"
					}
				}
			],
			"request": {
				"method": "POST",
				"header": [
					{
						"key": "Accept",
						"value": "application/json"
					},
					{
						"key": "Content-Type",
						"value": "application/json"
					},
					{
						"description": "The access token which can be copied from your Experience Platform integration, prefixed with \"Bearer \". For more information on how to obtain this value, visit the [authentication tutorial](http://www.adobe.com/go/platform-api-authentication-en).",
						"key": "Authorization",
						"type": "string",
						"value": "Bearer {{ACCESS_TOKEN}}"
					},
					{
						"description": "The API key which can be copied from your Experience Platform integration. For more information on how to obtain this value, visit the [authentication tutorial](http://www.adobe.com/go/platform-api-authentication-en).",
						"key": "x-api-key",
						"type": "string",
						"value": "{{API_KEY}}"
					},
					{
						"description": "The IMS Organization ID which can be copied from your Experience Platform integration. For more information on how to obtain this value, visit the [authentication tutorial](http://www.adobe.com/go/platform-api-authentication-en).",
						"key": "x-gw-ims-org-id",
						"type": "string",
						"value": "{{IMS_ORG}}"
					},
					{
						"description": "The name of the sandbox in which the operation will take place. See the [sandboxes overview](https://adobe.com/go/sandbox-overview-en) for more information.",
						"key": "x-sandbox-name",
						"type": "string",
						"value": "{{SANDBOX_NAME}}"
					}
				],
				"body": {
					"mode": "raw",
					"raw": "{\n    \"title\": \"Luma Identity ExperienceEvent Field Group\",\n    \"description\": \"Luma Identity ExperienceEvent Field Group created by the sample data importer\",\n    \"type\": \"object\",\n    \"meta:intendedToExtend\": [\n        \"https://ns.adobe.com/xdm/context/experienceevent\"\n    ],\n    \"definitions\": {\n        \"property\": {\n            \"properties\": {\n                \"{{TENANT_ID}}\": {\n                    \"type\": \"object\",\n                    \"properties\": {\n                        \"systemIdentifier\": {\n                            \"type\": \"object\",\n                            \"title\":\"System Identifier\",\n                            \"$ref\": \"{{system_identifier_dataype_id}}\"\n                        }\n                    }\n                }\n            }\n        }\n    },\n    \"allOf\": [\n        {\n            \"$ref\": \"#/definitions/property\"\n        }\n    ]\n}"
				},
				"url": {
					"raw": "https://platform.adobe.io/data/foundation/schemaregistry/tenant/fieldgroups",
					"protocol": "https",
					"host": [
						"platform",
						"adobe",
						"io"
					],
					"path": [
						"data",
						"foundation",
						"schemaregistry",
						"tenant",
						"fieldgroups"
					]
				}
			},
			"response": []
		},
		{
			"name": "Luma Offline Purchase Events Schema",
			"event": [
				{
					"listen": "prerequest",
					"script": {
						"exec": [
							"/** Begin Adobe-provided Pre-Request Scripts **/",
							"// Do not send HTTP Headers with empty variables, as Postman will send the literal variable name",
							"pm.request.headers.each(header => {",
							"    if (header.value.startsWith(\"{{\") && header.value.endsWith(\"}}\")) {",
							"        if (!pm.variables.get(header.value.substring(2, header.value.length - 2))) { pm.request.headers.remove(header.key); }",
							"    }",
							"});",
							"",
							"// Do not send HTTP URL Query Parameters with empty variables, as Postman will send the literal variable name",
							"pm.request.url.query.remove(q => { ",
							"    if (q.value.startsWith(\"{{\") && q.value.endsWith(\"}}\")) {",
							"        return !pm.variables.get(q.value.substring(2, q.value.length - 2));",
							"    } ",
							"});",
							"/** End Adobe-provided Pre-Request Scripts **/"
						],
						"type": "text/javascript"
					}
				},
				{
					"listen": "test",
					"script": {
						"exec": [
							"pm.test(\"Status test\", function(){",
							"    pm.response.to.have.status(201)",
							"})",
							"var jsonData = JSON.parse(responseBody);",
							"postman.setEnvironmentVariable(\"luma_offline_purchase_event_schema_id\", jsonData[\"$id\"]);",
							"postman.setEnvironmentVariable(\"luma_offline_purchase_event_schema_altId\", jsonData[\"meta:altId\"]);"
						],
						"type": "text/javascript"
					}
				}
			],
			"request": {
				"method": "POST",
				"header": [
					{
						"key": "Accept",
						"value": "application/json"
					},
					{
						"key": "Content-Type",
						"value": "application/json"
					},
					{
						"description": "The access token which can be copied from your Experience Platform integration, prefixed with \"Bearer \". For more information on how to obtain this value, visit the [authentication tutorial](http://www.adobe.com/go/platform-api-authentication-en).",
						"key": "Authorization",
						"type": "string",
						"value": "Bearer {{ACCESS_TOKEN}}"
					},
					{
						"description": "The API key which can be copied from your Experience Platform integration. For more information on how to obtain this value, visit the [authentication tutorial](http://www.adobe.com/go/platform-api-authentication-en).",
						"key": "x-api-key",
						"type": "string",
						"value": "{{API_KEY}}"
					},
					{
						"description": "The IMS Organization ID which can be copied from your Experience Platform integration. For more information on how to obtain this value, visit the [authentication tutorial](http://www.adobe.com/go/platform-api-authentication-en).",
						"key": "x-gw-ims-org-id",
						"type": "string",
						"value": "{{IMS_ORG}}"
					},
					{
						"description": "The name of the sandbox in which the operation will take place. See the [sandboxes overview](https://adobe.com/go/sandbox-overview-en) for more information.",
						"key": "x-sandbox-name",
						"type": "string",
						"value": "{{SANDBOX_NAME}}"
					}
				],
				"body": {
					"mode": "raw",
					"raw": "{\n    \"meta:resourceType\": \"schemas\",\n    \"title\": \"Luma Offline Purchase Events Schema\",\n    \"type\": \"object\",\n    \"description\": \"\",\n    \"allOf\": [\n        {\n            \"$ref\": \"https://ns.adobe.com/xdm/context/experienceevent-commerce\",\n            \"type\": \"object\",\n            \"meta:xdmType\": \"object\"\n        },\n        {\n            \"$ref\": \"https://ns.adobe.com/xdm/context/experienceevent\",\n            \"type\": \"object\",\n            \"meta:xdmType\": \"object\"\n        },\n        {\n            \"$ref\": \"{{luma_identity_experience_event_fieldgroup_id}}\",\n            \"type\": \"object\",\n            \"meta:xdmType\": \"object\"\n        }\n    ],\n    \"meta:extensible\": false,\n    \"meta:abstract\": false,\n    \"meta:extends\": [\n        \"https://ns.adobe.com/xdm/data/time-series\",\n        \"https://ns.adobe.com/xdm/context/experienceevent-commerce\",\n        \"https://ns.adobe.com/xdm/context/experienceevent\",\n        \"{{luma_identity_experience_event_fieldgroup_id}}\"\n    ],\n    \"meta:xdmType\": \"object\",\n    \"meta:class\": \"https://ns.adobe.com/xdm/context/experienceevent\",\n    \"meta:immutableTags\": [\n        \"union\"\n    ]\n}"
				},
				"url": {
					"raw": "https://platform.adobe.io/data/foundation/schemaregistry/tenant/schemas",
					"protocol": "https",
					"host": [
						"platform",
						"adobe",
						"io"
					],
					"path": [
						"data",
						"foundation",
						"schemaregistry",
						"tenant",
						"schemas"
					]
				}
			},
			"response": []
		},
		{
			"name": "Set Loyalty Id as the Primary Identity",
			"event": [
				{
					"listen": "prerequest",
					"script": {
						"exec": [
							"/** Begin Adobe-provided Pre-Request Scripts **/",
							"// Do not send HTTP Headers with empty variables, as Postman will send the literal variable name",
							"pm.request.headers.each(header => {",
							"    if (header.value.startsWith(\"{{\") && header.value.endsWith(\"}}\")) {",
							"        if (!pm.variables.get(header.value.substring(2, header.value.length - 2))) { pm.request.headers.remove(header.key); }",
							"    }",
							"});",
							"",
							"// Do not send HTTP URL Query Parameters with empty variables, as Postman will send the literal variable name",
							"pm.request.url.query.remove(q => { ",
							"    if (q.value.startsWith(\"{{\") && q.value.endsWith(\"}}\")) {",
							"        return !pm.variables.get(q.value.substring(2, q.value.length - 2));",
							"    } ",
							"});",
							"/** End Adobe-provided Pre-Request Scripts **/"
						],
						"type": "text/javascript"
					}
				},
				{
					"listen": "test",
					"script": {
						"exec": [
							"pm.test(\"Status test\", function(){",
							"    pm.response.to.have.status(201)",
							"})"
						],
						"type": "text/javascript"
					}
				}
			],
			"request": {
				"method": "POST",
				"header": [
					{
						"key": "Accept",
						"value": "application/json"
					},
					{
						"key": "Content-Type",
						"value": "application/json"
					},
					{
						"key": "Authorization",
						"value": "Bearer {{ACCESS_TOKEN}}",
						"description": "The access token which can be copied from your Experience Platform integration, prefixed with \"Bearer \". For more information on how to obtain this value, visit the [authentication tutorial](http://www.adobe.com/go/platform-api-authentication-en).",
						"type": "string"
					},
					{
						"key": "x-api-key",
						"value": "{{API_KEY}}",
						"description": "The API key which can be copied from your Experience Platform integration. For more information on how to obtain this value, visit the [authentication tutorial](http://www.adobe.com/go/platform-api-authentication-en).",
						"type": "string"
					},
					{
						"key": "x-gw-ims-org-id",
						"value": "{{IMS_ORG}}",
						"description": "The IMS Organization ID which can be copied from your Experience Platform integration. For more information on how to obtain this value, visit the [authentication tutorial](http://www.adobe.com/go/platform-api-authentication-en).",
						"type": "string"
					},
					{
						"key": "x-sandbox-name",
						"value": "{{SANDBOX_NAME}}",
						"description": "The name of the sandbox in which the operation will take place. See the [sandboxes overview](https://adobe.com/go/sandbox-overview-en) for more information.",
						"type": "string"
					}
				],
				"body": {
					"mode": "raw",
					"raw": "{\n    \"@type\": \"xdm:descriptorIdentity\",\n    \"xdm:sourceSchema\": \"{{luma_offline_purchase_event_schema_id}}\",\n    \"xdm:sourceVersion\": 1,\n    \"xdm:sourceProperty\": \"/{{TENANT_ID}}/systemIdentifier/loyaltyId\",\n    \"xdm:namespace\": \"lumaLoyaltyId\",\n    \"xdm:property\": \"xdm:code\",\n    \"xdm:isPrimary\": true\n}"
				},
				"url": {
					"raw": "https://platform.adobe.io/data/foundation/schemaregistry/tenant/descriptors",
					"protocol": "https",
					"host": [
						"platform",
						"adobe",
						"io"
					],
					"path": [
						"data",
						"foundation",
						"schemaregistry",
						"tenant",
						"descriptors"
					]
				},
				"description": "Required fields for defining a descriptor vary based on the `@type` of the descriptor."
			},
			"response": []
		},
		{
			"name": "Set the SKU field as a reference identity",
			"event": [
				{
					"listen": "prerequest",
					"script": {
						"exec": [
							"/** Begin Adobe-provided Pre-Request Scripts **/",
							"// Do not send HTTP Headers with empty variables, as Postman will send the literal variable name",
							"pm.request.headers.each(header => {",
							"    if (header.value.startsWith(\"{{\") && header.value.endsWith(\"}}\")) {",
							"        if (!pm.variables.get(header.value.substring(2, header.value.length - 2))) { pm.request.headers.remove(header.key); }",
							"    }",
							"});",
							"",
							"// Do not send HTTP URL Query Parameters with empty variables, as Postman will send the literal variable name",
							"pm.request.url.query.remove(q => { ",
							"    if (q.value.startsWith(\"{{\") && q.value.endsWith(\"}}\")) {",
							"        return !pm.variables.get(q.value.substring(2, q.value.length - 2));",
							"    } ",
							"});",
							"/** End Adobe-provided Pre-Request Scripts **/"
						],
						"type": "text/javascript"
					}
				},
				{
					"listen": "test",
					"script": {
						"exec": [
							"pm.test(\"Status test\", function(){",
							"    pm.response.to.have.status(201)",
							"})"
						],
						"type": "text/javascript"
					}
				}
			],
			"request": {
				"method": "POST",
				"header": [
					{
						"key": "Accept",
						"value": "application/json"
					},
					{
						"key": "Content-Type",
						"value": "application/json"
					},
					{
						"key": "Authorization",
						"value": "Bearer {{ACCESS_TOKEN}}",
						"description": "The access token which can be copied from your Experience Platform integration, prefixed with \"Bearer \". For more information on how to obtain this value, visit the [authentication tutorial](http://www.adobe.com/go/platform-api-authentication-en).",
						"type": "string"
					},
					{
						"key": "x-api-key",
						"value": "{{API_KEY}}",
						"description": "The API key which can be copied from your Experience Platform integration. For more information on how to obtain this value, visit the [authentication tutorial](http://www.adobe.com/go/platform-api-authentication-en).",
						"type": "string"
					},
					{
						"key": "x-gw-ims-org-id",
						"value": "{{IMS_ORG}}",
						"description": "The IMS Organization ID which can be copied from your Experience Platform integration. For more information on how to obtain this value, visit the [authentication tutorial](http://www.adobe.com/go/platform-api-authentication-en).",
						"type": "string"
					},
					{
						"key": "x-sandbox-name",
						"value": "{{SANDBOX_NAME}}",
						"description": "The name of the sandbox in which the operation will take place. See the [sandboxes overview](https://adobe.com/go/sandbox-overview-en) for more information.",
						"type": "string"
					}
				],
				"body": {
					"mode": "raw",
					"raw": "{\n  \"@type\": \"xdm:descriptorReferenceIdentity\",\n  \"xdm:sourceSchema\": \"{{luma_offline_purchase_event_schema_id}}\",\n  \"xdm:sourceVersion\": 1,\n  \"xdm:sourceProperty\": \"/productListItems[*]/SKU\",\n  \"xdm:identityNamespace\": \"lumaProductSKU\"\n}\n"
				},
				"url": {
					"raw": "https://platform.adobe.io/data/foundation/schemaregistry/tenant/descriptors",
					"protocol": "https",
					"host": [
						"platform",
						"adobe",
						"io"
					],
					"path": [
						"data",
						"foundation",
						"schemaregistry",
						"tenant",
						"descriptors"
					]
				},
				"description": "Required fields for defining a descriptor vary based on the `@type` of the descriptor."
			},
			"response": []
		},
		{
			"name": "Create relationship to Luma Product Catalog",
			"event": [
				{
					"listen": "prerequest",
					"script": {
						"exec": [
							"/** Begin Adobe-provided Pre-Request Scripts **/",
							"// Do not send HTTP Headers with empty variables, as Postman will send the literal variable name",
							"pm.request.headers.each(header => {",
							"    if (header.value.startsWith(\"{{\") && header.value.endsWith(\"}}\")) {",
							"        if (!pm.variables.get(header.value.substring(2, header.value.length - 2))) { pm.request.headers.remove(header.key); }",
							"    }",
							"});",
							"",
							"// Do not send HTTP URL Query Parameters with empty variables, as Postman will send the literal variable name",
							"pm.request.url.query.remove(q => { ",
							"    if (q.value.startsWith(\"{{\") && q.value.endsWith(\"}}\")) {",
							"        return !pm.variables.get(q.value.substring(2, q.value.length - 2));",
							"    } ",
							"});",
							"/** End Adobe-provided Pre-Request Scripts **/"
						],
						"type": "text/javascript"
					}
				},
				{
					"listen": "test",
					"script": {
						"exec": [
							"pm.test(\"Status test\", function(){",
							"    pm.response.to.have.status(201)",
							"})"
						],
						"type": "text/javascript"
					}
				}
			],
			"request": {
				"method": "POST",
				"header": [
					{
						"key": "Accept",
						"value": "application/json"
					},
					{
						"key": "Content-Type",
						"value": "application/json"
					},
					{
						"key": "Authorization",
						"value": "Bearer {{ACCESS_TOKEN}}",
						"description": "The access token which can be copied from your Experience Platform integration, prefixed with \"Bearer \". For more information on how to obtain this value, visit the [authentication tutorial](http://www.adobe.com/go/platform-api-authentication-en).",
						"type": "string"
					},
					{
						"key": "x-api-key",
						"value": "{{API_KEY}}",
						"description": "The API key which can be copied from your Experience Platform integration. For more information on how to obtain this value, visit the [authentication tutorial](http://www.adobe.com/go/platform-api-authentication-en).",
						"type": "string"
					},
					{
						"key": "x-gw-ims-org-id",
						"value": "{{IMS_ORG}}",
						"description": "The IMS Organization ID which can be copied from your Experience Platform integration. For more information on how to obtain this value, visit the [authentication tutorial](http://www.adobe.com/go/platform-api-authentication-en).",
						"type": "string"
					},
					{
						"key": "x-sandbox-name",
						"value": "{{SANDBOX_NAME}}",
						"description": "The name of the sandbox in which the operation will take place. See the [sandboxes overview](https://adobe.com/go/sandbox-overview-en) for more information.",
						"type": "string"
					}
				],
				"body": {
					"mode": "raw",
					"raw": "{\n    \"@type\": \"xdm:descriptorOneToOne\",\n    \"xdm:sourceSchema\": \"{{luma_offline_purchase_event_schema_id}}\",\n    \"xdm:sourceVersion\": 1,\n    \"xdm:sourceProperty\": \"/productListItems[*]/SKU\",\n    \"xdm:destinationSchema\":\"{{luma_product_catalog_schema_id}}\",\n    \"xdm:destinationVersion\": 1,\n    \"xdm:destinationProperty\": \"/{{TENANT_ID}}/productSku\"\n}"
				},
				"url": {
					"raw": "https://platform.adobe.io/data/foundation/schemaregistry/tenant/descriptors",
					"protocol": "https",
					"host": [
						"platform",
						"adobe",
						"io"
					],
					"path": [
						"data",
						"foundation",
						"schemaregistry",
						"tenant",
						"descriptors"
					]
				},
				"description": "Required fields for defining a descriptor vary based on the `@type` of the descriptor."
			},
			"response": []
		},
		{
			"name": "Create Luma Offline Purchase Events Dataset",
			"event": [
				{
					"listen": "test",
					"script": {
						"exec": [
							"pm.test(\"Status test\", function(){",
							"    pm.response.to.have.status(201)",
							"})",
							"var jsonData = JSON.parse(responseBody);",
							"postman.setEnvironmentVariable(\"luma_offline_purchase_event_dataset_id\", jsonData[0].split(\"/\")[2]);"
						],
						"type": "text/javascript"
					}
				}
			],
			"request": {
				"method": "POST",
				"header": [
					{
						"key": "Authorization",
						"type": "text",
						"value": "Bearer {{ACCESS_TOKEN}}"
					},
					{
						"key": "x-gw-ims-org-id",
						"type": "text",
						"value": "{{IMS_ORG}}"
					},
					{
						"key": "x-api-key",
						"type": "text",
						"value": "{{API_KEY}}"
					},
					{
						"key": "x-sandbox-name",
						"type": "text",
						"value": "{{SANDBOX_NAME}}"
					},
					{
						"key": "Content-Type",
						"type": "text",
						"value": "application/json"
					}
				],
				"body": {
					"mode": "raw",
					"raw": "{\n    \"name\": \"Luma Offline Purchase Events\",\n    \"schemaRef\": {\n        \"id\": \"{{luma_offline_purchase_event_schema_id}}\",\n        \"contentType\": \"application/vnd.adobe.xed-full-notext+json; version=1\"\n    },\n    \"fileDescription\": {\n        \"persisted\": true,\n        \"containerFormat\": \"parquet\",\n        \"format\": \"parquet\"\n    },\n    \"tags\": {\n        \"unifiedProfile\": [\"enabled:true\"],\n        \"unifiedIdentity\": [\"enabled:true\"]\n    }\n}"
				},
				"url": {
					"raw": "{{platform_end_point}}/data/foundation/catalog/dataSet",
					"host": [
						"{{platform_end_point}}"
					],
					"path": [
						"data",
						"foundation",
						"catalog",
						"dataSet"
					]
				}
			},
			"response": []
		},
		{
			"name": "Create a new batch in Catalog Service",
			"event": [
				{
					"listen": "prerequest",
					"script": {
						"exec": [
							"/** Begin Adobe-provided Pre-Request Scripts **/",
							"// Do not send HTTP Headers with empty variables, as Postman will send the literal variable name",
							"pm.request.headers.each(header => {",
							"    if (header.value.startsWith(\"{{\") && header.value.endsWith(\"}}\")) {",
							"        if (!pm.variables.get(header.value.substring(2, header.value.length - 2))) { pm.request.headers.remove(header.key); }",
							"    }",
							"});",
							"",
							"// Do not send HTTP URL Query Parameters with empty variables, as Postman will send the literal variable name",
							"pm.request.url.query.remove(q => { ",
							"    if (q.value.startsWith(\"{{\") && q.value.endsWith(\"}}\")) {",
							"        return !pm.variables.get(q.value.substring(2, q.value.length - 2));",
							"    } ",
							"});",
							"/** End Adobe-provided Pre-Request Scripts **/"
						],
						"type": "text/javascript"
					}
				},
				{
					"listen": "test",
					"script": {
						"exec": [
							"pm.test(\"Status test\", function(){",
							"    pm.response.to.have.status(201)",
							"})",
							"var jsonData = JSON.parse(responseBody);",
							"postman.setEnvironmentVariable(\"luma_offline_purchase_event_batch_id\", jsonData[\"id\"]);"
						],
						"type": "text/javascript"
					}
				}
			],
			"request": {
				"method": "POST",
				"header": [
					{
						"key": "Accept",
						"value": "application/json"
					},
					{
						"key": "Content-Type",
						"value": "application/json"
					},
					{
						"key": "Authorization",
						"value": "Bearer {{ACCESS_TOKEN}}",
						"description": "The access token which can be copied from your Experience Platform integration, prefixed with \"Bearer \". For more information on how to obtain this value, visit the [authentication tutorial](https://docs.adobe.com/content/help/en/experience-platform/tutorials/authentication.html).",
						"type": "string"
					},
					{
						"key": "x-api-key",
						"value": "{{API_KEY}}",
						"description": "The API key which can be copied from your Experience Platform integration. For more information on how to obtain this value, visit the [authentication tutorial](https://docs.adobe.com/content/help/en/experience-platform/tutorials/authentication.html).",
						"type": "string"
					},
					{
						"key": "x-gw-ims-org-id",
						"value": "{{IMS_ORG}}",
						"description": "The Organization ID which can be copied from your Experience Platform integration. For more information on how to obtain this value, visit the [authentication tutorial](https://docs.adobe.com/content/help/en/experience-platform/tutorials/authentication.html).",
						"type": "string"
					},
					{
						"key": "x-sandbox-name",
						"value": "{{SANDBOX_NAME}}",
						"description": "The name of the sandbox in which the operation will take place. See the [sandboxes overview documentation](https://docs.adobe.com/content/help/en/experience-platform/sandbox/home.html) for more information.",
						"type": "string"
					}
				],
				"body": {
					"mode": "raw",
					"raw": "{\n          \"datasetId\": \"{{luma_offline_purchase_event_dataset_id}}\",\n           \"inputFormat\": {\n                \"format\": \"json\"\n           }\n      }"
				},
				"url": {
					"raw": "https://platform.adobe.io/data/foundation/import/batches",
					"protocol": "https",
					"host": [
						"platform",
						"adobe",
						"io"
					],
					"path": [
						"data",
						"foundation",
						"import",
						"batches"
					]
				}
			},
			"response": []
		},
		{
			"name": "Ingest Luma Offline Purchase Events JSON data",
			"event": [
				{
					"listen": "test",
					"script": {
						"exec": [
							"pm.test(\"Status test\", function(){",
							"    pm.response.to.have.status(200)",
							"})"
						],
						"type": "text/javascript"
					}
				}
			],
			"request": {
				"method": "PUT",
				"header": [
					{
						"key": "Accept",
						"type": "text",
						"value": "application/json"
					},
					{
						"key": "Content-Type",
						"type": "text",
						"value": "application/octet-stream"
					},
					{
						"key": "Authorization",
						"type": "text",
						"value": "Bearer {{ACCESS_TOKEN}}"
					},
					{
						"key": "x-api-key",
						"type": "text",
						"value": "{{API_KEY}}"
					},
					{
						"key": "x-gw-ims-org-id",
						"type": "text",
						"value": "{{IMS_ORG}}"
					},
					{
						"key": "x-sandbox-name",
						"type": "text",
						"value": "{{SANDBOX_NAME}}"
					}
				],
				"body": {
					"mode": "file",
					"file": {
						"src": "{{FILE_PATH}}/luma-data/luma-offline-purchases.json"
					}
				},
				"url": {
					"raw": "https://platform.adobe.io/data/foundation/import/batches/{{luma_offline_purchase_event_batch_id}}/datasets/{{luma_offline_purchase_event_dataset_id}}/files/luma-offline-purchases.json",
					"protocol": "https",
					"host": [
						"platform",
						"adobe",
						"io"
					],
					"path": [
						"data",
						"foundation",
						"import",
						"batches",
						"{{luma_offline_purchase_event_batch_id}}",
						"datasets",
						"{{luma_offline_purchase_event_dataset_id}}",
						"files",
						"luma-offline-purchases.json"
					]
				}
			},
			"response": []
		},
		{
			"name": "Complete batch",
			"event": [
				{
					"listen": "prerequest",
					"script": {
						"exec": [
							"/** Begin Adobe-provided Pre-Request Scripts **/",
							"// Do not send HTTP Headers with empty variables, as Postman will send the literal variable name",
							"pm.request.headers.each(header => {",
							"    if (header.value.startsWith(\"{{\") && header.value.endsWith(\"}}\")) {",
							"        if (!pm.variables.get(header.value.substring(2, header.value.length - 2))) { pm.request.headers.remove(header.key); }",
							"    }",
							"});",
							"",
							"// Do not send HTTP URL Query Parameters with empty variables, as Postman will send the literal variable name",
							"pm.request.url.query.remove(q => { ",
							"    if (q.value.startsWith(\"{{\") && q.value.endsWith(\"}}\")) {",
							"        return !pm.variables.get(q.value.substring(2, q.value.length - 2));",
							"    } ",
							"});",
							"/** End Adobe-provided Pre-Request Scripts **/"
						],
						"type": "text/javascript"
					}
				},
				{
					"listen": "test",
					"script": {
						"exec": [
							"pm.test(\"Status test\", function(){",
							"    pm.response.to.have.status(200)",
							"})"
						],
						"type": "text/javascript"
					}
				}
			],
			"request": {
				"method": "POST",
				"header": [
					{
						"key": "Accept",
						"value": "application/json"
					},
					{
						"key": "Content-Type",
						"value": "application/json"
					},
					{
						"description": "The access token which can be copied from your Experience Platform integration, prefixed with \"Bearer \". For more information on how to obtain this value, visit the [authentication tutorial](https://docs.adobe.com/content/help/en/experience-platform/tutorials/authentication.html).",
						"key": "Authorization",
						"type": "string",
						"value": "Bearer {{ACCESS_TOKEN}}"
					},
					{
						"description": "The API key which can be copied from your Experience Platform integration. For more information on how to obtain this value, visit the [authentication tutorial](https://docs.adobe.com/content/help/en/experience-platform/tutorials/authentication.html).",
						"key": "x-api-key",
						"type": "string",
						"value": "{{API_KEY}}"
					},
					{
						"description": "The Organization ID which can be copied from your Experience Platform integration. For more information on how to obtain this value, visit the [authentication tutorial](https://docs.adobe.com/content/help/en/experience-platform/tutorials/authentication.html).",
						"key": "x-gw-ims-org-id",
						"type": "string",
						"value": "{{IMS_ORG}}"
					},
					{
						"description": "The name of the sandbox in which the operation will take place. See the [sandboxes overview documentation](https://docs.adobe.com/content/help/en/experience-platform/sandbox/home.html) for more information.",
						"key": "x-sandbox-name",
						"type": "string",
						"value": "{{SANDBOX_NAME}}"
					}
				],
				"body": {
					"mode": "raw",
					"raw": ""
				},
				"url": {
					"raw": "https://platform.adobe.io/data/foundation/import/batches/{{luma_offline_purchase_event_batch_id}}?action=COMPLETE",
					"protocol": "https",
					"host": [
						"platform",
						"adobe",
						"io"
					],
					"path": [
						"data",
						"foundation",
						"import",
						"batches",
						"{{luma_offline_purchase_event_batch_id}}"
					],
					"query": [
						{
							"key": "action",
							"value": "COMPLETE"
						}
					]
				}
			},
			"response": []
		}
	],
	"event": [
		{
			"listen": "prerequest",
			"script": {
				"type": "text/javascript",
				"exec": [
					""
				]
			}
		},
		{
			"listen": "test",
			"script": {
				"type": "text/javascript",
				"exec": [
					""
				]
			}
		}
	]
}