{
	"id": "99d846bf-c40b-436f-b73d-4fb00dd94c85",
	"name": "DataInExperiencePlatform",
	"values": [
		{
			"key": "CLIENT_SECRET",
			"value": "",
			"enabled": true
		},
		{
			"key": "API_KEY",
			"value": "",
			"enabled": true
		},
		{
			"key": "ACCESS_TOKEN",
			"value": "",
			"enabled": true
		},
		{
			"key": "SCOPES",
			"value": "openid,AdobeID,read_organizations,additional_info.projectedProductContext,session",
			"type": "default",
			"enabled": true
		},
		{
			"key": "TECHNICAL_ACCOUNT_ID",
			"value": "",
			"enabled": true
		},
		{
			"key": "IMS",
			"value": "ims-na1.adobelogin.com",
			"enabled": true
		},
		{
			"key": "IMS_ORG",
			"value": "",
			"enabled": true
		},
		{
			"key": "SANDBOX_NAME",
			"value": "",
			"enabled": true
		},
		{
			"key": "TENANT_ID",
			"value": "",
			"enabled": true
		},
		{
			"key": "CONTAINER_ID",
			"value": "tenant",
			"enabled": true
		},
		{
			"key": "platform_end_point",
			"value": "https://platform.adobe.io",
			"enabled": true
		},
		{
			"key": "FILE_PATH",
			"value": "",
			"enabled": true
		}
	],
	"_postman_variable_scope": "environment",
	"_postman_exported_at": "2023-06-20T17:17:27.650Z",
	"_postman_exported_using": "Postman/10.15.1"
}