{
	"id": "0992fcfc-f0d6-4b62-aa8f-b4bf3b7288d4",
	"name": "DataInExperiencePlatform",
	"values": [
		{
			"key": "CLIENT_SECRET",
			"value": "",
			"enabled": true
		},
		{
			"key": "API_KEY",
			"value": "",
			"enabled": true
		},
		{
			"key": "META_SCOPE",
			"value": "ent_dataservices_sdk",
			"enabled": true
		},
		{
			"key": "ACCESS_TOKEN",
			"value": "",
			"enabled": true
		},
		{
			"key": "PRIVATE_KEY",
			"value": "",
			"enabled": true
		},
		{
			"key": "JWT_TOKEN",
			"value": "",
			"enabled": true
		},
		{
			"key": "TECHNICAL_ACCOUNT_ID",
			"value": "",
			"enabled": true
		},
		{
			"key": "IMS",
			"value": "ims-na1.adobelogin.com",
			"enabled": true
		},
		{
			"key": "IMS_ORG",
			"value": "",
			"enabled": true
		},
		{
			"key": "SANDBOX_NAME",
			"value": "",
			"enabled": true
		},
		{
			"key": "TENANT_ID",
			"value": "",
			"enabled": true
		},
		{
			"key": "CONTAINER_ID",
			"value": "tenant",
			"enabled": true
		},
		{
			"key": "platform_end_point",
			"value": "https://platform.adobe.io",
			"enabled": true
		},
		{
			"key": "FILE_PATH",
			"value": "",
			"enabled": true
		}
	],
	"_postman_variable_scope": "environment",
	"_postman_exported_at": "2021-03-31T17:20:39.020Z",
	"_postman_exported_using": "Postman/8.0.10"
}