{
  "info": {
    "_postman_id": "db9a880e-7f57-4b87-a0ee-07df7fd05cce",
    "name": "Luma-Loyalty-Data",
    "schema": "https://schema.getpostman.com/json/collection/v2.1.0/collection.json"
  },
  "item": [
    {
      "name": "Create Identity Profile Field Group",
      "event": [
        {
          "listen": "prerequest",
          "script": {
            "exec": [
              "/** Begin Adobe-provided Pre-Request Scripts **/",
              "// Do not send HTTP Headers with empty variables, as Postman will send the literal variable name",
              "pm.request.headers.each(header => {",
              "    if (header.value.startsWith(\"{{\") && header.value.endsWith(\"}}\")) {",
              "        if (!pm.variables.get(header.value.substring(2, header.value.length - 2))) { pm.request.headers.remove(header.key); }",
              "    }",
              "});",
              "",
              "// Do not send HTTP URL Query Parameters with empty variables, as Postman will send the literal variable name",
              "pm.request.url.query.remove(q => { ",
              "    if (q.value.startsWith(\"{{\") && q.value.endsWith(\"}}\")) {",
              "        return !pm.variables.get(q.value.substring(2, q.value.length - 2));",
              "    } ",
              "});",
              "/** End Adobe-provided Pre-Request Scripts **/"
            ],
            "type": "text/javascript"
          }
        },
        {
          "listen": "test",
          "script": {
            "exec": [
              "pm.test(\"Status test\", function(){",
              "    pm.response.to.have.status(201)",
              "})",
              "var jsonData = JSON.parse(responseBody);",
              "postman.setEnvironmentVariable(\"luma_identity_profile_fieldgroup_id\", jsonData[\"$id\"]);"
            ],
            "type": "text/javascript"
          }
        }
      ],
      "request": {
        "method": "POST",
        "header": [
          {
            "key": "Accept",
            "value": "application/json"
          },
          {
            "key": "Content-Type",
            "value": "application/json"
          },
          {
            "description": "The access token which can be copied from your Experience Platform integration, prefixed with \"Bearer \". For more information on how to obtain this value, visit the [authentication tutorial](http://www.adobe.com/go/platform-api-authentication-en).",
            "key": "Authorization",
            "type": "string",
            "value": "Bearer {{ACCESS_TOKEN}}"
          },
          {
            "description": "The API key which can be copied from your Experience Platform integration. For more information on how to obtain this value, visit the [authentication tutorial](http://www.adobe.com/go/platform-api-authentication-en).",
            "key": "x-api-key",
            "type": "string",
            "value": "{{API_KEY}}"
          },
          {
            "description": "The IMS Organization ID which can be copied from your Experience Platform integration. For more information on how to obtain this value, visit the [authentication tutorial](http://www.adobe.com/go/platform-api-authentication-en).",
            "key": "x-gw-ims-org-id",
            "type": "string",
            "value": "{{IMS_ORG}}"
          },
          {
            "description": "The name of the sandbox in which the operation will take place. See the [sandboxes overview](https://adobe.com/go/sandbox-overview-en) for more information.",
            "key": "x-sandbox-name",
            "type": "string",
            "value": "{{SANDBOX_NAME}}"
          }
        ],
        "body": {
          "mode": "raw",
          "raw": "{\n    \"meta:resourceType\": \"mixins\",\n    \"title\": \"Luma Identity Profile Field Group\",\n    \"type\": \"object\",\n    \"description\": \"Luma Identity Profile Field Group\",\n    \"properties\": {\n        \"_techmarketingdemos\": {\n            \"type\": \"object\",\n            \"properties\": {\n                \"systemIdentifier\": {\n                    \"title\": \"System Identifier\",\n                    \"description\": \"\",\n                    \"type\": \"object\",\n                    \"meta:xdmType\": \"object\",\n                    \"properties\": {\n                        \"loyaltyId\": {\n                            \"title\": \"Loyalty Id\",\n                            \"description\": \"\",\n                            \"type\": \"string\",\n                            \"isRequired\": false,\n                            \"meta:xdmType\": \"string\"\n                        },\n                        \"crmId\": {\n                            \"title\": \"CRM Id\",\n                            \"description\": \"\",\n                            \"type\": \"string\",\n                            \"isRequired\": false,\n                            \"meta:xdmType\": \"string\"\n                        }\n                    }\n                }\n            },\n            \"meta:xdmType\": \"object\"\n        }\n    },\n    \"meta:extensible\": true,\n    \"meta:abstract\": true,\n    \"meta:intendedToExtend\": [\n        \"https://ns.adobe.com/xdm/context/profile\"\n    ],\n    \"meta:xdmType\": \"object\"\n}"
        },
        "url": {
          "raw": "https://platform.adobe.io/data/foundation/schemaregistry/tenant/fieldgroups",
          "protocol": "https",
          "host": ["platform", "adobe", "io"],
          "path": ["data", "foundation", "schemaregistry", "tenant", "mixins"]
        }
      },
      "response": []
    },
    {
      "name": "Create System Identidier Datatype",
      "event": [
        {
          "listen": "prerequest",
          "script": {
            "exec": [
              "/** Begin Adobe-provided Pre-Request Scripts **/",
              "// Do not send HTTP Headers with empty variables, as Postman will send the literal variable name",
              "pm.request.headers.each(header => {",
              "    if (header.value.startsWith(\"{{\") && header.value.endsWith(\"}}\")) {",
              "        if (!pm.variables.get(header.value.substring(2, header.value.length - 2))) { pm.request.headers.remove(header.key); }",
              "    }",
              "});",
              "",
              "// Do not send HTTP URL Query Parameters with empty variables, as Postman will send the literal variable name",
              "pm.request.url.query.remove(q => { ",
              "    if (q.value.startsWith(\"{{\") && q.value.endsWith(\"}}\")) {",
              "        return !pm.variables.get(q.value.substring(2, q.value.length - 2));",
              "    } ",
              "});",
              "/** End Adobe-provided Pre-Request Scripts **/"
            ],
            "type": "text/javascript"
          }
        },
        {
          "listen": "test",
          "script": {
            "exec": [
              "pm.test(\"Status test\", function(){",
              "    pm.response.to.have.status(201)",
              "})",
              "var jsonData = JSON.parse(responseBody);",
              "//postman.setEnvironmentVariable(\"system_identifier_dataype_id\", jsonData[\"meta:altId\"]);",
              "postman.setEnvironmentVariable(\"system_identifier_dataype_id\", jsonData[\"$id\"]);"
            ],
            "type": "text/javascript"
          }
        }
      ],
      "request": {
        "method": "POST",
        "header": [
          {
            "key": "Accept",
            "value": "application/json"
          },
          {
            "key": "Content-Type",
            "value": "application/json"
          },
          {
            "description": "The API key which can be copied from your Experience Platform integration. For more information on how to obtain this value, visit the [authentication tutorial](http://www.adobe.com/go/platform-api-authentication-en).",
            "key": "x-api-key",
            "type": "string",
            "value": "{{API_KEY}}"
          },
          {
            "description": "The IMS Organization ID which can be copied from your Experience Platform integration. For more information on how to obtain this value, visit the [authentication tutorial](http://www.adobe.com/go/platform-api-authentication-en).",
            "key": "x-gw-ims-org-id",
            "type": "string",
            "value": "{{IMS_ORG}}"
          },
          {
            "description": "The name of the sandbox in which the operation will take place. See the [sandboxes overview](https://adobe.com/go/sandbox-overview-en) for more information.",
            "key": "x-sandbox-name",
            "type": "string",
            "value": "{{SANDBOX_NAME}}"
          },
          {
            "description": "The desired response format (eg. application/vnd.adobe.xed-full+json; version=1). \"Version\" is required.",
            "key": "Accept",
            "type": "string",
            "value": "*/*"
          },
          {
            "description": "The access token which can be copied from your Experience Platform integration, prefixed with \"Bearer \". For more information on how to obtain this value, visit the [authentication tutorial](http://www.adobe.com/go/platform-api-authentication-en).",
            "key": "Authorization",
            "type": "string",
            "value": "Bearer {{ACCESS_TOKEN}}"
          }
        ],
        "body": {
          "mode": "raw",
          "raw": "{\n    \"meta:resourceType\": \"datatypes\",\n    \"title\": \"System Identifier\",\n    \"type\": \"object\",\n    \"description\": \"System Identifier Data type \",\n    \"properties\": {\n        \"loyaltyId\": {\n            \"title\": \"Loyalty Id\",\n            \"description\": \"\",\n            \"type\": \"string\",\n            \"isRequired\": false,\n            \"meta:xdmType\": \"string\"\n        },\n        \"crmId\": {\n            \"title\": \"CRM Id\",\n            \"description\": \"\",\n            \"type\": \"string\",\n            \"isRequired\": false,\n            \"meta:xdmType\": \"string\"\n        }\n    },\n    \"meta:extensible\": true,\n    \"meta:abstract\": true,\n    \"meta:xdmType\": \"object\"\n}"
        },
        "url": {
          "raw": "https://platform.adobe.io/data/foundation/schemaregistry/tenant/datatypes",
          "protocol": "https",
          "host": ["platform", "adobe", "io"],
          "path": [
            "data",
            "foundation",
            "schemaregistry",
            "tenant",
            "datatypes"
          ]
        }
      },
      "response": []
    },
    {
      "name": "Create Loyalty Field Group",
      "event": [
        {
          "listen": "prerequest",
          "script": {
            "exec": [
              "/** Begin Adobe-provided Pre-Request Scripts **/",
              "// Do not send HTTP Headers with empty variables, as Postman will send the literal variable name",
              "pm.request.headers.each(header => {",
              "    if (header.value.startsWith(\"{{\") && header.value.endsWith(\"}}\")) {",
              "        if (!pm.variables.get(header.value.substring(2, header.value.length - 2))) { pm.request.headers.remove(header.key); }",
              "    }",
              "});",
              "",
              "// Do not send HTTP URL Query Parameters with empty variables, as Postman will send the literal variable name",
              "pm.request.url.query.remove(q => { ",
              "    if (q.value.startsWith(\"{{\") && q.value.endsWith(\"}}\")) {",
              "        return !pm.variables.get(q.value.substring(2, q.value.length - 2));",
              "    } ",
              "});",
              "/** End Adobe-provided Pre-Request Scripts **/"
            ],
            "type": "text/javascript"
          }
        },
        {
          "listen": "test",
          "script": {
            "exec": [
              "pm.test(\"Status test\", function(){",
              "    pm.response.to.have.status(201)",
              "})",
              "var jsonData = JSON.parse(responseBody);",
              "postman.setEnvironmentVariable(\"luma_loyalty_fieldgroup_id\", jsonData[\"$id\"]);"
            ],
            "type": "text/javascript"
          }
        }
      ],
      "request": {
        "method": "POST",
        "header": [
          {
            "key": "Accept",
            "value": "application/json"
          },
          {
            "key": "Content-Type",
            "value": "application/json"
          },
          {
            "description": "The access token which can be copied from your Experience Platform integration, prefixed with \"Bearer \". For more information on how to obtain this value, visit the [authentication tutorial](http://www.adobe.com/go/platform-api-authentication-en).",
            "key": "Authorization",
            "type": "string",
            "value": "Bearer {{ACCESS_TOKEN}}"
          },
          {
            "description": "The API key which can be copied from your Experience Platform integration. For more information on how to obtain this value, visit the [authentication tutorial](http://www.adobe.com/go/platform-api-authentication-en).",
            "key": "x-api-key",
            "type": "string",
            "value": "{{API_KEY}}"
          },
          {
            "description": "The IMS Organization ID which can be copied from your Experience Platform integration. For more information on how to obtain this value, visit the [authentication tutorial](http://www.adobe.com/go/platform-api-authentication-en).",
            "key": "x-gw-ims-org-id",
            "type": "string",
            "value": "{{IMS_ORG}}"
          },
          {
            "description": "The name of the sandbox in which the operation will take place. See the [sandboxes overview](https://adobe.com/go/sandbox-overview-en) for more information.",
            "key": "x-sandbox-name",
            "type": "string",
            "value": "{{SANDBOX_NAME}}"
          }
        ],
        "body": {
          "mode": "raw",
          "raw": "{\n    \"meta:resourceType\": \"mixins\",\n    \"title\": \"Luma Loyalty Field Group\",\n    \"type\": \"object\",\n    \"description\": \"Loyalty Program Field Group to describe members of the Loyalty Program.\",\n    \"properties\": {\n        \"_techmarketingdemos\": {\n            \"type\": \"object\",\n            \"properties\": {\n                \"loyalty\": {\n                    \"title\": \"Loyalty\",\n                    \"description\": \"\",\n                    \"type\": \"object\",\n                    \"isRequired\": false,\n                    \"properties\": {\n                        \"memberSince\": {\n                            \"title\": \"Member Since\",\n                            \"description\": \"\",\n                            \"type\": \"string\",\n                            \"isRequired\": false,\n                            \"format\": \"date\",\n                            \"meta:xdmType\": \"date\"\n                        },\n                        \"points\": {\n                            \"title\": \"Points\",\n                            \"description\": \"\",\n                            \"type\": \"integer\",\n                            \"isRequired\": false,\n                            \"meta:xdmType\": \"int\"\n                        },\n                        \"level\": {\n                            \"title\": \"Level\",\n                            \"description\": \"\",\n                            \"type\": \"string\",\n                            \"isRequired\": false,\n                            \"enum\": [\n                                \"bronze\",\n                                \"silver\",\n                                \"gold\",\n                                \"platinum\"\n                            ],\n                            \"meta:enum\": {\n                                \"bronze\": \"Bronze\",\n                                \"silver\": \"Silver\",\n                                \"gold\": \"Gold\",\n                                \"platinum\": \"Platinum\"\n                            },\n                            \"meta:xdmType\": \"string\"\n                        }\n                    },\n                    \"meta:xdmType\": \"object\"\n                }\n            },\n            \"meta:xdmType\": \"object\"\n        }\n    },\n    \"meta:extensible\": true,\n    \"meta:abstract\": true,\n    \"meta:intendedToExtend\": [\n        \"https://ns.adobe.com/xdm/context/profile\"\n    ],\n    \"meta:xdmType\": \"object\"\n}"
        },
        "url": {
          "raw": "https://platform.adobe.io/data/foundation/schemaregistry/tenant/fieldgroups",
          "protocol": "https",
          "host": ["platform", "adobe", "io"],
          "path": ["data", "foundation", "schemaregistry", "tenant", "mixins"]
        }
      },
      "response": []
    },
    {
      "name": "Create Loyalty Schema",
      "event": [
        {
          "listen": "prerequest",
          "script": {
            "exec": [
              "/** Begin Adobe-provided Pre-Request Scripts **/",
              "// Do not send HTTP Headers with empty variables, as Postman will send the literal variable name",
              "pm.request.headers.each(header => {",
              "    if (header.value.startsWith(\"{{\") && header.value.endsWith(\"}}\")) {",
              "        if (!pm.variables.get(header.value.substring(2, header.value.length - 2))) { pm.request.headers.remove(header.key); }",
              "    }",
              "});",
              "",
              "// Do not send HTTP URL Query Parameters with empty variables, as Postman will send the literal variable name",
              "pm.request.url.query.remove(q => { ",
              "    if (q.value.startsWith(\"{{\") && q.value.endsWith(\"}}\")) {",
              "        return !pm.variables.get(q.value.substring(2, q.value.length - 2));",
              "    } ",
              "});",
              "/** End Adobe-provided Pre-Request Scripts **/"
            ],
            "type": "text/javascript"
          }
        },
        {
          "listen": "test",
          "script": {
            "exec": [
              "pm.test(\"Status test\", function(){",
              "    pm.response.to.have.status(201)",
              "})",
              "var jsonData = JSON.parse(responseBody);",
              "postman.setEnvironmentVariable(\"luma_loyalty_schema_id\", jsonData[\"meta:altId\"]);"
            ],
            "type": "text/javascript"
          }
        }
      ],
      "request": {
        "method": "POST",
        "header": [
          {
            "key": "Accept",
            "value": "application/json"
          },
          {
            "key": "Content-Type",
            "value": "application/json"
          },
          {
            "description": "The access token which can be copied from your Experience Platform integration, prefixed with \"Bearer \". For more information on how to obtain this value, visit the [authentication tutorial](http://www.adobe.com/go/platform-api-authentication-en).",
            "key": "Authorization",
            "type": "string",
            "value": "Bearer {{ACCESS_TOKEN}}"
          },
          {
            "description": "The API key which can be copied from your Experience Platform integration. For more information on how to obtain this value, visit the [authentication tutorial](http://www.adobe.com/go/platform-api-authentication-en).",
            "key": "x-api-key",
            "type": "string",
            "value": "{{API_KEY}}"
          },
          {
            "description": "The IMS Organization ID which can be copied from your Experience Platform integration. For more information on how to obtain this value, visit the [authentication tutorial](http://www.adobe.com/go/platform-api-authentication-en).",
            "key": "x-gw-ims-org-id",
            "type": "string",
            "value": "{{IMS_ORG}}"
          },
          {
            "description": "The name of the sandbox in which the operation will take place. See the [sandboxes overview](https://adobe.com/go/sandbox-overview-en) for more information.",
            "key": "x-sandbox-name",
            "type": "string",
            "value": "{{SANDBOX_NAME}}"
          }
        ],
        "body": {
          "mode": "raw",
          "raw": "{\n    \"meta:resourceType\": \"schemas\",\n    \"title\": \"Luma Loyalty Schema\",\n    \"type\": \"object\",\n    \"description\": \"\",\n    \"allOf\": [\n        {\n            \"$ref\": \"https://ns.adobe.com/xdm/context/profile\",\n            \"type\": \"object\",\n            \"meta:xdmType\": \"object\"\n        },\n        {\n            \"$ref\": \"https://ns.adobe.com/xdm/context/profile-personal-details\",\n            \"type\": \"object\",\n            \"meta:xdmType\": \"object\"\n        },\n        {\n            \"$ref\": \"https://ns.adobe.com/xdm/context/profile-person-details\",\n            \"type\": \"object\",\n            \"meta:xdmType\": \"object\"\n        },\n        {\n            \"$ref\": \"{{luma_loyalty_fieldgroup_id}}\",\n            \"type\": \"object\",\n            \"meta:xdmType\": \"object\"\n        },\n        {\n            \"$ref\": \"{{luma_identity_profile_fieldgroup_id}}\",\n            \"type\": \"object\",\n            \"meta:xdmType\": \"object\"\n        }\n    ],\n    \"meta:extensible\": false,\n    \"meta:abstract\": false,\n    \"meta:extends\": [\n        \"https://ns.adobe.com/xdm/context/profile-person-details\",\n        \"https://ns.adobe.com/xdm/context/profile-personal-details\",\n        \"https://ns.adobe.com/xdm/common/auditable\",\n        \"https://ns.adobe.com/xdm/data/record\",\n        \"https://ns.adobe.com/xdm/context/profile\",\n        \"{{luma_loyalty_fieldgroup_id}}\",\n        \"{{luma_identity_profile_fieldgroup_id}}\"\n    ],\n    \"meta:xdmType\": \"object\",\n    \"meta:immutableTags\": [\n        \"union\"\n    ]\n}"
        },
        "url": {
          "raw": "https://platform.adobe.io/data/foundation/schemaregistry/tenant/schemas",
          "protocol": "https",
          "host": ["platform", "adobe", "io"],
          "path": ["data", "foundation", "schemaregistry", "tenant", "schemas"]
        }
      },
      "response": []
    },
    {
      "name": "Create Loyalty Dataset",
      "event": [
        {
          "listen": "test",
          "script": {
            "exec": [
              "pm.test(\"Status test\", function(){",
              "    pm.response.to.have.status(201)",
              "})",
              "var jsonData = JSON.parse(responseBody);",
              "postman.setEnvironmentVariable(\"loyalty_dataset_id\", jsonData[0].split(\"/\")[2]);"
            ],
            "type": "text/javascript"
          }
        }
      ],
      "request": {
        "method": "POST",
        "header": [
          {
            "key": "Authorization",
            "type": "text",
            "value": "Bearer {{ACCESS_TOKEN}}"
          },
          {
            "key": "x-gw-ims-org-id",
            "type": "text",
            "value": "{{IMS_ORG}}"
          },
          {
            "key": "x-api-key",
            "type": "text",
            "value": "{{API_KEY}}"
          },
          {
            "key": "x-sandbox-name",
            "type": "text",
            "value": "{{SANDBOX_NAME}}"
          },
          {
            "key": "Content-Type",
            "type": "text",
            "value": "application/json"
          }
        ],
        "body": {
          "mode": "raw",
          "raw": "{\n    \"name\": \"Luma Loyalty Dataset\",\n    \"schemaRef\": {\n        \"id\": \"{{luma_loyalty_schema_id}}\",\n        \"contentType\": \"application/vnd.adobe.xed-full-notext+json; version=1\"\n    },\n    \"fileDescription\": {\n        \"persisted\": true,\n        \"containerFormat\": \"parquet\",\n        \"format\": \"parquet\"\n    }\n}"
        },
        "url": {
          "raw": "{{platform_end_point}}/data/foundation/catalog/dataSet",
          "host": ["{{platform_end_point}}"],
          "path": ["data", "foundation", "catalog", "dataSet"]
        }
      },
      "response": []
    },
    {
      "name": "Create a new batch in Catalog Service",
      "event": [
        {
          "listen": "prerequest",
          "script": {
            "exec": [
              "/** Begin Adobe-provided Pre-Request Scripts **/",
              "// Do not send HTTP Headers with empty variables, as Postman will send the literal variable name",
              "pm.request.headers.each(header => {",
              "    if (header.value.startsWith(\"{{\") && header.value.endsWith(\"}}\")) {",
              "        if (!pm.variables.get(header.value.substring(2, header.value.length - 2))) { pm.request.headers.remove(header.key); }",
              "    }",
              "});",
              "",
              "// Do not send HTTP URL Query Parameters with empty variables, as Postman will send the literal variable name",
              "pm.request.url.query.remove(q => { ",
              "    if (q.value.startsWith(\"{{\") && q.value.endsWith(\"}}\")) {",
              "        return !pm.variables.get(q.value.substring(2, q.value.length - 2));",
              "    } ",
              "});",
              "/** End Adobe-provided Pre-Request Scripts **/"
            ],
            "type": "text/javascript"
          }
        },
        {
          "listen": "test",
          "script": {
            "exec": [
              "pm.test(\"Status test\", function(){",
              "    pm.response.to.have.status(201)",
              "})",
              "var jsonData = JSON.parse(responseBody);",
              "postman.setEnvironmentVariable(\"luma-loyalty-batch-id\", jsonData[\"id\"]);"
            ],
            "type": "text/javascript"
          }
        }
      ],
      "request": {
        "method": "POST",
        "header": [
          {
            "key": "Accept",
            "value": "application/json"
          },
          {
            "key": "Content-Type",
            "value": "application/json"
          },
          {
            "key": "Authorization",
            "value": "Bearer {{ACCESS_TOKEN}}",
            "description": "The access token which can be copied from your Experience Platform integration, prefixed with \"Bearer \". For more information on how to obtain this value, visit the [authentication tutorial](https://docs.adobe.com/content/help/en/experience-platform/tutorials/authentication.html).",
            "type": "string"
          },
          {
            "key": "x-api-key",
            "value": "{{API_KEY}}",
            "description": "The API key which can be copied from your Experience Platform integration. For more information on how to obtain this value, visit the [authentication tutorial](https://docs.adobe.com/content/help/en/experience-platform/tutorials/authentication.html).",
            "type": "string"
          },
          {
            "key": "x-gw-ims-org-id",
            "value": "{{IMS_ORG}}",
            "description": "The Organization ID which can be copied from your Experience Platform integration. For more information on how to obtain this value, visit the [authentication tutorial](https://docs.adobe.com/content/help/en/experience-platform/tutorials/authentication.html).",
            "type": "string"
          },
          {
            "key": "x-sandbox-name",
            "value": "{{SANDBOX_NAME}}",
            "description": "The name of the sandbox in which the operation will take place. See the [sandboxes overview documentation](https://docs.adobe.com/content/help/en/experience-platform/sandbox/home.html) for more information.",
            "type": "string"
          }
        ],
        "body": {
          "mode": "raw",
          "raw": "{\n          \"datasetId\": \"{{loyalty_dataset_id}}\",\n           \"inputFormat\": {\n                \"format\": \"json\"\n           }\n      }"
        },
        "url": {
          "raw": "https://platform.adobe.io/data/foundation/import/batches",
          "protocol": "https",
          "host": ["platform", "adobe", "io"],
          "path": ["data", "foundation", "import", "batches"]
        }
      },
      "response": []
    },
    {
      "name": "Ingest Loyalty JSON data",
      "event": [
        {
          "listen": "test",
          "script": {
            "exec": [
              "pm.test(\"Status test\", function(){",
              "    pm.response.to.have.status(200)",
              "})"
            ],
            "type": "text/javascript"
          }
        }
      ],
      "request": {
        "method": "PUT",
        "header": [
          {
            "key": "Accept",
            "type": "text",
            "value": "application/json"
          },
          {
            "key": "Content-Type",
            "type": "text",
            "value": "application/octet-stream"
          },
          {
            "key": "Authorization",
            "type": "text",
            "value": "Bearer {{ACCESS_TOKEN}}"
          },
          {
            "key": "x-api-key",
            "type": "text",
            "value": "{{API_KEY}}"
          },
          {
            "key": "x-gw-ims-org-id",
            "type": "text",
            "value": "{{IMS_ORG}}"
          },
          {
            "key": "x-sandbox-name",
            "type": "text",
            "value": "{{SANDBOX_NAME}}"
          }
        ],
        "body": {
          "mode": "file",
          "file": {
            "src": "{{FILE_PATH}}/luma-data/luma-loyalty.json"
          }
        },
        "url": {
          "raw": "https://platform.adobe.io/data/foundation/import/batches/{{luma-loyalty-batch-id}}/datasets/{{loyalty_dataset_id}}/files/luma-loyalty.json",
          "protocol": "https",
          "host": ["platform", "adobe", "io"],
          "path": [
            "data",
            "foundation",
            "import",
            "batches",
            "{{luma-loyalty-batch-id}}",
            "datasets",
            "{{loyalty_dataset_id}}",
            "files",
            "luma-loyalty.json"
          ]
        }
      },
      "response": []
    },
    {
      "name": "Complete batch",
      "event": [
        {
          "listen": "prerequest",
          "script": {
            "exec": [
              "/** Begin Adobe-provided Pre-Request Scripts **/",
              "// Do not send HTTP Headers with empty variables, as Postman will send the literal variable name",
              "pm.request.headers.each(header => {",
              "    if (header.value.startsWith(\"{{\") && header.value.endsWith(\"}}\")) {",
              "        if (!pm.variables.get(header.value.substring(2, header.value.length - 2))) { pm.request.headers.remove(header.key); }",
              "    }",
              "});",
              "",
              "// Do not send HTTP URL Query Parameters with empty variables, as Postman will send the literal variable name",
              "pm.request.url.query.remove(q => { ",
              "    if (q.value.startsWith(\"{{\") && q.value.endsWith(\"}}\")) {",
              "        return !pm.variables.get(q.value.substring(2, q.value.length - 2));",
              "    } ",
              "});",
              "/** End Adobe-provided Pre-Request Scripts **/"
            ],
            "type": "text/javascript"
          }
        },
        {
          "listen": "test",
          "script": {
            "exec": [
              "pm.test(\"Status test\", function(){",
              "    pm.response.to.have.status(200)",
              "})"
            ],
            "type": "text/javascript"
          }
        }
      ],
      "request": {
        "method": "POST",
        "header": [
          {
            "key": "Accept",
            "value": "application/json"
          },
          {
            "key": "Content-Type",
            "value": "application/json"
          },
          {
            "description": "The access token which can be copied from your Experience Platform integration, prefixed with \"Bearer \". For more information on how to obtain this value, visit the [authentication tutorial](https://docs.adobe.com/content/help/en/experience-platform/tutorials/authentication.html).",
            "key": "Authorization",
            "type": "string",
            "value": "Bearer {{ACCESS_TOKEN}}"
          },
          {
            "description": "The API key which can be copied from your Experience Platform integration. For more information on how to obtain this value, visit the [authentication tutorial](https://docs.adobe.com/content/help/en/experience-platform/tutorials/authentication.html).",
            "key": "x-api-key",
            "type": "string",
            "value": "{{API_KEY}}"
          },
          {
            "description": "The Organization ID which can be copied from your Experience Platform integration. For more information on how to obtain this value, visit the [authentication tutorial](https://docs.adobe.com/content/help/en/experience-platform/tutorials/authentication.html).",
            "key": "x-gw-ims-org-id",
            "type": "string",
            "value": "{{IMS_ORG}}"
          },
          {
            "description": "The name of the sandbox in which the operation will take place. See the [sandboxes overview documentation](https://docs.adobe.com/content/help/en/experience-platform/sandbox/home.html) for more information.",
            "key": "x-sandbox-name",
            "type": "string",
            "value": "{{SANDBOX_NAME}}"
          }
        ],
        "body": {
          "mode": "raw",
          "raw": ""
        },
        "url": {
          "raw": "https://platform.adobe.io/data/foundation/import/batches/{{luma-loyalty-batch-id}}?action=COMPLETE",
          "protocol": "https",
          "host": ["platform", "adobe", "io"],
          "path": [
            "data",
            "foundation",
            "import",
            "batches",
            "{{luma-loyalty-batch-id}}"
          ],
          "query": [
            {
              "key": "action",
              "value": "COMPLETE"
            }
          ]
        }
      },
      "response": []
    }
  ],
  "event": [
    {
      "listen": "prerequest",
      "script": {
        "type": "text/javascript",
        "exec": [""]
      }
    },
    {
      "listen": "test",
      "script": {
        "type": "text/javascript",
        "exec": [""]
      }
    }
  ]
}
