[
    {
      "_yourTenantId": {
         "product": {
            "sku": "LLMSH08",
            "name": "Orestes Fitness Short",
            "category": "men:bottoms",
            "color": "black",
            "size": "32",
            "price": 35,
            "description": "You're out of excuses not to run, lift, or play when you own a pair of the Orestes Fitness Short. You won't complain about the high-performance polyester wicking fabric, reflective safety trim or seamless built-in comfort brief, either.",
            "imageUrl": "https://luma.enablementadobe.com/content/dam/luma/en/products/men/bottoms/shirts/msh08-black_main.jpg",
            "url": "https://luma.enablementadobe.com/content/luma/us/en/products/men/bottoms/shorts/orestes-fitness-short.html#LLMSH32-32",
            "stockQuantity": 0
         }
      }
   },
    {
      "_yourTenantId": {
         "product": {
            "sku": "LLMP08",
            "name": "Zeppelin Yoga Pant",
            "category": "men:bottoms:pants",
            "color": "green",
            "size": "32",
            "price": 65.6,
            "description": "Climb every mountain, or hold every pose, in the all-purpose Zepellin Yoga Pant. With its thin fleece interior and smooth layer-friendly surface, you'll get all the comfort and versatility you need.",
            "imageUrl": "https://luma.enablementadobe.com/content/dam/luma/en/products/men/bottoms/pants/mp08-green_main.jpg",
            "url": "https://luma.enablementadobe.com/content/luma/us/en/products/men/bottoms/pants/zeppelin-yoga-pant.html#LLMP08.1-32",
            "stockQuantity": 10
         }
      }
   },
    {
      "_yourTenantId": {
         "product": {
            "sku": "LLMP09",
            "name": "Livingston All-Purpose Tight",
            "category": "men:bottoms:pants",
            "color": "black",
            "size": "32",
            "price": 60,
            "description": "It's not often that your pants work as a yoga staple and a climbing buddy. The Livingston All-Purpose Tight is made with soft, 11% cotton and nylon polymer stretch construction that lets you find the right angle in the studio or on the mountain side.",
            "imageUrl": "https://luma.enablementadobe.com/content/dam/luma/en/products/men/bottoms/pants/mp09-black_main.jpg",
            "url": "https://luma.enablementadobe.com/content/luma/us/en/products/men/bottoms/pants/livingston-all-purpose-tight.html#LLMP09.1-32",
            "stockQuantity": 5
         }
      }
   },
    {
      "_yourTenantId": {
         "product": {
            "sku": "LLMP10",
            "name": "Orestes Yoga Pant",
            "category": "men:bottoms:pants",
            "color": "black",
            "size": "32",
            "price": 52.8,
            "description": "The Orestes Yoga Pant is a yoga basic that sustains the novice yogi well into the expert stage. Organic sustainable cotton and 9% stretch spandex let your body bend to your will while your conscience stays clear.",
            "imageUrl": "https://luma.enablementadobe.com/content/dam/luma/en/products/men/bottoms/pants/mp10-black_main.jpg",
            "url": "https://luma.enablementadobe.com/content/luma/us/en/products/men/bottoms/pants/orestes-yoga-pant.html#LLMP10.1-32",
            "stockQuantity": 18
         }
      }
   },
    {
      "_yourTenantId": {
         "product": {
            "sku": "LLMP11",
            "name": "Aether Gym Pant",
            "category": "men:bottoms:pants",
            "color": "tan",
            "size": "32",
            "price": 59.2,
            "description": "The Aether Gym Pant is built for the studio, but adapts perfectly well to outdoor and gym environs too. With lightweight stretch fabric and water-repellent exterior, the Aether is ready for all comers.",
            "imageUrl": "https://luma.enablementadobe.com/content/dam/luma/en/products/men/bottoms/pants/mp11-brown_main.jpg",
            "url": "https://luma.enablementadobe.com/content/luma/us/en/products/men/bottoms/pants/aether-gym-pant.html#LLMP11.1-32",
            "stockQuantity": 7
         }
      }
   },
    {
      "_yourTenantId": {
         "product": {
            "sku": "LLMP12",
            "name": "Cronus Yoga Pant",
            "category": "men:bottoms:pants",
            "color": "black",
            "size": "32",
            "price": 38.4,
            "description": "Guys who love yoga love this all-purpose yoga pant. Designed for yoga, gym and lounge, the Cronus Yoga Pant is a loose-fitting, classic-style pant made from a lightweight blend of cotton, recycled polyester and a touch of Spandex for the stretch factor.",
            "imageUrl": "https://luma.enablementadobe.com/content/dam/luma/en/products/men/bottoms/pants/mp12-black_main.jpg",
            "url": "https://luma.enablementadobe.com/content/luma/us/en/products/men/bottoms/pants/cronus-yoga-pant.html#LLMP12.1-32",
            "stockQuantity": 0
         }
      }
   },
    {
      "_yourTenantId": {
         "product": {
            "sku": "LLMSH09",
            "name": "Troy Yoga Short",
            "category": "men:bottoms:shorts",
            "color": "blue",
            "size": "32",
            "price": 24,
            "description": "The versatile, all-purpose Troy Yoga Short is knee-lengthed with an elastic waistband with drawstring, making it comfortably flexible. The removable LumaTech™ wicking liner is also bacteria resistant.",
            "imageUrl": "https://luma.enablementadobe.com/content/dam/luma/en/products/men/bottoms/shirts/msh09-blue_main.jpg",
            "url": "https://luma.enablementadobe.com/content/luma/us/en/products/men/bottoms/shorts/troy-yoga-short.html#LLMSH09.1-32",
            "stockQuantity": 29
         }
      }
   },
    {
      "_yourTenantId": {
         "product": {
            "sku": "LLMSH10",
            "name": "Sol Active Short",
            "category": "men:bottoms:shorts",
            "color": "blue",
            "size": "32",
            "price": 32,
            "description": "You'll let your fear go and push your limits in your new Sol Active Short. Featuring ultra-breathable performance fabric and a flat comfort-fit waistband, the Sol Active Short is perfect for high-intensity circuits or high-heat bikram.",
            "imageUrl": "https://luma.enablementadobe.com/content/dam/luma/en/products/men/bottoms/shirts/msh10-blue_main.jpg",
            "url": "https://luma.enablementadobe.com/content/luma/us/en/products/men/bottoms/shorts/sol-active-short.html#LLMSH10.1-32",
            "stockQuantity": 15
         }
      }
   },
    {
      "_yourTenantId": {
         "product": {
            "sku": "LLMSH11",
            "name": "Arcadio Gym Short",
            "category": "men:bottoms:shorts",
            "color": "blue",
            "size": "32",
            "price": 20,
            "description": "The Arcadio Gym short is a basic-looking piece with a lot more than meets the eye: casual-yet-functional relaxed fit, comfortable waistband and adjustable drawstring. Everything you need, plus more.",
            "imageUrl": "https://luma.enablementadobe.com/content/dam/luma/en/products/men/bottoms/shirts/msh11-blue_main.jpg",
            "url": "https://luma.enablementadobe.com/content/luma/us/en/products/men/bottoms/shorts/arcadio-gym-short.html#LLMSH11.1-32",
            "stockQuantity": 22
         }
      }
   },
    {
      "_yourTenantId": {
         "product": {
            "sku": "LLMSH12",
            "name": "Pierce Gym Short",
            "category": "men:bottoms:shorts",
            "color": "red",
            "size": "32",
            "price": 27,
            "description": "The Pierce Gym Short is similar to our Arcadio Gym Short, but designed with a fitted, tapered look. A flat waistband with an adjustable drawstring adds comfort, with zippered pockets for safe, easy storage.",
            "imageUrl": "https://luma.enablementadobe.com/content/dam/luma/en/products/men/bottoms/shirts/msh12-red_main.jpg",
            "url": "https://luma.enablementadobe.com/content/luma/us/en/products/men/bottoms/shorts/pierce-gym-short.html#LLMSH12.1-32",
            "stockQuantity": 0
         }
      }
   },
    {
      "_yourTenantId": {
         "product": {
            "sku": "LLMH09.1-s",
            "name": "Abominable Hoodie",
            "category": "men:tops:hoodies_sweatshirts",
            "color": "blue",
            "size": "s",
            "price": 69,
            "description": "It took CoolTech™ weather apparel know-how and lots of wind-resistant fabric to get the Abominable Hoodie just right. It's aggressively warm when it needs to be, while maintaining your comfort in milder climes.",
            "imageUrl": "https://luma.enablementadobe.com/content/dam/luma/en/products/men/tops/hoodies-&-sweatshirts/mh09-blue_main.jpg",
            "url": "https://luma.enablementadobe.com/content/luma/us/en/products/men/tops/hoodies_sweatshirts/abominable-hoodie.html#LLMH09.1-S",
            "stockQuantity": 0
         }
      }
   },
    {
      "_yourTenantId": {
         "product": {
            "sku": "LLMH09.2-S",
            "name": "Abominable Hoodie",
            "category": "men:tops:hoodies_sweatshirts",
            "color": "red",
            "size": "s",
            "price": 69,
            "description": "It took CoolTech™ weather apparel know-how and lots of wind-resistant fabric to get the Abominable Hoodie just right. It's aggressively warm when it needs to be, while maintaining your comfort in milder climes.",
            "imageUrl": "https://luma.enablementadobe.com/content/dam/luma/en/products/men/tops/hoodies-&-sweatshirts/mh09-red_main.jpg",
            "url": "https://luma.enablementadobe.com/content/luma/us/en/products/men/tops/hoodies_sweatshirts/abominable-hoodie.html#LLMH09.2-S",
            "stockQuantity": 10
         }
      }
   },
    {
      "_yourTenantId": {
         "product": {
            "sku": "LLMH10",
            "name": "Mach Street Sweatshirt",
            "category": "men:tops:hoodies_sweatshirts",
            "color": "blue",
            "size": "s",
            "price": 62,
            "description": "From hard streets to asphalt track, the Mach Street Sweatshirt holds up to wear and wind and rain. An infusion of performance and stylish comfort, with moisture-wicking LumaTech™ fabric, it's bound to become an everyday part of your active lifestyle",
            "imageUrl": "https://luma.enablementadobe.com/content/dam/luma/en/products/men/tops/hoodies-&-sweatshirts/mh10-blue_main.jpg",
            "url": "https://luma.enablementadobe.com/content/luma/us/en/products/men/tops/hoodies_sweatshirts/mach-street-sweatshirt.html#LLMH10.1-S",
            "stockQuantity": 1
         }
      }
   },
    {
      "_yourTenantId": {
         "product": {
            "sku": "LLMH11",
            "name": "Grayson Crewneck Sweatshirt",
            "category": "men:tops:hoodies_sweatshirts",
            "color": "white",
            "size": "s",
            "price": 64,
            "description": "The Grayson Crewneck Sweatshirt gives you that ageless, classic look ™ a style that comes back around nearly every season. What's more, its performance and temp-control values are always in vogue.",
            "imageUrl": "https://luma.enablementadobe.com/content/dam/luma/en/products/men/tops/hoodies-&-sweatshirts/mh11-white_main.jpg",
            "url": "https://luma.enablementadobe.com/content/luma/us/en/products/men/tops/hoodies_sweatshirts/grayson-crewneck-sweatshirt.html#LLMH11.1-S",
            "stockQuantity": 5
         }
      }
   },
    {
      "_yourTenantId": {
         "product": {
            "sku": "LLMH12.3-S",
            "name": "Ajax Full-Zip Sweatshirt",
            "category": "men:tops:hoodies_sweatshirts",
            "color": "green",
            "size": "s",
            "price": 69,
            "description": "The Ajax Full-Zip Sweatshirt makes the optimal layering or outer piece for archers, golfers, hikers and virtually any other sportsmen. Not only does it have top-notch moisture-wicking abilities, but the tight-weave fabric also prevents pilling from repeated wash-and-wear cycles.",
            "imageUrl": "https://luma.enablementadobe.com/content/dam/luma/en/products/men/tops/hoodies-&-sweatshirts/mh12-green_main.jpg",
            "url": "https://luma.enablementadobe.com/content/luma/us/en/products/men/tops/hoodies_sweatshirts/ajax-full-zip-sweatshirt.html#LLMH12.3-S",
            "stockQuantity": 25
         }
      }
   },
    {
      "_yourTenantId": {
         "product": {
            "sku": "LLMH13",
            "name": "Marco Lightweight Active Hoodie",
            "category": "men:tops:hoodies_sweatshirts",
            "color": "blue",
            "size": "s",
            "price": 74,
            "description": "For cold-weather training or post-game layering, you need something more than a basic fleece. Our Marco Lightweight Active Hoodie brings both style and performance to the plate, court, or touchline. The smooth-faced, brushed-back fabric blocks wind and traps body heat, while integrated Cocona™ fibers pull moisture away.",
            "imageUrl": "https://luma.enablementadobe.com/content/dam/luma/en/products/men/tops/hoodies-&-sweatshirts/mh13-blue_main.jpg",
            "url": "https://luma.enablementadobe.com/content/luma/us/en/products/men/tops/hoodies_sweatshirts/marco-lightweight-active-hoodie.html#LLMH13.1-S",
            "stockQuantity": 7
         }
      }
   },
    {
      "_yourTenantId": {
         "product": {
            "sku": "LLMJ03.1-XL",
            "name": "Montana Wind Jacket",
            "category": "men:tops:jackets",
            "color": "black",
            "size": "xl",
            "price": 49,
            "description": "Light-as-a-feather wind protection for runners, walkers and outdoor fitness buffs, the Montana Wind Jacket can be stuffed into your pocket for portable protection. Its stylish, move-with-you design makes it especially versatile.",
            "imageUrl": "https://luma.enablementadobe.com/content/dam/luma/en/products/men/tops/jackets/mj03-black_main.jpg",
            "url": "https://luma.enablementadobe.com/content/luma/us/en/products/men/tops/jackets/montana-wind-jacket.html#LLMJ03.1-XL",
            "stockQuantity": 0
         }
      }
   },
    {
      "_yourTenantId": {
         "product": {
            "sku": "LLMJ06",
            "name": "Jupiter All-Weather Trainer",
            "category": "men:tops:jackets",
            "color": "blue",
            "size": "s",
            "price": 56.99,
            "description": "Inclement climate be damned. With your breathable, water-resistant Jupiter All-Weather Trainer, you can focus on fuel and form and leave protection and comfort to us. The fabric is a special light fleece that wicks moisture and insulates at once.",
            "imageUrl": "https://luma.enablementadobe.com/content/dam/luma/en/products/men/tops/jackets/mj06-blue_main.jpg",
            "url": "https://luma.enablementadobe.com/content/luma/us/en/products/men/tops/jackets/jupiter-all-weather-trainer.html#LLMJ06.1-S",
            "stockQuantity": 15
         }
      }
   },
    {
      "_yourTenantId": {
         "product": {
            "sku": "LLMJ10.1-L",
            "name": "Mars HeatTech Pullover",
            "category": "men:tops:jackets",
            "color": "red",
            "size": "l",
            "price": 66,
            "description": "The Mars HeatTech™ Jacket defense against winter climes so you can play offense in the park, on the trail or in the deck chair. Great for the ski lodge or stadium, it features a wind- and water-resistant outer shell with a draw-cord hood and deep pockets for storage.",
            "imageUrl": "https://luma.enablementadobe.com/content/dam/luma/en/products/men/tops/jackets/mj10-red_main.jpg",
            "url": "https://luma.enablementadobe.com/content/luma/us/en/products/men/tops/jackets/mars-heattech_-pullover.html#LLMJ10.1-L",
            "stockQuantity": 0
         }
      }
   },
    {
      "_yourTenantId": {
         "product": {
            "sku": "LLMJ11",
            "name": "Typhon Performance Fleece-lined Jacket",
            "category": "men:tops:jackets",
            "color": "black",
            "size": "s",
            "price": 60,
            "description": "Ironmen and couch warriors both reach for the Typhon Performance Fleece-lined Jacket. After all, no man can resist ultra-soft microfleece lining. Flatlock seams make it ideal for wearing over everything from tanks and tees to high-tech base layers",
            "imageUrl": "https://luma.enablementadobe.com/content/dam/luma/en/products/men/tops/jackets/mj11-black_main.jpg",
            "url": "https://luma.enablementadobe.com/content/luma/us/en/products/men/tops/jackets/typhon-performance-fleece-lined-jacket.html#LLMJ11.1-S",
            "stockQuantity": 0
         }
      }
   },
    {
      "_yourTenantId": {
         "product": {
            "sku": "LLMJ12",
            "name": "Proteus Fitness Jackshirt",
            "category": "men:tops:jackets",
            "color": "orange",
            "size": "s",
            "price": 45,
            "description": "Part jacket, part shirt, the Proteus Fitness Jackshirt makes an ideal companion for outdoor training, camping or loafing on crisp days. Natural Cocona™ technology brings breathable comfort and increased dryness along with UV protection and odor management. The drop-tail hem provides extra coverage when you're riding a bike or replacing a sink valve.",
            "imageUrl": "https://luma.enablementadobe.com/content/dam/luma/en/products/men/tops/jackets/mj12-orange_main.jpg",
            "url": "https://luma.enablementadobe.com/content/luma/us/en/products/men/tops/jackets/proteus-fitness-jackshirt.html#LLMJ12.1-S",
            "stockQuantity": null
         }
      }
   },
    {
      "_yourTenantId": {
         "product": {
            "sku": "LLMT08",
            "name": "Sparta Gym Tank",
            "category": "men:tops:tanks",
            "color": "green",
            "size": "s",
            "price": 29,
            "description": "The high performance Sparta Gym Tank is made with thin, light, merino wool and aims to be the perfect base layer or balmy weather running and fitness top.",
            "imageUrl": "https://luma.enablementadobe.com/content/dam/luma/en/products/men/tops/tanks/mt08-green_main.jpg",
            "url": "https://luma.enablementadobe.com/content/luma/us/en/products/men/tops/tanks/sparta-gym-tank.html#LLMT08.1-S",
            "stockQuantity": 9
         }
      }
   },
    {
      "_yourTenantId": {
         "product": {
            "sku": "LLMT09.1-XL",
            "name": "Sinbad Fitness Tank",
            "category": "men:tops:tanks",
            "color": "blue",
            "size": "xl",
            "price": 29,
            "description": "Solid in color and construction, the 100% cotton-weave Sinbad Fitness Tank moves with you as you press, hold, crunch and stride your way to the ultimate you.",
            "imageUrl": "https://luma.enablementadobe.com/content/dam/luma/en/products/men/tops/tanks/mt09-blue_main.jpg",
            "url": "https://luma.enablementadobe.com/content/luma/us/en/products/men/tops/tanks/sinbad-fitness-tank.html#LLMT09.1-XL",
            "stockQuantity": 20
         }
      }
   },
    {
      "_yourTenantId": {
         "product": {
            "sku": "LLMT10",
            "name": "Tiberius Gym Tank",
            "category": "men:tops:tanks",
            "color": "yellow",
            "size": "s",
            "price": 18,
            "description": "Whether you're classy or just sweaty, the Tiberius Gym Tank helps you look good while you're at it. What's more, its moisture-wicking, quick-drying, anti-microbial and anti-odor construction help ensure you're welcome back to the gym.",
            "imageUrl": "https://luma.enablementadobe.com/content/dam/luma/en/products/men/tops/tanks/mt10-yellow_main.jpg",
            "url": "https://luma.enablementadobe.com/content/luma/us/en/products/men/tops/tanks/tiberius-gym-tank.html#LLMT10.1-S",
            "stockQuantity": 15
         }
      }
   },
    {
      "_yourTenantId": {
         "product": {
            "sku": "LLMT11",
            "name": "Atlas Fitness Tank",
            "category": "men:tops:tanks",
            "color": "blue",
            "size": "s",
            "price": 18,
            "description": "From weekend warrior to Warrior Pose II, no role can beat the Atlas Fitness Tank, a versatile top for gym and yoga studio. Wicking-weave soft fabric helps prevent uncomfortable chafing.",
            "imageUrl": "https://luma.enablementadobe.com/content/dam/luma/en/products/men/tops/tanks/mt11-blue_main.jpg",
            "url": "https://luma.enablementadobe.com/content/luma/us/en/products/men/tops/tanks/atlas-fitness-tank.html#LLMT11.1-S",
            "stockQuantity": 6
         }
      }
   },
    {
      "_yourTenantId": {
         "product": {
            "sku": "LLMT12",
            "name": "Cassius Sparring Tank",
            "category": "men:tops:tanks",
            "color": "blue",
            "size": "s",
            "price": 18,
            "description": "Whether you're up against a partner or the clock, the Cassius Sparring Tank is in your corner, moving effortless with your body. The light and loose feel gives you no reason to give up before the bell or the end of the block.",
            "imageUrl": "https://luma.enablementadobe.com/content/dam/luma/en/products/men/tops/tanks/mt12-blue_main.jpg",
            "url": "https://luma.enablementadobe.com/content/luma/us/en/products/men/tops/tanks/cassius-sparring-tank.html#LLMT12.1-S",
            "stockQuantity": 1
         }
      }
   },
    {
      "_yourTenantId": {
         "product": {
            "sku": "™LLMS10.1-M",
            "name": "Logan HeatTec Tee",
            "category": "men:tops:tees",
            "color": "blue",
            "size": "m",
            "price": 24,
            "description": "Soft and lightweight, the Logan HeatTec™ Tee gets you through the long haul in total comfort. It boasts superior sweat-wicking performance to keep skin dry and cool, and strategic flat-lock seams to resist chafing.",
            "imageUrl": "https://luma.enablementadobe.com/content/dam/luma/en/products/men/tops/tees/ms10-blue_main.jpg",
            "url": "https://luma.enablementadobe.com/content/luma/us/en/products/men/tops/tees/logan-heattec_-tee.html#LLMS10.1-M",
            "stockQuantity": 5
         }
      }
   },
    {
      "_yourTenantId": {
         "product": {
            "sku": "LLMS01",
            "name": "Aero Daily Fitness Tee",
            "category": "men:tops:tees",
            "color": "black",
            "size": "s",
            "price": 24,
            "description": "Need an everyday action tee that helps keep you dry? The Aero Daily Fitness Tee is made of 100% polyester wicking knit that funnels moisture away from your skin. Don't be fooled by its classic style; this tee hides premium performance technology beneath its unassuming look.",
            "imageUrl": "https://luma.enablementadobe.com/content/dam/luma/en/products/men/tops/tees/ms01-black_main.jpg",
            "url": "https://luma.enablementadobe.com/content/luma/us/en/products/men/tops/tees/aero-daily-fitness-tee.html#LLMS01.1-S",
            "stockQuantity": 0
         }
      }
   },
    {
      "_yourTenantId": {
         "product": {
            "sku": "LLMS02",
            "name": "Ryker LumaTech Tee (V-neck)",
            "category": "men:tops:tees",
            "color": "gray",
            "size": "s",
            "price": 28,
            "description": "Don't be fooled by its classic style; the Ryker LumaTech™ Tee embodies the future of performance apparel. Its featherweight blend of fabrics wicks away moisture to keep you cool and dry, whether racking up miles, hitting three pointers or strutting the boardwalk.",
            "imageUrl": "https://luma.enablementadobe.com/content/dam/luma/en/products/men/tops/tees/ms02-gray_main.jpg",
            "url": "https://luma.enablementadobe.com/content/luma/us/en/products/men/tops/tees/ryker-lumatech_-tee-v-neck.html#LLMS02.1-S",
            "stockQuantity": 0
         }
      }
   },
    {
      "_yourTenantId": {
         "product": {
            "sku": "LLMS07",
            "name": "Deion Long-Sleeve EverCool Tee",
            "category": "men:tops:tees",
            "color": "gray",
            "size": "s",
            "price": 39,
            "description": "When you're training, ordinary tees don't cut it. That's why the Dion Long-Sleeve EverCool™ Tee features revolutionary Cocona™ fabric derived from a renewable resource: coconut shells. This unique material protects you from harmful UV rays, wicks away sweat, controls stink and dries quickly.",
            "imageUrl": "https://luma.enablementadobe.com/content/dam/luma/en/products/men/tops/tees/ms07-green_main.jpg",
            "url": "https://luma.enablementadobe.com/content/luma/us/en/products/men/tops/tees/deion-long-sleeve-evercool-tee.html#LLMS07.1-S",
            "stockQuantity": 8
         }
      }
   },
    {
      "_yourTenantId": {
         "product": {
            "sku": "LLMS08.3-M",
            "name": "Strike Endurance Tee",
            "category": "men:tops:tees",
            "color": "blue",
            "size": "m",
            "price": 39,
            "description": "While grit and purpose keep you going, it helps to have a little extra comfort, too. Our Strike Long-Sleeve Endurance Tee helps ensures a photo-ready finish with advanced sweat-wicking technology for a cool, dry feel.",
            "imageUrl": "https://luma.enablementadobe.com/content/dam/luma/en/products/men/tops/tees/ms08-blue_main.jpg",
            "url": "https://luma.enablementadobe.com/content/luma/us/en/products/men/tops/tees/strike-endurance-tee.html#LLMS08.3-M",
            "stockQuantity": 3
         }
      }
   },
    {
      "_yourTenantId": {
         "product": {
            "sku": "LLMS10.2-L",
            "name": "Logan HeatTec Tee",
            "category": "men:tops:tees",
            "color": "blue",
            "size": "l",
            "price": 24,
            "description": "Soft and lightweight, the Logan HeatTec™ Tee gets you through the long haul in total comfort. It boasts superior sweat-wicking performance to keep skin dry and cool, and strategic flat-lock seams to resist chafing.",
            "imageUrl": "https://luma.enablementadobe.com/content/dam/luma/en/products/men/tops/tees/ms10-black_main.jpg",
            "url": "https://luma.enablementadobe.com/content/luma/us/en/products/men/tops/tees/logan-heattec_-tee.html#LLMS10.2-L",
            "stockQuantity": 0
         }
      }
   },
    {
      "_yourTenantId": {
         "product": {
            "sku": "LLMS10.2-M",
            "name": "Logan HeatTec Tee",
            "category": "men:tops:tees",
            "color": "black",
            "size": "m",
            "price": 24,
            "description": "Soft and lightweight, the Logan HeatTec™ Tee gets you through the long haul in total comfort. It boasts superior sweat-wicking performance to keep skin dry and cool, and strategic flat-lock seams to resist chafing.",
            "imageUrl": "https://luma.enablementadobe.com/content/dam/luma/en/products/men/tops/tees/ms10-black_main.jpg",
            "url": "https://luma.enablementadobe.com/content/luma/us/en/products/men/tops/tees/logan-heattec_-tee.html#LLMS10.2-M",
            "stockQuantity": 0
         }
      }
   },
    {
      "_yourTenantId": {
         "product": {
            "sku": "LLMS10.3-M",
            "name": "Logan HeatTec Tee",
            "category": "men:tops:tees",
            "color": "black",
            "size": "m",
            "price": 24,
            "description": "Soft and lightweight, the Logan HeatTec™ Tee gets you through the long haul in total comfort. It boasts superior sweat-wicking performance to keep skin dry and cool, and strategic flat-lock seams to resist chafing.",
            "imageUrl": "https://luma.enablementadobe.com/content/dam/luma/en/products/men/tops/tees/ms10-red_main.jpg",
            "url": "https://luma.enablementadobe.com/content/luma/us/en/products/men/tops/tees/logan-heattec_-tee.html#LLMS10.3-M",
            "stockQuantity": 5
         }
      }
   },
    {
      "_yourTenantId": {
         "product": {
            "sku": "24-UB02",
            "name": "Impulse Duffle",
            "category": "products:gear:bags",
            "color": "",
            "size": "",
            "price": 74,
            "description": "Good for beach trips, track meets, yoga retreats and more, the Impulse Duffle is the companion you'll want at your side. A large U-shaped opening makes packing a hassle-free affair, while a zippered interior pocket keeps jewelry and other small valuables safely tucked out of sight.",
            "imageUrl": "https://luma.enablementadobe.com/content/dam/luma/en/products/gear/bags/ub02-black-0.jpg",
            "url": "https://luma.enablementadobe.com/content/luma/us/en/products/gear/bags/impulse-duffle.html#24-UB02",
            "stockQuantity": 14
         }
      }
   },
    {
      "_yourTenantId": {
         "product": {
            "sku": "24-WB02",
            "name": "Compete Track Tote",
            "category": "products:gear:bags",
            "color": "",
            "size": "",
            "price": 32,
            "description": "The Compete Track Tote holds a host of exercise supplies with ease. Stash your towel, jacket and street shoes inside. Tuck water bottles in easy-access external spaces. Perfect for trips to gym or yoga studio, with dual top handles for convenience to and from.",
            "imageUrl": "https://luma.enablementadobe.com/content/dam/luma/en/products/gear/bags/wb02-green-0.jpg",
            "url": "https://luma.enablementadobe.com/content/luma/us/en/products/gear/bags/compete-track-tote.html#24-WB02",
            "stockQuantity": 22
         }
      }
   },
    {
      "_yourTenantId": {
         "product": {
            "sku": "24-WB04",
            "name": "Push It Messenger Bag",
            "category": "products:gear:bags",
            "color": "",
            "size": "",
            "price": 45,
            "description": "The name says so, but the Push It Messenger Bag is much more than a busy commuter's tote. It's a closet away from home when you're pedaling from class or work to gym and back or home again. It's the perfect size and shape for laptop, folded clothes, even extra shoes.",
            "imageUrl": "https://luma.enablementadobe.com/content/dam/luma/en/products/gear/bags/wb04-blue-0.jpg",
            "url": "https://luma.enablementadobe.com/content/luma/us/en/products/gear/bags/push-it-messenger-bag.html#24-WB04",
            "stockQuantity": 13
         }
      }
   },
    {
      "_yourTenantId": {
         "product": {
            "sku": "24-WB05",
            "name": "Savvy Shoulder Tote",
            "category": "products:gear:bags",
            "color": "",
            "size": "",
            "price": 24,
            "description": "Powerwalking to the gym or strolling to the local coffeehouse, the Savvy Shoulder Tote lets you stash your essentials in sporty style! A top-loading compartment provides quick and easy access to larger items, while zippered pockets on the front and side hold cash, credit cards and phone.",
            "imageUrl": "https://luma.enablementadobe.com/content/dam/luma/en/products/gear/bags/wb05-red-0.jpg",
            "url": "https://luma.enablementadobe.com/content/luma/us/en/products/gear/bags/savvy-shoulder-tote.html#24-WB05",
            "stockQuantity": 0
         }
      }
   },
    {
      "_yourTenantId": {
         "product": {
            "sku": "24-WB06",
            "name": "Endeavor Daytrip Backpack",
            "category": "products:gear:bags",
            "color": "",
            "size": "",
            "price": 33,
            "description": "With more room than it appears, the Endeavor Daytrip Backpack will hold a whole day's worth of books, binders and gym clothes. The spacious main compartment includes a dedicated laptop sleeve. Two other compartments offer extra storage space.",
            "imageUrl": "https://luma.enablementadobe.com/content/dam/luma/en/products/gear/bags/wb06-red-0.jpg",
            "url": "https://luma.enablementadobe.com/content/luma/us/en/products/gear/bags/endeavor-daytrip-backpack.html#24-WB06",
            "stockQuantity": 0
         }
      }
   },
    {
      "_yourTenantId": {
         "product": {
            "sku": "Luma-24-MB02",
            "name": "Fusion Backpack",
            "category": "products:gear:bags",
            "color": "",
            "size": "",
            "price": 59,
            "description": "With the Fusion Backpack strapped on, every trek is an adventure - even a bus ride to work. That's partly because two large zippered compartments store everything you need, while a front zippered pocket and side mesh pouches are perfect for stashing those little extras, in case you change your mind and take the day off.",
            "imageUrl": "https://luma.enablementadobe.com/content/dam/luma/en/products/gear/bags/mb02-gray-0.jpg",
            "url": "https://luma.enablementadobe.com/content/luma/us/en/products/gear/bags/fusion-backpack.html#Luma-24-MB02",
            "stockQuantity": 10
         }
      }
   },
    {
      "_yourTenantId": {
         "product": {
            "sku": "Luma-24-WB01",
            "name": "Voyage Yoga Bag",
            "category": "products:gear:bags",
            "color": "black",
            "size": "",
            "price": 32,
            "description": "Everything you need for a trip to the gym will fit inside this surprisingly spacious Voyage Yoga Bag. Stock it with a water bottle, change of clothes, pair of shoes, and even a few beauty products. Fits inside a locker and zips shut for security.",
            "imageUrl": "https://luma.enablementadobe.com/content/dam/luma/en/products/gear/bags/wb01-black-0.jpg",
            "url": "https://luma.enablementadobe.com/content/luma/us/en/products/gear/bags/voyage-yoga-bag.html#Luma-24-WB01",
            "stockQuantity": 0
         }
      }
   },
    {
      "_yourTenantId": {
         "product": {
            "sku": "Luma-24-WB03",
            "name": "Driven Backpack",
            "category": "products:gear:bags",
            "color": "",
            "size": "",
            "price": 36,
            "description": "School books, camp gear and yoga clothes get along just fine in the all-purpose Driven Backpack. Crafted with tough polyester ripstop fabric, it's outfitted with rubberized end panels and padded, adjustable shoulder straps. The roomy main compartment features molded foam pockets that host everything you need.",
            "imageUrl": "https://luma.enablementadobe.com/content/dam/luma/en/products/gear/bags/wb03-purple-0.jpg",
            "url": "https://luma.enablementadobe.com/content/luma/us/en/products/gear/bags/driven-backpack.html#Luma-24-WB03",
            "stockQuantity": 6
         }
      }
   },
    {
      "_yourTenantId": {
         "product": {
            "sku": "Luma-24-WB07",
            "name": "Overnight Duffle",
            "category": "products:gear:bags",
            "color": "",
            "size": "",
            "price": 45,
            "description": "For long weekends away, camping outings and business trips, the Overnight Duffle can't be beat. The dual handles make it a cinch to carry, while the durable waterproof exterior helps you worry less about the weather. With multiple organizational pockets inside and out, it's the perfect travel companion.",
            "imageUrl": "https://luma.enablementadobe.com/content/dam/luma/en/products/gear/bags/wb07-brown-0.jpg",
            "url": "https://luma.enablementadobe.com/content/luma/us/en/products/gear/bags/overnight-duffle.html#Luma-24-WB07",
            "stockQuantity": 0
         }
      }
   },
    {
      "_yourTenantId": {
         "product": {
            "sku": "24-UG01",
            "name": "Quest Lumaflex Band",
            "category": "products:gear:fitness",
            "color": "",
            "size": "",
            "price": 19,
            "description": "From leg extensions and standing squats to a full range of floor routines, the Quest Strength Band brings your own personal gym with you everywhere you go. Designed to add extra resistance to any training session, this strength band helps you tone and define your muscles. You'll love the extra comfort of its grippy handles and adjustable design.",
            "imageUrl": "https://luma.enablementadobe.com/content/dam/luma/en/products/gear/fitness-equipment/ug01-bk-0.jpg",
            "url": "https://luma.enablementadobe.com/content/luma/us/en/products/gear/fitness/quest-lumaflex_-band.html#24-UG01",
            "stockQuantity": 8
         }
      }
   },
    {
      "_yourTenantId": {
         "product": {
            "sku": "24-UG02",
            "name": "Pursuit Lumaflex Tone Band",
            "category": "products:gear:fitness",
            "color": "",
            "size": "",
            "price": 16,
            "description": "Save your knees and joints while strengthening arms, legs and core with the Pursuit Lumaflex™ Tone Band. This ultra-durable training tool lets you complete a full-body workout free of bulky machines or free weights.",
            "imageUrl": "https://luma.enablementadobe.com/content/dam/luma/en/products/gear/fitness-equipment/ug02-bk-0.jpg",
            "url": "https://luma.enablementadobe.com/content/luma/us/en/products/gear/fitness/pursuit-lumaflex-tone-band.html#24-UG02",
            "stockQuantity": 0
         }
      }
   },
    {
      "_yourTenantId": {
         "product": {
            "sku": "24-UG03",
            "name": "Harmony Lumaflex Strength Band Kit",
            "category": "products:gear:fitness",
            "color": "",
            "size": "",
            "price": 22,
            "description": "Forget fancy machines and costly memberships - the Harmony Lumaflex™ Stength Band Kit is all you need for an amazing workout. The kit has everything you need for a range of strengthening and toning exercises.",
            "imageUrl": "https://luma.enablementadobe.com/content/dam/luma/en/products/gear/fitness-equipment/ug03-bk-0.jpg",
            "url": "https://luma.enablementadobe.com/content/luma/us/en/products/gear/fitness/harmony-lumaflex-strength-band-kit.html#24-UG03",
            "stockQuantity": 5
         }
      }
   },
    {
      "_yourTenantId": {
         "product": {
            "sku": "24-UG04",
            "name": "Zing Jump Rope",
            "category": "products:gear:fitness",
            "color": "",
            "size": "",
            "price": 12,
            "description": "One of the world's simplest and most portable exercise devices, a jump rope enables endless variations and fitness output. The Zing Jump Rope goes anywhere and can be used any time. It is adjustable in length and has contoured foam handles for a great grip.",
            "imageUrl": "https://luma.enablementadobe.com/content/dam/luma/en/products/gear/fitness-equipment/ug04-bk-0.jpg",
            "url": "https://luma.enablementadobe.com/content/luma/us/en/products/gear/fitness/zing-jump-rope.html#24-UG04",
            "stockQuantity": 0
         }
      }
   },
    {
      "_yourTenantId": {
         "product": {
            "sku": "24-UG05",
            "name": "Go-Get'r Pushup Grips",
            "category": "products:gear:fitness",
            "color": "",
            "size": "",
            "price": 19,
            "description": "The Go-Get'r Pushup Grips safely provide the extra range of motion you need for a deep-dip routine targeting core, shoulder, chest and arm strength. Do fewer pushups using more energy, getting better results faster than the standard floor-level technique yield.",
            "imageUrl": "https://luma.enablementadobe.com/content/dam/luma/en/products/gear/fitness-equipment/ug05-gr-0.jpg",
            "url": "https://luma.enablementadobe.com/content/luma/us/en/products/gear/fitness/go-get_r-pushup-grips.html#24-UG05",
            "stockQuantity": 4
         }
      }
   },
    {
      "_yourTenantId": {
         "product": {
            "sku": "24-UG06",
            "name": "Affirm Water Bottle",
            "category": "products:gear:fitness",
            "color": "",
            "size": "",
            "price": 7,
            "description": "You'll stay hydrated with ease with the Affirm Water Bottle by your side or in hand. Measurements on the outside help you keep track of how much you're drinking, while the screw-top lid prevents spills. A metal carabiner clip allows you to attach it to the outside of a backpack or bag for easy access.",
            "imageUrl": "https://luma.enablementadobe.com/content/dam/luma/en/products/gear/fitness-equipment/ug06-lb-0.jpg",
            "url": "https://luma.enablementadobe.com/content/luma/us/en/products/gear/fitness/affirm-water-bottle.html#24-UG06",
            "stockQuantity": 0
         }
      }
   },
    {
      "_yourTenantId": {
         "product": {
            "sku": "24-UG07",
            "name": "Dual Handle Cardio Ball",
            "category": "products:gear:fitness",
            "color": "",
            "size": "",
            "price": 12,
            "description": "Make the most of your limited workout window with our Dual-Handle Cardio Ball. The 15-lb ball maximizes the effort-impact to your abdominal, upper arm and lower-body muscles. It features a handle on each side for a firm, secure grip.",
            "imageUrl": "https://luma.enablementadobe.com/content/dam/luma/en/products/gear/fitness-equipment/ug07-bk-0.jpg",
            "url": "https://luma.enablementadobe.com/content/luma/us/en/products/gear/fitness/dual-handle-cardio-ball.html#24-UG07",
            "stockQuantity": 20
         }
      }
   },
    {
      "_yourTenantId": {
         "product": {
            "sku": "24-WG080",
            "name": "Sprite Yoga Companion Kit",
            "category": "products:gear:fitness",
            "color": "",
            "size": "",
            "price": 61,
            "description": "A well-rounded yoga workout takes more than a mat. The Sprite Yoga Companion Kit helps stock your studio with the basics you need for a full-range workout. The kit is composed of four best-selling Luma Sprite accessories in one easy bundle: statis ball, foam block, yoga strap, and foam roller. Choose sizes and colors and leave the rest to us",
            "imageUrl": "https://luma.enablementadobe.com/content/dam/luma/en/products/gear/fitness-equipment/luma-yoga-kit-2.jpg",
            "url": "https://luma.enablementadobe.com/content/luma/us/en/products/gear/fitness/sprite-yoga-companion-kit.html#24-WG080",
            "stockQuantity": 0
         }
      }
   },
    {
      "_yourTenantId": {
         "product": {
            "sku": "24-WG084",
            "name": "Sprite Foam Yoga Brick",
            "category": "products:gear:fitness",
            "color": "",
            "size": "",
            "price": 5,
            "description": "Our top-selling yoga prop, the 4-inch, high-quality Sprite Foam Yoga Brick is popular among yoga novices and studio professionals alike. An essential yoga accessory, the yoga brick is a critical tool for finding balance and alignment in many common yoga poses. Choose from 5 color options.",
            "imageUrl": "https://luma.enablementadobe.com/content/dam/luma/en/products/gear/fitness-equipment/luma-yoga-brick.jpg",
            "url": "https://luma.enablementadobe.com/content/luma/us/en/products/gear/fitness/sprite-foam-yoga-brick.html#24-WG084",
            "stockQuantity": 0
         }
      }
   },
    {
      "_yourTenantId": {
         "product": {
            "sku": "24-WG088",
            "name": "Sprite Foam Roller",
            "category": "products:gear:fitness",
            "color": "",
            "size": "",
            "price": 19,
            "description": "It hurts so good to use the Sprite Foam Roller on achy, tired muscles for myofascial massage therapy. Or you can add this fundamental piece to your Pilates and yoga accouterment, or apply towards core stability, strengthening and balance exercise.",
            "imageUrl": "https://luma.enablementadobe.com/content/dam/luma/en/products/gear/fitness-equipment/luma-foam-roller.jpg",
            "url": "https://luma.enablementadobe.com/content/luma/us/en/products/gear/fitness/sprite-foam-roller.html#24-WG088",
            "stockQuantity": 0
         }
      }
   },
    {
      "_yourTenantId": {
         "product": {
            "sku": "Luma-24-WG085",
            "name": "Sprite Yoga Straps",
            "category": "products:gear:fitness",
            "color": "",
            "size": "",
            "price": 52,
            "description": "Great set of Sprite Yoga Straps for every stretch and hold you need. There are three straps in this set: 6', 8' and 10'.",
            "imageUrl": "https://luma.enablementadobe.com/content/dam/luma/en/products/gear/fitness-equipment/luma-yoga-strap-set.jpg",
            "url": "https://luma.enablementadobe.com/content/luma/us/en/products/gear/fitness/sprite-yoga-straps.html#Luma-24-WG085",
            "stockQuantity": 0
         }
      }
   },
    {
      "_yourTenantId": {
         "product": {
            "sku": "24-MG01",
            "name": "Endurance Watch",
            "category": "products:gear:watches",
            "color": "",
            "size": "",
            "price": 49,
            "description": "You'll see standard info like time, date and day of the week, but it also functions for the serious high-mileage athete: lap counter, stopwatch, distance, heart rate, speed/pace, cadence and altitude.",
            "imageUrl": "https://luma.enablementadobe.com/content/dam/luma/en/products/gear/watches/Endurance_Watch.jpg",
            "url": "https://luma.enablementadobe.com/content/luma/us/en/products/gear/watches/endurance-watch.html#24-MG01",
            "stockQuantity": 3
         }
      }
   },
    {
      "_yourTenantId": {
         "product": {
            "sku": "24-MG02",
            "name": "Dash Digital Watch",
            "category": "products:gear:watches",
            "color": "",
            "size": "",
            "price": 92,
            "description": "Log workouts by date, average, and segment times, and recharge by setting hydration and nutrition alarms. This watch is styled with a sleek, square face and durable rubber strap for a long life.",
            "imageUrl": "https://luma.enablementadobe.com/content/dam/luma/en/products/gear/watches/Dash_watch.jpg",
            "url": "https://luma.enablementadobe.com/content/luma/us/en/products/gear/watches/dash-digital-watch.html#24-MG02",
            "stockQuantity": 2
         }
      }
   },
    {
      "_yourTenantId": {
         "product": {
            "sku": "24-MG03",
            "name": "Summit Watch",
            "category": "products:gear:watches",
            "color": "",
            "size": "",
            "price": 54,
            "description": "Trek high and low in the attractive Summit Watch, which features a digital LED display with time and date, stopwatch, lap counter, and 3-second backlight. It can also calculate the number of steps taken and calories burned.",
            "imageUrl": "https://luma.enablementadobe.com/content/dam/luma/en/products/gear/watches/Summit_Watch.jpg",
            "url": "https://luma.enablementadobe.com/content/luma/us/en/products/gear/watches/summit-watch.html#24-MG03",
            "stockQuantity": 0
         }
      }
   },
    {
      "_yourTenantId": {
         "product": {
            "sku": "24-MG04",
            "name": "Aim Analog Watch",
            "category": "products:gear:watches",
            "color": "",
            "size": "",
            "price": 45,
            "description": "The flexible, rubberized strap is contoured to conform to the shape of your wrist for a comfortable all-day fit. The face features three illuminated hands, a digital read-out of the current time, and stopwatch functions.",
            "imageUrl": "https://luma.enablementadobe.com/content/dam/luma/en/products/gear/watches/Aim_Watch.jpg",
            "url": "https://luma.enablementadobe.com/content/luma/us/en/products/gear/watches/aim-analog-watch.html#24-MG04",
            "stockQuantity": 1
         }
      }
   },
    {
      "_yourTenantId": {
         "product": {
            "sku": "24-MG05",
            "name": "Cruise Dual Analog Watch",
            "category": "products:gear:watches",
            "color": "",
            "size": "",
            "price": 55,
            "description": "Whether you're traveling or wish you were, you'll never let time zones perplex you again with the Cruise Dual Analog Watch. The thick, adjustable band promises a comfortable, personalized fit to this classy, modern time piece.",
            "imageUrl": "https://luma.enablementadobe.com/content/dam/luma/en/products/gear/watches/Cruise_watch.jpg",
            "url": "https://luma.enablementadobe.com/content/luma/us/en/products/gear/watches/cruise-dual-analog-watch.html#24-MG05",
            "stockQuantity": 18
         }
      }
   },
    {
      "_yourTenantId": {
         "product": {
            "sku": "24-WG01",
            "name": "Bolo Sport Watch",
            "category": "products:gear:watches",
            "color": "",
            "size": "",
            "price": 49,
            "description": "The Bolo Sport Watch is sleek, sporty and sized just right to fit your smaller wrist. Easy to read and set up, it features a large digital face and button-activated alarm and stopwatch. The soft-touch resin band promises no-pinch comfort, while the water-resistant design lets you take your workout to the lap pool.",
            "imageUrl": "https://luma.enablementadobe.com/content/dam/luma/en/products/gear/watches/Bolo_Watch.jpg",
            "url": "https://luma.enablementadobe.com/content/luma/us/en/products/gear/watches/bolo-sport-watch.html#24-WG01",
            "stockQuantity": 21
         }
      }
   },
    {
      "_yourTenantId": {
         "product": {
            "sku": "24-WG02",
            "name": "Didi Sport Watch",
            "category": "products:gear:watches",
            "color": "",
            "size": "",
            "price": 99,
            "description": "The Didi Sport Watch helps you keep your workout plan down to the second. The vertical, digital face looks sleek and futuristic. This watch is programmed with tons of helpful features such as a timer, an alarm clock, a pedometer, and more to help make your excercise more productive.",
            "imageUrl": "https://luma.enablementadobe.com/content/dam/luma/en/products/gear/watches/Didi_Sport_watch.jpg",
            "url": "https://luma.enablementadobe.com/content/luma/us/en/products/gear/watches/didi-sport-watch.html#24-WG02",
            "stockQuantity": 0
         }
      }
   },
    {
      "_yourTenantId": {
         "product": {
            "sku": "24-WG03",
            "name": "Clamber Watch",
            "category": "products:gear:watches",
            "color": "",
            "size": "",
            "price": 54,
            "description": "The flexible, rubberized strap is contoured to conform to your wrist for a comfortable fit all day. The face features an illuminated digital read-out of the current time and stopwatch functions.",
            "imageUrl": "https://luma.enablementadobe.com/content/dam/luma/en/products/gear/watches/Clamber_Watch_2.jpg",
            "url": "https://luma.enablementadobe.com/content/luma/us/en/products/gear/watches/clamber-watch.html#24-WG03",
            "stockQuantity": 5
         }
      }
   },
    {
      "_yourTenantId": {
         "product": {
            "sku": "24-WG09",
            "name": "Luma Analog Watch",
            "category": "products:gear:watches",
            "color": "",
            "size": "",
            "price": 43,
            "description": "Designed to stand up to your active lifestyle, this women's Luma Analog Watch features a tasteful brushed chrome finish and a stainless steel, water-resistant construction for lasting durability.",
            "imageUrl": "https://luma.enablementadobe.com/content/dam/luma/en/products/gear/watches/Luma_Analog_Watch.jpg",
            "url": "https://luma.enablementadobe.com/content/luma/us/en/products/gear/watches/luma-analog-watch.html#24-WG09",
            "stockQuantity": 27
         }
      }
   },
    {
      "_yourTenantId": {
         "product": {
            "sku": "LLWP11.1-28",
            "name": "Sylvia Capri",
            "category": "women:bottoms:pants",
            "color": "green",
            "size": "28",
            "price": 33.6,
            "description": "Enjoy a sleek, slendering look in new Silvia Capri. Its engineer-designed support fabric feels great and gives the illusion of a slimmer fit.",
            "imageUrl": "https://luma.enablementadobe.com/content/dam/luma/en/products/women/bottoms/pants/wp11-green_main.jpg",
            "url": "https://luma.enablementadobe.com/content/luma/us/en/products/women/bottoms/pants/sylvia-capri.html#LLWP11.1-28",
            "stockQuantity": 10
         }
      }
   },
    {
      "_yourTenantId": {
         "product": {
            "sku": "LLWP13.2-30",
            "name": "Portia Capri",
            "category": "women:bottoms:pants",
            "color": "pink",
            "size": "30",
            "price": 39.2,
            "description": "From yoga at dawn to evenings curled up with a book, our Portia Capri gives you the comfort and freedom to cruise through the day. The high-waisted design keeps you covered while you're bending and stretching, while contrast stripes promise a dash of sporty style.",
            "imageUrl": "https://luma.enablementadobe.com/content/dam/luma/en/products/women/bottoms/pants/wp13-orange_main.jpg",
            "url": "https://luma.enablementadobe.com/content/luma/us/en/products/women/bottoms/pants/portia-capri.html#LLWP13.2-30",
            "stockQuantity": 0
         }
      }
   },
    {
      "_yourTenantId": {
         "product": {
            "sku": "LLWP10.1-28",
            "name": "Daria Bikram Pant",
            "category": "women:bottoms:pants",
            "color": "gray",
            "size": "28",
            "price": 40.8,
            "description": "The Daria Bikram Pant is designed to stretch and move with your body to make extreme yoga extremely comfortable.",
            "imageUrl": "https://luma.enablementadobe.com/content/dam/luma/en/products/women/bottoms/pants/wp10-gray_main.jpg",
            "url": "https://luma.enablementadobe.com/content/luma/us/en/products/women/bottoms/pants/daria-bikram-pant.html#LLWP10.1-28",
            "stockQuantity": 0
         }
      }
   },
    {
      "_yourTenantId": {
         "product": {
            "sku": "LLWP11",
            "name": "Sylvia Capri",
            "category": "women:bottoms:pants",
            "color": "green",
            "size": "28",
            "price": 33.6,
            "description": "Enjoy a sleek, slendering look in new Silvia Capri. Its engineer-designed support fabric feels great and gives the illusion of a slimmer fit.",
            "imageUrl": "https://luma.enablementadobe.com/content/dam/luma/en/products/women/bottoms/pants/wp11-green_main.jpg",
            "url": "https://luma.enablementadobe.com/content/luma/us/en/products/women/bottoms/pants/sylvia-capri.html#LLWP11.1-28",
            "stockQuantity": 3
         }
      }
   },
    {
      "_yourTenantId": {
         "product": {
            "sku": "LLWP12.1-28",
            "name": "Deirdre Relaxed-Fit Capri",
            "category": "women:bottoms:pants",
            "color": "gray",
            "size": "28",
            "price": 50.4,
            "description": "Invigorate your yoga practice with this Deirdre Relaxed-Fit Capri, designed to let you move without strain or restriction.",
            "imageUrl": "https://luma.enablementadobe.com/content/dam/luma/en/products/women/bottoms/pants/wp12-gray_main.jpg",
            "url": "https://luma.enablementadobe.com/content/luma/us/en/products/women/bottoms/pants/deirdre-relaxed-fit-capri.html#LLWP12.1-28",
            "stockQuantity": 0
         }
      }
   },
    {
      "_yourTenantId": {
         "product": {
            "sku": "LLWP13.1-28",
            "name": "Portia Capri",
            "category": "women:bottoms:pants",
            "color": "blue",
            "size": "28",
            "price": 39.2,
            "description": "From yoga at dawn to evenings curled up with a book, our Portia Capri gives you the comfort and freedom to cruise through the day. The high-waisted design keeps you covered while you're bending and stretching, while contrast stripes promise a dash of sporty style.",
            "imageUrl": "https://luma.enablementadobe.com/content/dam/luma/en/products/women/bottoms/pants/wp13-blue_main.jpg",
            "url": "https://luma.enablementadobe.com/content/luma/us/en/products/women/bottoms/pants/portia-capri.html#LLWP13.1-28",
            "stockQuantity": 8
         }
      }
   },
    {
      "_yourTenantId": {
         "product": {
            "sku": "LLWSH09",
            "name": "Mimi All-Purpose Short",
            "category": "women:bottoms:shorts",
            "color": "gray",
            "size": "28",
            "price": 44,
            "description": "You can run, bike or swim in the do-anything, water-resistance Mimi Short. No need to worry about rubbing-induced soreness either, with flatlock seams and soft, chafe-resistant material.",
            "imageUrl": "https://luma.enablementadobe.com/content/dam/luma/en/products/women/bottoms/shorts/wsh09-gray_main.jpg",
            "url": "https://luma.enablementadobe.com/content/luma/us/en/products/women/bottoms/shorts/mimi-all-purpose-short.html#LLWSH09.1-28",
            "stockQuantity": 8
         }
      }
   },
    {
      "_yourTenantId": {
         "product": {
            "sku": "LLWSH10.3-28",
            "name": "Ana Running Short",
            "category": "women:bottoms:shorts",
            "color": "ornage",
            "size": "28",
            "price": 40,
            "description": "Time to lace up your kicks and beat that personal best in the Ana Running Short. It's designed with breathable mesh side panels to help keep you cool while you master the miles.",
            "imageUrl": "https://luma.enablementadobe.com/content/dam/luma/en/products/women/bottoms/shorts/wsh10-orange_main.jpg",
            "url": "https://luma.enablementadobe.com/content/luma/us/en/products/women/bottoms/shorts/ana-running-short.html#LLWSH10.3-28",
            "stockQuantity": 0
         }
      }
   },
    {
      "_yourTenantId": {
         "product": {
            "sku": "LLWSH11",
            "name": "Ina Compression Short",
            "category": "women:bottoms:shorts",
            "color": "blue",
            "size": "28",
            "price": 49,
            "description": "One of Luma's most popular items, the Ina Compression Short has you covered with exceptional support and comfort, whether you're running the trail, riding a bike or ripping out reps. The ventilating fabric offers cool relief and prevents irritating chafing.",
            "imageUrl": "https://luma.enablementadobe.com/content/dam/luma/en/products/women/bottoms/shorts/wsh11-blue_main.jpg",
            "url": "https://luma.enablementadobe.com/content/luma/us/en/products/women/bottoms/shorts/ina-compression-short.html#LLWSH11.1-28",
            "stockQuantity": 17
         }
      }
   },
    {
      "_yourTenantId": {
         "product": {
            "sku": "LLWSH12.1-32",
            "name": "Erika Running Short",
            "category": "women:bottoms:shorts",
            "color": "purple",
            "size": "32",
            "price": 45,
            "description": "A great short with a body-hugging design, the Erika Running Short is perfect for runners who prefer a fitted short rather than the traditional baggy variety.",
            "imageUrl": "https://luma.enablementadobe.com/content/dam/luma/en/products/women/bottoms/shorts/wsh12-purple_main.jpg",
            "url": "https://luma.enablementadobe.com/content/luma/us/en/products/women/bottoms/shorts/erika-running-short.html#LLWSH12.1-32",
            "stockQuantity": 0
         }
      }
   },
    {
      "_yourTenantId": {
         "product": {
            "sku": "LLWH03.1-XS",
            "name": "Autumn Pullie",
            "category": "women:tops",
            "color": "red",
            "size": "xs",
            "price": 57,
            "description": "With ultra-soft fleece fabric and an athletic design, our short-sleeve Autumn Pullie delivers a comfortable fit that makes it an everyday essential. A luxurious roll neck protects you from elements.",
            "imageUrl": "https://luma.enablementadobe.com/content/dam/luma/en/products/women/tops/hoodies-&-sweatshirts/wh03-red_main.jpg",
            "url": "https://luma.enablementadobe.com/content/luma/us/en/products/women/tops/hoodies/autumn-pullie.html#LLWH03.1-XS",
            "stockQuantity": 10
         }
      }
   },
    {
      "_yourTenantId": {
         "product": {
            "sku": "LLWB04",
            "name": "Prima Compete Bra Top",
            "category": "women:tops:bras_tanks",
            "color": "blue",
            "size": "xs",
            "price": 24,
            "description": "Pull on the Prima Compete Bra Top and you'll love the fabric: soft, stretchy, and ultra lightweight. But you'll also love the racerback cut, for freer movement through all your athletic feats.",
            "imageUrl": "https://luma.enablementadobe.com/content/dam/luma/en/products/women/tops/bras-&-tanks/wb04-blue_main.jpg",
            "url": "https://luma.enablementadobe.com/content/luma/us/en/products/women/tops/bras_tanks/prima-compete-bra-top.html#LLWB04.1-XS",
            "stockQuantity": 12
         }
      }
   },
    {
      "_yourTenantId": {
         "product": {
            "sku": "LLWB05.1-XS",
            "name": "Lucia Cross-Fit Bra",
            "category": "women:tops:bras_tanks",
            "color": "black",
            "size": "xs",
            "price": 39,
            "description": "Being cool is a big part of being comfy, which is why the Lucia Cross-Fit Bra features moisture-wicking technology as well as soft, lightweight fabric.",
            "imageUrl": "https://luma.enablementadobe.com/content/dam/luma/en/products/women/tops/bras-&-tanks/wb05-black_main.jpg",
            "url": "https://luma.enablementadobe.com/content/luma/us/en/products/women/tops/bras_tanks/lucia-cross-fit-bra.html#LLWB05.1-XS",
            "stockQuantity": 3
         }
      }
   },
    {
      "_yourTenantId": {
         "product": {
            "sku": "LLWB05.3-L",
            "name": "Lucia Cross-Fit Bra",
            "category": "women:tops:bras_tanks",
            "color": "orange",
            "size": "l",
            "price": 39,
            "description": "Being cool is a big part of being comfy, which is why the Lucia Cross-Fit Bra features moisture-wicking technology as well as soft, lightweight fabric.",
            "imageUrl": "https://luma.enablementadobe.com/content/dam/luma/en/products/women/tops/bras-&-tanks/wb05-orange_main.jpg",
            "url": "https://luma.enablementadobe.com/content/luma/us/en/products/women/tops/bras_tanks/lucia-cross-fit-bra.html#LLWB05.3-L",
            "stockQuantity": 1
         }
      }
   },
    {
      "_yourTenantId": {
         "product": {
            "sku": "LLWT08",
            "name": "Antonia Racer Tank",
            "category": "women:tops:bras_tanks",
            "color": "black",
            "size": "xs",
            "price": 34,
            "description": "You won't know what you like best about the Antonia Racer Tank: soft, stretchy, lightweight fabric? Super-cute colorblocked details? Whatever it is, this piece is sure to quickly move to the top of your workout rotation.",
            "imageUrl": "https://luma.enablementadobe.com/content/dam/luma/en/products/women/tops/bras-&-tanks/wt08-black_main.jpg",
            "url": "https://luma.enablementadobe.com/content/luma/us/en/products/women/tops/bras_tanks/antonia-racer-tank.html#LLWT08.1-XS",
            "stockQuantity": 1
         }
      }
   },
    {
      "_yourTenantId": {
         "product": {
            "sku": "Luma-WT09",
            "name": "Breathe Easy Tank",
            "category": "women:tops:bras_tanks",
            "color": "purple",
            "size": "xs",
            "price": 34,
            "description": "The Breathe Easy Tank is so soft, lightweight, and comfortable, you won't even know it's there -- until its high-tech Cocona™ fabric starts wicking sweat away from your body to help you stay dry and focused. Layer it over your favorite sports bra and get moving.",
            "imageUrl": "https://luma.enablementadobe.com/content/dam/luma/en/products/women/tops/bras-&-tanks/wt09-purple_main.jpg",
            "url": "https://luma.enablementadobe.com/content/luma/us/en/products/women/tops/bras_tanks/breathe-easy-tank.html#Luma-WT09.1-XS-XS",
            "stockQuantity": 0
         }
      }
   },
    {
      "_yourTenantId": {
         "product": {
            "sku": "LLWH10.1-XS",
            "name": "Helena Hooded Fleece",
            "category": "women:tops:hoodies",
            "color": "gray",
            "size": "xs",
            "price": 55,
            "description": "Wear this hoodie after the gym or before a chilly weather bike ride. Either way, this versatile sweatshirt offers an effortlessly appealing silhouette and a super-comfy fit. Smooth, stretchy fabric creates flattering shape, while the full-zip placket and hood help block gusty winds.",
            "imageUrl": "https://luma.enablementadobe.com/content/dam/luma/en/products/women/tops/hoodies-&-sweatshirts/wh10-gray_main.jpg",
            "url": "https://luma.enablementadobe.com/content/luma/us/en/products/women/tops/hoodies/helena-hooded-fleece.html#LLWH10.1-XS",
            "stockQuantity": 3
         }
      }
   },
    {
      "_yourTenantId": {
         "product": {
            "sku": "LLWH10.3-M",
            "name": "Helena Hooded Fleece",
            "category": "women:tops:hoodies",
            "color": "yellow",
            "size": "m",
            "price": 55,
            "description": "Wear this hoodie after the gym or before a chilly weather bike ride. Either way, this versatile sweatshirt offers an effortlessly appealing silhouette and a super-comfy fit. Smooth, stretchy fabric creates flattering shape, while the full-zip placket and hood help block gusty winds.",
            "imageUrl": "https://luma.enablementadobe.com/content/dam/luma/en/products/women/tops/hoodies-&-sweatshirts/wh10-yellow_main.jpg",
            "url": "https://luma.enablementadobe.com/content/luma/us/en/products/women/tops/hoodies/helena-hooded-fleece.html#LLWH10.3-M",
            "stockQuantity": 20
         }
      }
   },
    {
      "_yourTenantId": {
         "product": {
            "sku": "LLWH04",
            "name": "Miko Pullover Hoodie",
            "category": "women:tops:hoodies",
            "color": "blue",
            "size": "xs",
            "price": 69,
            "description": "After quality gym time, put on the Miko Pullover Hoody and keep your body warm. You'll find it's fashionable enough for the streets, but comfy enough to relax in at home.",
            "imageUrl": "https://luma.enablementadobe.com/content/dam/luma/en/products/women/tops/hoodies-&-sweatshirts/wh04-blue_main.jpg",
            "url": "https://luma.enablementadobe.com/content/luma/us/en/products/women/tops/hoodies/miko-pullover-hoodie.html#LLWH04.1-XS",
            "stockQuantity": 16
         }
      }
   },
    {
      "_yourTenantId": {
         "product": {
            "sku": "LLWH05",
            "name": "Selene Yoga Hoodie",
            "category": "women:tops:hoodies",
            "color": "white",
            "size": "xs",
            "price": 42,
            "description": "The Selene Yoga Hoodie gets you to and from the studio in semi form-fitted comfort. Snug, sleek contours add fashion to function in this free-moving yoga warm up sweatshirt.",
            "imageUrl": "https://luma.enablementadobe.com/content/dam/luma/en/products/women/tops/hoodies-&-sweatshirts/wh05-white_main.jpg",
            "url": "https://luma.enablementadobe.com/content/luma/us/en/products/women/tops/hoodies/selene-yoga-hoodie.html#LLWH05.1-XS",
            "stockQuantity": 3
         }
      }
   },
    {
      "_yourTenantId": {
         "product": {
            "sku": "LLWH06.1-XS",
            "name": "Daphne Full-Zip Hoodie",
            "category": "women:tops:hoodies",
            "color": "purple",
            "size": "xs",
            "price": 59,
            "description": "The Daphne Hoodie is an attractive yet rugged layering or outer piece, especially for chilly days en route the studio, doing yardwork or enjoying outdoor recreation.",
            "imageUrl": "https://luma.enablementadobe.com/content/dam/luma/en/products/women/tops/hoodies-&-sweatshirts/wh06-purple_main.jpg",
            "url": "https://luma.enablementadobe.com/content/luma/us/en/products/women/tops/hoodies/daphne-full-zip-hoodie.html#LLWH06.1-XS",
            "stockQuantity": 0
         }
      }
   },
    {
      "_yourTenantId": {
         "product": {
            "sku": "LLWH07",
            "name": "Phoebe Zipper Sweatshirt",
            "category": "women:tops:hoodies",
            "color": "gray",
            "size": "xs",
            "price": 59,
            "description": "A sophisticated layer of warmth awaits you in our full-zip sweatshirt jacket. You'll reach for this one in any season to enjoy its sturdy exterior and plush interior.",
            "imageUrl": "https://luma.enablementadobe.com/content/dam/luma/en/products/women/tops/hoodies-&-sweatshirts/wh07-gray_main.jpg",
            "url": "https://luma.enablementadobe.com/content/luma/us/en/products/women/tops/hoodies/phoebe-zipper-sweatshirt.html#LLWH07.1-XS",
            "stockQuantity": 2
         }
      }
   },
    {
      "_yourTenantId": {
         "product": {
            "sku": "LLWH08.1-XL",
            "name": "Cassia Funnel Sweatshirt",
            "category": "women:tops:hoodies",
            "color": "white",
            "size": "xl",
            "price": 48,
            "description": "The casual Cassia Funnel Sweatshirt sports front angled pockets and a drawstring stretch funnel hoodie. A cowl front neck pairs with a tagless label at back neck.",
            "imageUrl": "https://luma.enablementadobe.com/content/dam/luma/en/products/women/tops/hoodies-&-sweatshirts/wh08-white_main.jpg",
            "url": "https://luma.enablementadobe.com/content/luma/us/en/products/women/tops/hoodies/cassia-funnel-sweatshirt.html#LLWH08.1-XL",
            "stockQuantity": 0
         }
      }
   },
    {
      "_yourTenantId": {
         "product": {
            "sku": "LLWH09",
            "name": "Ariel Roll Sleeve Sweatshirt",
            "category": "women:tops:hoodies",
            "color": "pruple",
            "size": "xs",
            "price": 39,
            "description": "Soft, sleek and subtle, the Ariel Roll Sleeve Sweatshirt is a nuanced fitness garment for all occasions. It works equally well as a workout piece or in a casual social setting.",
            "imageUrl": "https://luma.enablementadobe.com/content/dam/luma/en/products/women/tops/hoodies-&-sweatshirts/wh09-purple_main.jpg",
            "url": "https://luma.enablementadobe.com/content/luma/us/en/products/women/tops/hoodies/ariel-roll-sleeve-sweatshirt.html#LLWH09.1-XS",
            "stockQuantity": 1
         }
      }
   },
    {
      "_yourTenantId": {
         "product": {
            "sku": "LLWH10.2-L",
            "name": "Helena Hooded Fleece",
            "category": "women:tops:hoodies",
            "color": "blue",
            "size": "l",
            "price": 55,
            "description": "Wear this hoodie after the gym or before a chilly weather bike ride. Either way, this versatile sweatshirt offers an effortlessly appealing silhouette and a super-comfy fit. Smooth, stretchy fabric creates flattering shape, while the full-zip placket and hood help block gusty winds.",
            "imageUrl": "https://luma.enablementadobe.com/content/dam/luma/en/products/women/tops/hoodies-&-sweatshirts/wh10-blue_main.jpg",
            "url": "https://luma.enablementadobe.com/content/luma/us/en/products/women/tops/hoodies/helena-hooded-fleece.html#LLWH10.2-L",
            "stockQuantity": 5
         }
      }
   },
    {
      "_yourTenantId": {
         "product": {
            "sku": "LLWH11",
            "name": "Eos V-Neck Hoodie",
            "category": "women:tops:hoodies",
            "color": "blue",
            "size": "xs",
            "price": 54,
            "description": "Getting chilly before class starts? Wear the Eos on your way to and from yoga for a cute and cozy warmup piece. Reach for its reliable comfort and enjoy a super-soft blend of fabrics finished in sporty style that includes a hidden kangaroo pocket.",
            "imageUrl": "https://luma.enablementadobe.com/content/dam/luma/en/products/women/tops/hoodies-&-sweatshirts/wh11-blue_main.jpg",
            "url": "https://luma.enablementadobe.com/content/luma/us/en/products/women/tops/hoodies/eos-v-neck-hoodie.html#LLWH11.1-XS",
            "stockQuantity": 7
         }
      }
   },
    {
      "_yourTenantId": {
         "product": {
            "sku": "LLWH12",
            "name": "Circe Hooded Ice Fleece",
            "category": "women:tops:hoodies",
            "color": "gray",
            "size": "xs",
            "price": 68,
            "description": "Keep shivers at bay with the Circe Hooded Ice Fleece. Ultra-thick, high-pile fleece traps your body heat and keeps cold outside. The drawstring hood and ribbed details add extra coziness and touches of classic style. Its relaxed fit is loose enough to layer comfortably over your shirt.",
            "imageUrl": "https://luma.enablementadobe.com/content/dam/luma/en/products/women/tops/hoodies-&-sweatshirts/wh12-gray_main.jpg",
            "url": "https://luma.enablementadobe.com/content/luma/us/en/products/women/tops/hoodies/circe-hooded-ice-fleece.html#LLWH12.1-XS",
            "stockQuantity": 4
         }
      }
   },
    {
      "_yourTenantId": {
         "product": {
            "sku": "LLWJ06.1-XS",
            "name": "Juno Jacket",
            "category": "women:tops:jackets",
            "color": "purple",
            "size": "xs",
            "price": 77,
            "description": "On colder-than-comfortable mornings, you'll love warming up in the Juno All-Ways Performanc Jacket, designed to compete with wind and chill. Built-in Cocona™ technology aids evaporation, while a special zip placket and stand-up collar keep your neck protected.",
            "imageUrl": " https://luma.enablementadobe.com/content/dam/luma/en/products/women/tops/jackets/wj06-purple_main.jpg",
            "url": "https://luma.enablementadobe.com/content/luma/us/en/products/women/tops/jackets/juno-jacket.html#LLWJ06.1-XS",
            "stockQuantity": 0
         }
      }
   },
    {
      "_yourTenantId": {
         "product": {
            "sku": "LLWJ08",
            "name": "Adrienne Trek Jacket",
            "category": "women:tops:jackets",
            "color": "",
            "size": "",
            "price": 57,
            "description": "You're ready for a cross-country jog or a coffee on the patio in the Adrienne Trek Jacket. Its style is unique with stand collar and drawstrings, and it fits like a jacket should.",
            "imageUrl": "https://luma.enablementadobe.com/content/dam/luma/en/products/women/tops/jackets/wj08-gray_main.jpg",
            "url": "https://luma.enablementadobe.com/content/luma/us/en/products/women/tops/jackets/adrienne-trek-jacket.html#LLWJ08",
            "stockQuantity": 32
         }
      }
   },
    {
      "_yourTenantId": {
         "product": {
            "sku": "LLWJ09",
            "name": "Jade Yoga Jacket",
            "category": "women:tops:jackets",
            "color": "blue",
            "size": "xs",
            "price": 32,
            "description": "If only all your other jackets were as comfortable as the relaxed-fit Jade Yoga Jacket, perfect for use during stretching, biking to and from studio or strolling on breezy fall days.",
            "imageUrl": "https://luma.enablementadobe.com/content/dam/luma/en/products/women/tops/jackets/wj09-green_main.jpg",
            "url": "https://luma.enablementadobe.com/content/luma/us/en/products/women/tops/jackets/jade-yoga-jacket.html#LLWJ09.1-XS",
            "stockQuantity": 50
         }
      }
   },
    {
      "_yourTenantId": {
         "product": {
            "sku": "LLWJ10",
            "name": "Nadia Elements Shell",
            "category": "women:tops:jackets",
            "color": "yellow",
            "size": "xs",
            "price": 69,
            "description": "Protect yourself from wind and rain in the stylish Nadia Elements Shell. It repels water using hydro-resistant fabric, with fleece lining that adds a touch of warmth. It's finished with bold contrast zippers, adjustable cuffs and a hood.",
            "imageUrl": "https://luma.enablementadobe.com/content/dam/luma/en/products/women/tops/jackets/wj10-yellow_main.jpg",
            "url": "https://luma.enablementadobe.com/content/luma/us/en/products/women/tops/jackets/nadia-elements-shell.html#LLWJ10.1-XS",
            "stockQuantity": 35
         }
      }
   },
    {
      "_yourTenantId": {
         "product": {
            "sku": "LLWJ11",
            "name": "Neve Studio Dance Jacket",
            "category": "women:tops:jackets",
            "color": "blue",
            "size": "xs",
            "price": 69,
            "description": "If you're constantly on the move, the Neve Studio Dance Jacket is for you. It's not just for dance, either, with a tight fit that works as a mid-layer. The reversible design makes it even more versatile.",
            "imageUrl": "https://luma.enablementadobe.com/content/dam/luma/en/products/women/tops/jackets/wj11-blue_main.jpg",
            "url": "https://luma.enablementadobe.com/content/luma/us/en/products/women/tops/jackets/neve-studio-dance-jacket.html#LLWJ11.1-XS",
            "stockQuantity": 22
         }
      }
   },
    {
      "_yourTenantId": {
         "product": {
            "sku": "LLWJ12",
            "name": "Olivia 1/4 Zip Light Jacket",
            "category": "women:tops:jackets",
            "color": "blue",
            "size": "xs",
            "price": 77,
            "description": "Running errands or headed to the gym, you just want to be comfortable. The Olivia Light Jacket promises that, plus a laid-back look. This zip-up is designed with shoulder stripes for an athletic touch, and banded waist and contoured seams for a flattering silhouette.",
            "imageUrl": "https://luma.enablementadobe.com/content/dam/luma/en/products/women/tops/jackets/wj12-blue_main.jpg",
            "url": "https://luma.enablementadobe.com/content/luma/us/en/products/women/tops/jackets/olivia-1_4-zip-light-jacket.html#LLWJ12-XS",
            "stockQuantity": 0
         }
      }
   },
    {
      "_yourTenantId": {
         "product": {
            "sku": "LLWS01",
            "name": "Gwyn Endurance Tee",
            "category": "women:tops:tees",
            "color": "black",
            "size": "xs",
            "price": 24,
            "description": "When the miles add up, comfort is crucial. The short-sleeve Gwyn Endurance Tee is designed with an ultra-lightweight blend of breathable fabrics to help you tackle your training. Female-specific seams and a sporty v-neckline offer subtle style.",
            "imageUrl": "https://luma.enablementadobe.com/content/dam/luma/en/products/women/tops/tees/ws01-black_main.jpg",
            "url": "https://luma.enablementadobe.com/content/luma/us/en/products/women/tops/tees/gwyn-endurance-tee.html#LLWS01.1-XS",
            "stockQuantity": 6
         }
      }
   },
    {
      "_yourTenantId": {
         "product": {
            "sku": "LLWS05.1-XS",
            "name": "Desiree Fitness Tee",
            "category": "women:tops:tees",
            "color": "yellow",
            "size": "xs",
            "price": 24,
            "description": "When you're too far to turn back, thank yourself for choosing the Desiree Fitness Tee. Its ultra-lightweight, ultra-breathable fabric wicks sweat away from your body and helps keeps you cool for the distance.",
            "imageUrl": "https://luma.enablementadobe.com/content/dam/luma/en/products/women/tops/tees/ws05-yellow_main.jpg",
            "url": "https://luma.enablementadobe.com/content/luma/us/en/products/women/tops/tees/desiree-fitness-tee.html#LLWS05.1-XS",
            "stockQuantity": 12
         }
      }
   },
    {
      "_yourTenantId": {
         "product": {
            "sku": "LLWS10",
            "name": "Karissa V-Neck Tee",
            "category": "women:tops:tees",
            "color": "red",
            "size": "xs",
            "price": 32,
            "description": "The Karissa V-Neck Tee features a semi-fitted shape that's flattering for every figure. You can hit the gym with confidence while it hugs curves and hides common \"problem\" areas.",
            "imageUrl": "https://luma.enablementadobe.com/content/dam/luma/en/products/women/tops/tees/ws10-red_main.jpg",
            "url": "https://luma.enablementadobe.com/content/luma/us/en/products/women/tops/tees/karissa-v-neck-tee.html#LLWS10.1-XS",
            "stockQuantity": 9
         }
      }
   },
    {
      "_yourTenantId": {
         "product": {
            "sku": "LLWS11",
            "name": "Diva Gym Tee",
            "category": "women:tops:tees",
            "color": "yellow",
            "size": "xs",
            "price": 32,
            "description": "The Diva Gym Tee feels like your favorite right out of the mailbox. Micro-sleeved, lightweight and extra comfortable, it's a casual staple that hides incredible comfort behind a laid-back, carefree look.",
            "imageUrl": "https://luma.enablementadobe.com/content/dam/luma/en/products/women/tops/tees/ws11-yellow_main.jpg",
            "url": "https://luma.enablementadobe.com/content/luma/us/en/products/women/tops/tees/diva-gym-tee.html#LLWS11.1-XS",
            "stockQuantity": 14
         }
      }
   },
    {
      "_yourTenantId": {
         "product": {
            "sku": "LLWS12",
            "name": "Radiant Tee",
            "category": "women:tops:tees",
            "color": "orange",
            "size": "xs",
            "price": 22,
            "description": "So light and comfy, you'll love the Radiant Tee's organic fabric, feel, performance and style. You may never want to stop moving in this shirt.",
            "imageUrl": "https://luma.enablementadobe.com/content/dam/luma/en/products/women/tops/tees/ws12-orange_main.jpg",
            "url": "https://luma.enablementadobe.com/content/luma/us/en/products/women/tops/tees/radiant-tee.html#LLWS12.1-XS",
            "stockQuantity": 16
         }
      }
   }
]