{"values":[{"type":"text","value":"p8e-zWdTJ8e_yWhzVyW7erfXmdG2xnMYfW-l","key":"CLIENT_SECRET","enabled":true},{"type":"text","value":"b7d8a1fc396242889bb31dc83644e91d","key":"API_KEY","enabled":true},{"type":"text","value":"","key":"ACCESS_TOKEN","enabled":true},{"type":"text","value":["openid","AdobeID","read_organizations","additional_info.projectedProductContext","session"],"key":"SCOPES","enabled":true},{"type":"text","value":"8CD31E54673C49EE0A495E05@techacct.adobe.com","key":"TECHNICAL_ACCOUNT_ID","enabled":true},{"type":"text","value":"ims-na1.adobelogin.com","key":"IMS","enabled":true},{"type":"text","value":"907075E95BF479EC0A495C73@AdobeOrg","key":"IMS_ORG","enabled":true}],"name":"vangeluw - OAuth credential"}