name,latitude,longitude,radius,country,state,city,street,category,icon,color,M.countryCode,M.entryOrchestrationId,M.exitOrchestrationId
Luma Store - Amsterdam,52.36974,4.87890,1000,Netherlands,Noord Holland,Amsterdam,Kalverstraat 5,Luma Store,shop,#3E76D0,NL,0,0
Luma Store - Berlin,52.52263,13.41589,1000,Germany,Brandenburg,Berlin,Alexanderstrasse 20,Luma Store,shop,#3E76D0,DE,0,0
Luma Store - Paris,48.87460,2.32643,1000,France,Ile de France,Paris,23 Boulevard de la Madeleine,Luma Store,shop,#3E76D0,FR,0,0
Luma Store - London,51.51678,-0.13955,1000,United Kingdom,City of London,London,201 Oxford Street,Luma Store,shop,#3E76D0,UK,0,0
Luma Store - Rome,41.89365,12.47489,1000,Italy,Roma,Rome,Piazza Sidney Sonnino 43,Luma Store,shop,#3E76D0,ES,0,0
Luma Store - Madrid,40.43162,-3.70117,1000,Spain,Madrid,Madrid,Calle de Fuencarral 45,Luma Store,shop,#3E76D0,IT,0,0