{
	"info": {
		"_postman_id": "bc1a6a49-3efd-4b1d-be72-f3dd5fd88f35",
		"name": "_Adobe Experience Platform Enablement",
		"schema": "https://schema.getpostman.com/json/collection/v2.1.0/collection.json"
	},
	"item": [
		{
			"name": "1. Unified Profile Service",
			"item": [
				{
					"name": "UPS - GET Profile by Entity ID & NS",
					"request": {
						"method": "GET",
						"header": [
							{
								"key": "x-api-key",
								"value": "{{API_KEY}}"
							},
							{
								"key": "x-gw-ims-org-id",
								"value": "{{IMS_ORG}}"
							},
							{
								"key": "Authorization",
								"value": "Bearer {{ACCESS_TOKEN}}"
							},
							{
								"key": "x-sandbox-name",
								"value": "prod"
							}
						],
						"url": {
							"raw": "https://platform.adobe.io/data/core/ups/access/entities?entityId=21000000000000000000144041608857636504&entityIdNS=ecid&schema.name=_xdm.context.profile",
							"protocol": "https",
							"host": [
								"platform",
								"adobe",
								"io"
							],
							"path": [
								"data",
								"core",
								"ups",
								"access",
								"entities"
							],
							"query": [
								{
									"key": "entityId",
									"value": "21000000000000000000144041608857636504"
								},
								{
									"key": "entityIdNS",
									"value": "ecid"
								},
								{
									"key": "schema.name",
									"value": "_xdm.context.profile"
								}
							]
						}
					},
					"response": []
				},
				{
					"name": "UPS - GET Profile & EE by Entity ID & NS",
					"request": {
						"method": "GET",
						"header": [
							{
								"key": "x-api-key",
								"value": "{{API_KEY}}"
							},
							{
								"key": "x-gw-ims-org-id",
								"value": "{{IMS_ORG}}"
							},
							{
								"key": "Authorization",
								"value": "Bearer {{ACCESS_TOKEN}}"
							},
							{
								"key": "x-sandbox-name",
								"value": "prod"
							}
						],
						"url": {
							"raw": "https://platform.adobe.io/data/core/ups/access/entities?schema.name=_xdm.context.experienceevent&relatedSchema.name=_xdm.context.profile&relatedEntityId=21000000000000000000144041608857636504&relatedEntityIdNS=ecid",
							"protocol": "https",
							"host": [
								"platform",
								"adobe",
								"io"
							],
							"path": [
								"data",
								"core",
								"ups",
								"access",
								"entities"
							],
							"query": [
								{
									"key": "schema.name",
									"value": "_xdm.context.experienceevent"
								},
								{
									"key": "relatedSchema.name",
									"value": "_xdm.context.profile"
								},
								{
									"key": "relatedEntityId",
									"value": "21000000000000000000144041608857636504"
								},
								{
									"key": "relatedEntityIdNS",
									"value": "ecid"
								}
							]
						}
					},
					"response": []
				}
			],
			"event": [
				{
					"listen": "prerequest",
					"script": {
						"type": "text/javascript",
						"exec": [
							""
						]
					}
				},
				{
					"listen": "test",
					"script": {
						"type": "text/javascript",
						"exec": [
							""
						]
					}
				}
			]
		},
		{
			"name": "2. Segmentation",
			"item": [
				{
					"name": "Step 1 - Profile: Create A Segment Definition",
					"event": [
						{
							"listen": "test",
							"script": {
								"exec": [
									"var segment = JSON.parse(responseBody);",
									"postman.setEnvironmentVariable(\"SEGMENT_ID\", segment.id);",
									""
								],
								"type": "text/javascript"
							}
						}
					],
					"request": {
						"method": "POST",
						"header": [
							{
								"key": "Authorization",
								"value": "bearer {{ACCESS_TOKEN}}"
							},
							{
								"key": "x-api-key",
								"value": "{{API_KEY}}"
							},
							{
								"key": "x-gw-ims-org-id",
								"value": "{{IMS_ORG}}"
							},
							{
								"key": "Content-Type",
								"name": "Content-Type",
								"value": "application/json",
								"type": "text"
							},
							{
								"key": "x-sandbox-name",
								"value": "prod"
							}
						],
						"body": {
							"mode": "raw",
							"raw": "{\n    \"name\" : \"ldap - API - All Female Customer\",\n    \"expression\" : {\"type\":\"PQL\", \"format\":\"pql/json\", \"value\":\"{\\\"nodeType\\\":\\\"fnApply\\\",\\\"fnName\\\":\\\"in\\\",\\\"params\\\":[{\\\"nodeType\\\":\\\"fieldLookup\\\",\\\"fieldName\\\":\\\"gender\\\",\\\"object\\\":{\\\"nodeType\\\":\\\"fieldLookup\\\",\\\"fieldName\\\":\\\"person\\\",\\\"object\\\":{\\\"nodeType\\\":\\\"literal\\\",\\\"literalType\\\":\\\"XDMObject\\\",\\\"value\\\":\\\"profile\\\"}}},{\\\"literalType\\\":\\\"List\\\",\\\"nodeType\\\":\\\"literal\\\",\\\"value\\\":[\\\"female\\\"]}]}\"},\n    \"createdBy\": \"ldap\",\n    \"schema\" : { \"name\" : \"_xdm.context.profile\"},\n    \"ttlInDays\" : 90\n}",
							"options": {
								"raw": {
									"language": "json"
								}
							}
						},
						"url": {
							"raw": "https://platform.adobe.io/data/core/ups/segment/definitions",
							"protocol": "https",
							"host": [
								"platform",
								"adobe",
								"io"
							],
							"path": [
								"data",
								"core",
								"ups",
								"segment",
								"definitions"
							]
						}
					},
					"response": []
				},
				{
					"name": "Step 2 - POST Segment Job",
					"event": [
						{
							"listen": "test",
							"script": {
								"exec": [
									"var data = JSON.parse(responseBody);",
									"postman.setEnvironmentVariable(\"JOB_ID\", data.id);"
								],
								"type": "text/javascript"
							}
						}
					],
					"request": {
						"method": "POST",
						"header": [
							{
								"key": "Content-Type",
								"value": "application/json"
							},
							{
								"key": "x-gw-ims-org-id",
								"value": "{{IMS_ORG}}"
							},
							{
								"key": "x-api-key",
								"value": "{{API_KEY}}"
							},
							{
								"key": "Authorization",
								"value": "Bearer {{ACCESS_TOKEN}}"
							},
							{
								"key": "x-sandbox-name",
								"value": "prod"
							}
						],
						"body": {
							"mode": "raw",
							"raw": "[\n    {\n        \"segmentId\": \"{{SEGMENT_ID}}\"\n    }\n]"
						},
						"url": {
							"raw": "https://platform.adobe.io/data/core/ups/segment/jobs",
							"protocol": "https",
							"host": [
								"platform",
								"adobe",
								"io"
							],
							"path": [
								"data",
								"core",
								"ups",
								"segment",
								"jobs"
							]
						}
					},
					"response": []
				},
				{
					"name": "Step 3 - GET Segment Job status",
					"event": [
						{
							"listen": "test",
							"script": {
								"exec": [
									"var data = JSON.parse(responseBody);",
									"postman.setEnvironmentVariable(\"MERGEPOLICY_ID\", data.segments[0].segment.mergePolicyId);"
								],
								"type": "text/javascript"
							}
						}
					],
					"request": {
						"method": "GET",
						"header": [
							{
								"key": "x-gw-ims-org-id",
								"value": "{{IMS_ORG}}"
							},
							{
								"key": "Content-Type",
								"value": "application/json"
							},
							{
								"key": "Authorization",
								"value": "Bearer {{ACCESS_TOKEN}}"
							},
							{
								"key": "x-api-key",
								"value": "{{API_KEY}}"
							},
							{
								"key": "x-sandbox-name",
								"value": "prod"
							}
						],
						"url": {
							"raw": "https://platform.adobe.io/data/core/ups/segment/jobs/{{JOB_ID}}",
							"protocol": "https",
							"host": [
								"platform",
								"adobe",
								"io"
							],
							"path": [
								"data",
								"core",
								"ups",
								"segment",
								"jobs",
								"{{JOB_ID}}"
							]
						}
					},
					"response": []
				}
			]
		},
		{
			"name": "3. Query Service",
			"item": [
				{
					"name": "1. Queries",
					"item": [
						{
							"name": "1.1 QS - Create Query",
							"event": [
								{
									"listen": "test",
									"script": {
										"exec": [
											"var data = JSON.parse(responseBody);",
											"postman.setEnvironmentVariable(\"QS_QUERY_ID\", data.id);"
										],
										"type": "text/javascript"
									}
								}
							],
							"request": {
								"method": "POST",
								"header": [
									{
										"key": "x-api-key",
										"value": "{{API_KEY}}"
									},
									{
										"key": "x-gw-ims-org-id",
										"value": "{{IMS_ORG}}"
									},
									{
										"key": "Authorization",
										"value": "Bearer {{access_token}}"
									},
									{
										"key": "x-sandbox-name",
										"value": "aepenablementfy21",
										"type": "text"
									}
								],
								"body": {
									"mode": "raw",
									"raw": "{\n    \"name\" : \"ldap - QS API demo - Citi Signal - Product Views Per Day\",\n\t\"description\": \"ldap - QS API demo - Citi Signal - Product Views Per Day\",\n\t\"dbName\": \"aepenablementfy21:all\",\n\t\"sql\": \"select date_format( timestamp , 'yyyy-MM-dd') AS Day, count(*) AS productViews from demo_system_event_dataset_for_website_global_v1_1 where _experienceplatform.demoEnvironment.brandName IN ('Luma Telco', 'Citi Signal') and eventType = 'commerce.productViews' group by Day limit 10\"\n}",
									"options": {
										"raw": {
											"language": "json"
										}
									}
								},
								"url": {
									"raw": "https://platform.adobe.io/data/foundation/query/queries",
									"protocol": "https",
									"host": [
										"platform",
										"adobe",
										"io"
									],
									"path": [
										"data",
										"foundation",
										"query",
										"queries"
									]
								}
							},
							"response": []
						},
						{
							"name": "1.2 QS - Get Queries",
							"request": {
								"method": "GET",
								"header": [
									{
										"key": "x-api-key",
										"value": "{{API_KEY}}"
									},
									{
										"key": "x-gw-ims-org-id",
										"value": "{{IMS_ORG}}"
									},
									{
										"key": "Authorization",
										"value": "Bearer {{access_token}}"
									},
									{
										"key": "orderby",
										"value": "-created",
										"type": "text"
									},
									{
										"key": "x-sandbox-name",
										"value": "aepenablementfy21",
										"type": "text"
									}
								],
								"url": {
									"raw": "https://platform.adobe.io/data/foundation/query/queries?orderby=-created",
									"protocol": "https",
									"host": [
										"platform",
										"adobe",
										"io"
									],
									"path": [
										"data",
										"foundation",
										"query",
										"queries"
									],
									"query": [
										{
											"key": "orderby",
											"value": "-created"
										}
									]
								}
							},
							"response": []
						},
						{
							"name": "1.3 QS - Get Query Status",
							"event": [
								{
									"listen": "test",
									"script": {
										"exec": [
											"var data = JSON.parse(responseBody);",
											"postman.setEnvironmentVariable(\"QS_DATASET_ID\", data._links.referenced_datasets[0].id);"
										],
										"type": "text/javascript"
									}
								}
							],
							"request": {
								"method": "GET",
								"header": [
									{
										"key": "x-api-key",
										"value": "{{API_KEY}}"
									},
									{
										"key": "x-gw-ims-org-id",
										"value": "{{IMS_ORG}}"
									},
									{
										"key": "Authorization",
										"value": "Bearer {{access_token}}"
									},
									{
										"key": "x-sandbox-name",
										"value": "aepenablementfy21",
										"type": "text"
									}
								],
								"url": {
									"raw": "https://platform.adobe.io/data/foundation/query/queries/{{QS_QUERY_ID}}",
									"protocol": "https",
									"host": [
										"platform",
										"adobe",
										"io"
									],
									"path": [
										"data",
										"foundation",
										"query",
										"queries",
										"{{QS_QUERY_ID}}"
									]
								}
							},
							"response": []
						},
						{
							"name": "1.4 QS - Get Query Result",
							"request": {
								"method": "GET",
								"header": [
									{
										"key": "x-api-key",
										"value": "{{API_KEY}}"
									},
									{
										"key": "x-gw-ims-org-id",
										"value": "{{IMS_ORG}}"
									},
									{
										"key": "Authorization",
										"value": "Bearer {{access_token}}"
									},
									{
										"key": "x-sandbox-name",
										"value": "aepenablementfy21",
										"type": "text"
									}
								],
								"url": {
									"raw": "https://platform-va7.adobe.io/data/foundation/catalog/dataSets/{{QS_DATASET_ID}}",
									"protocol": "https",
									"host": [
										"platform-va7",
										"adobe",
										"io"
									],
									"path": [
										"data",
										"foundation",
										"catalog",
										"dataSets",
										"{{QS_DATASET_ID}}"
									]
								}
							},
							"response": []
						}
					]
				},
				{
					"name": "2. Query Templates",
					"item": []
				},
				{
					"name": "3. CTAS",
					"item": []
				},
				{
					"name": "4. Query Scheduling",
					"item": []
				}
			]
		}
	]
}