{
	"info": {
		"_postman_id": "cb614dc5-8d41-44f2-bc37-c42519924bbc",
		"name": "5-Luma-Product-Inventory-Events",
		"schema": "https://schema.getpostman.com/json/collection/v2.1.0/collection.json",
		"_exporter_id": "13737233"
	},
	"item": [
		{
			"name": "Create Luma Business Event Class",
			"event": [
				{
					"listen": "prerequest",
					"script": {
						"exec": [
							"/** Begin Adobe-provided Pre-Request Scripts **/",
							"// Do not send HTTP Headers with empty variables, as Postman will send the literal variable name",
							"pm.request.headers.each(header => {",
							"    if (header.value.startsWith(\"{{\") && header.value.endsWith(\"}}\")) {",
							"        if (!pm.variables.get(header.value.substring(2, header.value.length - 2))) { pm.request.headers.remove(header.key); }",
							"    }",
							"});",
							"",
							"// Do not send HTTP URL Query Parameters with empty variables, as Postman will send the literal variable name",
							"pm.request.url.query.remove(q => { ",
							"    if (q.value.startsWith(\"{{\") && q.value.endsWith(\"}}\")) {",
							"        return !pm.variables.get(q.value.substring(2, q.value.length - 2));",
							"    } ",
							"});",
							"/** End Adobe-provided Pre-Request Scripts **/"
						],
						"type": "text/javascript"
					}
				},
				{
					"listen": "test",
					"script": {
						"exec": [
							"pm.test(\"Status test\", function(){",
							"    pm.response.to.have.status(201)",
							"})",
							"var jsonData = JSON.parse(responseBody);",
							"postman.setEnvironmentVariable(\"luma_business_event_class_id\", jsonData[\"$id\"]);"
						],
						"type": "text/javascript"
					}
				}
			],
			"request": {
				"method": "POST",
				"header": [
					{
						"key": "Accept",
						"value": "application/json"
					},
					{
						"key": "Content-Type",
						"value": "application/json"
					},
					{
						"description": "The access token which can be copied from your Experience Platform integration, prefixed with \"Bearer \". For more information on how to obtain this value, visit the [authentication tutorial](http://www.adobe.com/go/platform-api-authentication-en).",
						"key": "Authorization",
						"type": "string",
						"value": "Bearer {{ACCESS_TOKEN}}"
					},
					{
						"description": "The API key which can be copied from your Experience Platform integration. For more information on how to obtain this value, visit the [authentication tutorial](http://www.adobe.com/go/platform-api-authentication-en).",
						"key": "x-api-key",
						"type": "string",
						"value": "{{API_KEY}}"
					},
					{
						"description": "The IMS Organization ID which can be copied from your Experience Platform integration. For more information on how to obtain this value, visit the [authentication tutorial](http://www.adobe.com/go/platform-api-authentication-en).",
						"key": "x-gw-ims-org-id",
						"type": "string",
						"value": "{{IMS_ORG}}"
					},
					{
						"description": "The name of the sandbox in which the operation will take place. See the [sandboxes overview](https://adobe.com/go/sandbox-overview-en) for more information.",
						"key": "x-sandbox-name",
						"type": "string",
						"value": "{{SANDBOX_NAME}}"
					}
				],
				"body": {
					"mode": "raw",
					"raw": "{\n  \"type\": \"object\",\n  \"title\": \"Luma Business Event Class\",\n  \"description\": \"Luma Business Event Class\",\n  \"allOf\": [\n    {\n      \"$ref\": \"https://ns.adobe.com/xdm/data/time-series\"\n    }\n  ]\n}"
				},
				"url": {
					"raw": "https://platform.adobe.io/data/foundation/schemaregistry/tenant/classes",
					"protocol": "https",
					"host": [
						"platform",
						"adobe",
						"io"
					],
					"path": [
						"data",
						"foundation",
						"schemaregistry",
						"tenant",
						"classes"
					]
				}
			},
			"response": []
		},
		{
			"name": "Create Luma Product Inventory Event Details Field Group",
			"event": [
				{
					"listen": "prerequest",
					"script": {
						"exec": [
							"/** Begin Adobe-provided Pre-Request Scripts **/",
							"// Do not send HTTP Headers with empty variables, as Postman will send the literal variable name",
							"pm.request.headers.each(header => {",
							"    if (header.value.startsWith(\"{{\") && header.value.endsWith(\"}}\")) {",
							"        if (!pm.variables.get(header.value.substring(2, header.value.length - 2))) { pm.request.headers.remove(header.key); }",
							"    }",
							"});",
							"",
							"// Do not send HTTP URL Query Parameters with empty variables, as Postman will send the literal variable name",
							"pm.request.url.query.remove(q => { ",
							"    if (q.value.startsWith(\"{{\") && q.value.endsWith(\"}}\")) {",
							"        return !pm.variables.get(q.value.substring(2, q.value.length - 2));",
							"    } ",
							"});",
							"/** End Adobe-provided Pre-Request Scripts **/"
						],
						"type": "text/javascript"
					}
				},
				{
					"listen": "test",
					"script": {
						"exec": [
							"pm.test(\"Status test\", function(){",
							"    pm.response.to.have.status(201)",
							"})",
							"var jsonData = JSON.parse(responseBody);",
							"postman.setEnvironmentVariable(\"luma_product_inventory_event_fieldgroup_id\", jsonData[\"$id\"]);"
						],
						"type": "text/javascript"
					}
				}
			],
			"request": {
				"method": "POST",
				"header": [
					{
						"key": "Accept",
						"value": "application/json"
					},
					{
						"key": "Content-Type",
						"value": "application/json"
					},
					{
						"description": "The access token which can be copied from your Experience Platform integration, prefixed with \"Bearer \". For more information on how to obtain this value, visit the [authentication tutorial](http://www.adobe.com/go/platform-api-authentication-en).",
						"key": "Authorization",
						"type": "string",
						"value": "Bearer {{ACCESS_TOKEN}}"
					},
					{
						"description": "The API key which can be copied from your Experience Platform integration. For more information on how to obtain this value, visit the [authentication tutorial](http://www.adobe.com/go/platform-api-authentication-en).",
						"key": "x-api-key",
						"type": "string",
						"value": "{{API_KEY}}"
					},
					{
						"description": "The IMS Organization ID which can be copied from your Experience Platform integration. For more information on how to obtain this value, visit the [authentication tutorial](http://www.adobe.com/go/platform-api-authentication-en).",
						"key": "x-gw-ims-org-id",
						"type": "string",
						"value": "{{IMS_ORG}}"
					},
					{
						"description": "The name of the sandbox in which the operation will take place. See the [sandboxes overview](https://adobe.com/go/sandbox-overview-en) for more information.",
						"key": "x-sandbox-name",
						"type": "string",
						"value": "{{SANDBOX_NAME}}"
					}
				],
				"body": {
					"mode": "raw",
					"raw": "{\n    \"meta:resourceType\": \"mixins\",\n    \"title\": \"Luma Product Inventory Event Details Field Group\",\n    \"type\": \"object\",\n    \"description\": \"Luma Product Inventory Event Details Field Group\",\n    \"properties\": {\n        \"{{TENANT_ID}}\": {\n            \"type\": \"object\",\n            \"properties\": {\n                \"inventoryEvent\": {\n                    \"title\":\"Inventory Event\",\n                    \"type\": \"object\",\n                    \"properties\": {\n                        \"sku\": {\n                            \"title\": \"SKU\",\n                            \"description\": \"Unique identifier of the product\",\n                            \"type\": \"string\",\n                            \"isRequired\": true,\n                            \"meta:xdmType\": \"string\"\n                        },\n                        \"stockEventType\": {\n                            \"title\": \"Stock Event Type\",\n                            \"description\": \"Number of items left in stock\",\n                            \"type\": \"string\",\n                            \"enum\": [\n                                \"restock\",\n                                \"outOfStock\"\n                            ],\n                            \"meta:enum\": {\n                                \"restock\": \"Restock\",\n                                \"outOfStock\": \"Out of Stock\"\n                            },\n                            \"isRequired\": true,\n                            \"meta:xdmType\": \"string\"\n                        }\n                    },\n                    \"meta:xdmType\": \"object\",\n                    \"required\": [\n                        \"sku\"\n                    ]\n                }\n            }\n        }\n    },\n    \"meta:extensible\": true,\n    \"meta:abstract\": true,\n    \"meta:intendedToExtend\": [\n        \"{{luma_business_event_class_id}}\"\n    ]\n}"
				},
				"url": {
					"raw": "https://platform.adobe.io/data/foundation/schemaregistry/tenant/mixins",
					"protocol": "https",
					"host": [
						"platform",
						"adobe",
						"io"
					],
					"path": [
						"data",
						"foundation",
						"schemaregistry",
						"tenant",
						"mixins"
					]
				}
			},
			"response": []
		},
		{
			"name": "Create Luma Product Inventory Event Schema",
			"event": [
				{
					"listen": "prerequest",
					"script": {
						"exec": [
							"/** Begin Adobe-provided Pre-Request Scripts **/",
							"// Do not send HTTP Headers with empty variables, as Postman will send the literal variable name",
							"pm.request.headers.each(header => {",
							"    if (header.value.startsWith(\"{{\") && header.value.endsWith(\"}}\")) {",
							"        if (!pm.variables.get(header.value.substring(2, header.value.length - 2))) { pm.request.headers.remove(header.key); }",
							"    }",
							"});",
							"",
							"// Do not send HTTP URL Query Parameters with empty variables, as Postman will send the literal variable name",
							"pm.request.url.query.remove(q => { ",
							"    if (q.value.startsWith(\"{{\") && q.value.endsWith(\"}}\")) {",
							"        return !pm.variables.get(q.value.substring(2, q.value.length - 2));",
							"    } ",
							"});",
							"/** End Adobe-provided Pre-Request Scripts **/"
						],
						"type": "text/javascript"
					}
				},
				{
					"listen": "test",
					"script": {
						"exec": [
							"pm.test(\"Status test\", function(){",
							"    pm.response.to.have.status(201)",
							"})",
							"var jsonData = JSON.parse(responseBody);",
							"postman.setEnvironmentVariable(\"luma_product_inventory_event_schema_id\", jsonData[\"$id\"]);",
							"postman.setEnvironmentVariable(\"luma_product_inventory_event_schema_altId\", jsonData[\"meta:altId\"]);"
						],
						"type": "text/javascript"
					}
				}
			],
			"request": {
				"method": "POST",
				"header": [
					{
						"key": "Accept",
						"value": "application/json"
					},
					{
						"key": "Content-Type",
						"value": "application/json"
					},
					{
						"description": "The access token which can be copied from your Experience Platform integration, prefixed with \"Bearer \". For more information on how to obtain this value, visit the [authentication tutorial](http://www.adobe.com/go/platform-api-authentication-en).",
						"key": "Authorization",
						"type": "string",
						"value": "Bearer {{ACCESS_TOKEN}}"
					},
					{
						"description": "The API key which can be copied from your Experience Platform integration. For more information on how to obtain this value, visit the [authentication tutorial](http://www.adobe.com/go/platform-api-authentication-en).",
						"key": "x-api-key",
						"type": "string",
						"value": "{{API_KEY}}"
					},
					{
						"description": "The IMS Organization ID which can be copied from your Experience Platform integration. For more information on how to obtain this value, visit the [authentication tutorial](http://www.adobe.com/go/platform-api-authentication-en).",
						"key": "x-gw-ims-org-id",
						"type": "string",
						"value": "{{IMS_ORG}}"
					},
					{
						"description": "The name of the sandbox in which the operation will take place. See the [sandboxes overview](https://adobe.com/go/sandbox-overview-en) for more information.",
						"key": "x-sandbox-name",
						"type": "string",
						"value": "{{SANDBOX_NAME}}"
					}
				],
				"body": {
					"mode": "raw",
					"raw": "{\n    \"meta:resourceType\": \"schemas\",\n    \"title\": \"Luma Product Inventory Event Schema\",\n    \"type\": \"object\",\n    \"description\": \"Luma Product Inventory Event Schema\",\n    \"allOf\": [\n        {\n            \"$ref\": \"{{luma_business_event_class_id}}\",\n            \"type\": \"object\",\n            \"meta:xdmType\": \"object\"\n        },\n        {\n            \"$ref\": \"{{luma_product_inventory_event_fieldgroup_id}}\",\n            \"type\": \"object\",\n            \"meta:xdmType\": \"object\"\n        }\n    ],\n    \"meta:extensible\": false,\n    \"meta:abstract\": false,\n    \"meta:extends\": [\n        \"https://ns.adobe.com/xdm/data/time-series\",\n        \"{{luma_product_inventory_event_fieldgroup_id}}\",\n        \"{{luma_business_event_class_id}}\"\n    ],\n    \"meta:xdmType\": \"object\"\n}"
				},
				"url": {
					"raw": "https://platform.adobe.io/data/foundation/schemaregistry/tenant/schemas",
					"protocol": "https",
					"host": [
						"platform",
						"adobe",
						"io"
					],
					"path": [
						"data",
						"foundation",
						"schemaregistry",
						"tenant",
						"schemas"
					]
				}
			},
			"response": []
		},
		{
			"name": "Set Product SKU as the Primary Identity",
			"event": [
				{
					"listen": "prerequest",
					"script": {
						"exec": [
							"/** Begin Adobe-provided Pre-Request Scripts **/",
							"// Do not send HTTP Headers with empty variables, as Postman will send the literal variable name",
							"pm.request.headers.each(header => {",
							"    if (header.value.startsWith(\"{{\") && header.value.endsWith(\"}}\")) {",
							"        if (!pm.variables.get(header.value.substring(2, header.value.length - 2))) { pm.request.headers.remove(header.key); }",
							"    }",
							"});",
							"",
							"// Do not send HTTP URL Query Parameters with empty variables, as Postman will send the literal variable name",
							"pm.request.url.query.remove(q => { ",
							"    if (q.value.startsWith(\"{{\") && q.value.endsWith(\"}}\")) {",
							"        return !pm.variables.get(q.value.substring(2, q.value.length - 2));",
							"    } ",
							"});",
							"/** End Adobe-provided Pre-Request Scripts **/"
						],
						"type": "text/javascript"
					}
				},
				{
					"listen": "test",
					"script": {
						"exec": [
							"pm.test(\"Status test\", function(){",
							"    pm.response.to.have.status(201)",
							"})"
						],
						"type": "text/javascript"
					}
				}
			],
			"request": {
				"method": "POST",
				"header": [
					{
						"key": "Accept",
						"value": "application/json"
					},
					{
						"key": "Content-Type",
						"value": "application/json"
					},
					{
						"key": "Authorization",
						"value": "Bearer {{ACCESS_TOKEN}}",
						"description": "The access token which can be copied from your Experience Platform integration, prefixed with \"Bearer \". For more information on how to obtain this value, visit the [authentication tutorial](http://www.adobe.com/go/platform-api-authentication-en).",
						"type": "string"
					},
					{
						"key": "x-api-key",
						"value": "{{API_KEY}}",
						"description": "The API key which can be copied from your Experience Platform integration. For more information on how to obtain this value, visit the [authentication tutorial](http://www.adobe.com/go/platform-api-authentication-en).",
						"type": "string"
					},
					{
						"key": "x-gw-ims-org-id",
						"value": "{{IMS_ORG}}",
						"description": "The IMS Organization ID which can be copied from your Experience Platform integration. For more information on how to obtain this value, visit the [authentication tutorial](http://www.adobe.com/go/platform-api-authentication-en).",
						"type": "string"
					},
					{
						"key": "x-sandbox-name",
						"value": "{{SANDBOX_NAME}}",
						"description": "The name of the sandbox in which the operation will take place. See the [sandboxes overview](https://adobe.com/go/sandbox-overview-en) for more information.",
						"type": "string"
					}
				],
				"body": {
					"mode": "raw",
					"raw": "{\n    \"@type\": \"xdm:descriptorIdentity\",\n    \"xdm:sourceSchema\": \"{{luma_product_inventory_event_schema_id}}\",\n    \"xdm:sourceVersion\": 1,\n    \"xdm:sourceProperty\": \"/{{TENANT_ID}}/inventoryEvent/sku\",\n    \"xdm:namespace\": \"lumaProductSKU\",\n    \"xdm:property\": \"xdm:code\",\n    \"xdm:isPrimary\": true\n}"
				},
				"url": {
					"raw": "https://platform.adobe.io/data/foundation/schemaregistry/tenant/descriptors",
					"protocol": "https",
					"host": [
						"platform",
						"adobe",
						"io"
					],
					"path": [
						"data",
						"foundation",
						"schemaregistry",
						"tenant",
						"descriptors"
					]
				},
				"description": "Required fields for defining a descriptor vary based on the `@type` of the descriptor."
			},
			"response": []
		},
		{
			"name": "Set the SKU field as a reference identity",
			"event": [
				{
					"listen": "prerequest",
					"script": {
						"exec": [
							"/** Begin Adobe-provided Pre-Request Scripts **/",
							"// Do not send HTTP Headers with empty variables, as Postman will send the literal variable name",
							"pm.request.headers.each(header => {",
							"    if (header.value.startsWith(\"{{\") && header.value.endsWith(\"}}\")) {",
							"        if (!pm.variables.get(header.value.substring(2, header.value.length - 2))) { pm.request.headers.remove(header.key); }",
							"    }",
							"});",
							"",
							"// Do not send HTTP URL Query Parameters with empty variables, as Postman will send the literal variable name",
							"pm.request.url.query.remove(q => { ",
							"    if (q.value.startsWith(\"{{\") && q.value.endsWith(\"}}\")) {",
							"        return !pm.variables.get(q.value.substring(2, q.value.length - 2));",
							"    } ",
							"});",
							"/** End Adobe-provided Pre-Request Scripts **/"
						],
						"type": "text/javascript"
					}
				},
				{
					"listen": "test",
					"script": {
						"exec": [
							"pm.test(\"Status test\", function(){",
							"    pm.response.to.have.status(201)",
							"})"
						],
						"type": "text/javascript"
					}
				}
			],
			"request": {
				"method": "POST",
				"header": [
					{
						"key": "Accept",
						"value": "application/json"
					},
					{
						"key": "Content-Type",
						"value": "application/json"
					},
					{
						"key": "Authorization",
						"value": "Bearer {{ACCESS_TOKEN}}",
						"description": "The access token which can be copied from your Experience Platform integration, prefixed with \"Bearer \". For more information on how to obtain this value, visit the [authentication tutorial](http://www.adobe.com/go/platform-api-authentication-en).",
						"type": "string"
					},
					{
						"key": "x-api-key",
						"value": "{{API_KEY}}",
						"description": "The API key which can be copied from your Experience Platform integration. For more information on how to obtain this value, visit the [authentication tutorial](http://www.adobe.com/go/platform-api-authentication-en).",
						"type": "string"
					},
					{
						"key": "x-gw-ims-org-id",
						"value": "{{IMS_ORG}}",
						"description": "The IMS Organization ID which can be copied from your Experience Platform integration. For more information on how to obtain this value, visit the [authentication tutorial](http://www.adobe.com/go/platform-api-authentication-en).",
						"type": "string"
					},
					{
						"key": "x-sandbox-name",
						"value": "{{SANDBOX_NAME}}",
						"description": "The name of the sandbox in which the operation will take place. See the [sandboxes overview](https://adobe.com/go/sandbox-overview-en) for more information.",
						"type": "string"
					}
				],
				"body": {
					"mode": "raw",
					"raw": "{\n  \"@type\": \"xdm:descriptorReferenceIdentity\",\n  \"xdm:sourceSchema\": \"{{luma_product_inventory_event_schema_id}}\",\n  \"xdm:sourceVersion\": 1,\n  \"xdm:sourceProperty\": \"/{{TENANT_ID}}/inventoryEvent/sku\",\n  \"xdm:identityNamespace\": \"lumaProductSKU\"\n}\n"
				},
				"url": {
					"raw": "https://platform.adobe.io/data/foundation/schemaregistry/tenant/descriptors",
					"protocol": "https",
					"host": [
						"platform",
						"adobe",
						"io"
					],
					"path": [
						"data",
						"foundation",
						"schemaregistry",
						"tenant",
						"descriptors"
					]
				},
				"description": "Required fields for defining a descriptor vary based on the `@type` of the descriptor."
			},
			"response": []
		},
		{
			"name": "Create relationship to Luma Product Catalog",
			"event": [
				{
					"listen": "prerequest",
					"script": {
						"exec": [
							"/** Begin Adobe-provided Pre-Request Scripts **/",
							"// Do not send HTTP Headers with empty variables, as Postman will send the literal variable name",
							"pm.request.headers.each(header => {",
							"    if (header.value.startsWith(\"{{\") && header.value.endsWith(\"}}\")) {",
							"        if (!pm.variables.get(header.value.substring(2, header.value.length - 2))) { pm.request.headers.remove(header.key); }",
							"    }",
							"});",
							"",
							"// Do not send HTTP URL Query Parameters with empty variables, as Postman will send the literal variable name",
							"pm.request.url.query.remove(q => { ",
							"    if (q.value.startsWith(\"{{\") && q.value.endsWith(\"}}\")) {",
							"        return !pm.variables.get(q.value.substring(2, q.value.length - 2));",
							"    } ",
							"});",
							"/** End Adobe-provided Pre-Request Scripts **/"
						],
						"type": "text/javascript"
					}
				},
				{
					"listen": "test",
					"script": {
						"exec": [
							"pm.test(\"Status test\", function(){",
							"    pm.response.to.have.status(201)",
							"})"
						],
						"type": "text/javascript"
					}
				}
			],
			"request": {
				"method": "POST",
				"header": [
					{
						"key": "Accept",
						"value": "application/json"
					},
					{
						"key": "Content-Type",
						"value": "application/json"
					},
					{
						"key": "Authorization",
						"value": "Bearer {{ACCESS_TOKEN}}",
						"description": "The access token which can be copied from your Experience Platform integration, prefixed with \"Bearer \". For more information on how to obtain this value, visit the [authentication tutorial](http://www.adobe.com/go/platform-api-authentication-en).",
						"type": "string"
					},
					{
						"key": "x-api-key",
						"value": "{{API_KEY}}",
						"description": "The API key which can be copied from your Experience Platform integration. For more information on how to obtain this value, visit the [authentication tutorial](http://www.adobe.com/go/platform-api-authentication-en).",
						"type": "string"
					},
					{
						"key": "x-gw-ims-org-id",
						"value": "{{IMS_ORG}}",
						"description": "The IMS Organization ID which can be copied from your Experience Platform integration. For more information on how to obtain this value, visit the [authentication tutorial](http://www.adobe.com/go/platform-api-authentication-en).",
						"type": "string"
					},
					{
						"key": "x-sandbox-name",
						"value": "{{SANDBOX_NAME}}",
						"description": "The name of the sandbox in which the operation will take place. See the [sandboxes overview](https://adobe.com/go/sandbox-overview-en) for more information.",
						"type": "string"
					}
				],
				"body": {
					"mode": "raw",
					"raw": "{\n    \"@type\": \"xdm:descriptorOneToOne\",\n    \"xdm:sourceSchema\": \"{{luma_product_inventory_event_schema_id}}\",\n    \"xdm:sourceVersion\": 1,\n    \"xdm:sourceProperty\": \"/{{TENANT_ID}}/inventoryEvent/sku\",\n    \"xdm:destinationSchema\":\"{{luma_product_catalog_schema_id}}\",\n    \"xdm:destinationVersion\": 1,\n    \"xdm:destinationProperty\": \"/{{TENANT_ID}}/product/sku\"\n}"
				},
				"url": {
					"raw": "https://platform.adobe.io/data/foundation/schemaregistry/tenant/descriptors",
					"protocol": "https",
					"host": [
						"platform",
						"adobe",
						"io"
					],
					"path": [
						"data",
						"foundation",
						"schemaregistry",
						"tenant",
						"descriptors"
					]
				},
				"description": "Required fields for defining a descriptor vary based on the `@type` of the descriptor."
			},
			"response": []
		},
		{
			"name": "Create Luma Product Inventory Event Dataset",
			"event": [
				{
					"listen": "test",
					"script": {
						"exec": [
							"pm.test(\"Status test\", function(){",
							"    pm.response.to.have.status(201)",
							"})",
							"var jsonData = JSON.parse(responseBody);",
							"postman.setEnvironmentVariable(\"product_inventory_event_dataset_id\", jsonData[0].split(\"/\")[2]);"
						],
						"type": "text/javascript"
					}
				}
			],
			"request": {
				"method": "POST",
				"header": [
					{
						"key": "Authorization",
						"value": "Bearer {{ACCESS_TOKEN}}",
						"type": "text"
					},
					{
						"key": "x-gw-ims-org-id",
						"value": "{{IMS_ORG}}",
						"type": "text"
					},
					{
						"key": "x-api-key",
						"value": "{{API_KEY}}",
						"type": "text"
					},
					{
						"key": "x-sandbox-name",
						"value": "{{SANDBOX_NAME}}",
						"type": "text"
					},
					{
						"key": "Content-Type",
						"value": "application/json",
						"type": "text"
					}
				],
				"body": {
					"mode": "raw",
					"raw": "{\n    \"name\": \"Luma Product Inventory Event Dataset\",\n    \"schemaRef\": {\n        \"id\": \"{{luma_product_inventory_event_schema_id}}\",\n        \"contentType\": \"application/vnd.adobe.xed-full-notext+json; version=1\"\n    },\n    \"fileDescription\": {\n        \"persisted\": true,\n        \"containerFormat\": \"parquet\",\n        \"format\": \"parquet\"\n    },\n    \"enableErrorDiagnostics\": true\n}"
				},
				"url": {
					"raw": "{{platform_end_point}}/data/foundation/catalog/dataSet",
					"host": [
						"{{platform_end_point}}"
					],
					"path": [
						"data",
						"foundation",
						"catalog",
						"dataSet"
					]
				}
			},
			"response": []
		},
		{
			"name": "Create a new batch in Catalog Service.",
			"event": [
				{
					"listen": "prerequest",
					"script": {
						"exec": [
							"/** Begin Adobe-provided Pre-Request Scripts **/",
							"// Do not send HTTP Headers with empty variables, as Postman will send the literal variable name",
							"pm.request.headers.each(header => {",
							"    if (header.value.startsWith(\"{{\") && header.value.endsWith(\"}}\")) {",
							"        if (!pm.variables.get(header.value.substring(2, header.value.length - 2))) { pm.request.headers.remove(header.key); }",
							"    }",
							"});",
							"",
							"// Do not send HTTP URL Query Parameters with empty variables, as Postman will send the literal variable name",
							"pm.request.url.query.remove(q => { ",
							"    if (q.value.startsWith(\"{{\") && q.value.endsWith(\"}}\")) {",
							"        return !pm.variables.get(q.value.substring(2, q.value.length - 2));",
							"    } ",
							"});",
							"/** End Adobe-provided Pre-Request Scripts **/"
						],
						"type": "text/javascript"
					}
				},
				{
					"listen": "test",
					"script": {
						"exec": [
							"pm.test(\"Status test\", function(){",
							"    pm.response.to.have.status(201)",
							"})",
							"var jsonData = JSON.parse(responseBody);",
							"postman.setEnvironmentVariable(\"luma_product_inventory_event_batch_id\", jsonData[\"id\"]);"
						],
						"type": "text/javascript"
					}
				}
			],
			"request": {
				"method": "POST",
				"header": [
					{
						"key": "Accept",
						"value": "application/json"
					},
					{
						"key": "Content-Type",
						"value": "application/json"
					},
					{
						"key": "Authorization",
						"value": "Bearer {{ACCESS_TOKEN}}",
						"description": "The access token which can be copied from your Experience Platform integration, prefixed with \"Bearer \". For more information on how to obtain this value, visit the [authentication tutorial](https://docs.adobe.com/content/help/en/experience-platform/tutorials/authentication.html).",
						"type": "string"
					},
					{
						"key": "x-api-key",
						"value": "{{API_KEY}}",
						"description": "The API key which can be copied from your Experience Platform integration. For more information on how to obtain this value, visit the [authentication tutorial](https://docs.adobe.com/content/help/en/experience-platform/tutorials/authentication.html).",
						"type": "string"
					},
					{
						"key": "x-gw-ims-org-id",
						"value": "{{IMS_ORG}}",
						"description": "The Organization ID which can be copied from your Experience Platform integration. For more information on how to obtain this value, visit the [authentication tutorial](https://docs.adobe.com/content/help/en/experience-platform/tutorials/authentication.html).",
						"type": "string"
					},
					{
						"key": "x-sandbox-name",
						"value": "{{SANDBOX_NAME}}",
						"description": "The name of the sandbox in which the operation will take place. See the [sandboxes overview documentation](https://docs.adobe.com/content/help/en/experience-platform/sandbox/home.html) for more information.",
						"type": "string"
					}
				],
				"body": {
					"mode": "raw",
					"raw": "{\n          \"datasetId\": \"{{product_inventory_event_dataset_id}}\",\n           \"inputFormat\": {\n                \"format\": \"json\"\n           }\n      }"
				},
				"url": {
					"raw": "https://platform.adobe.io/data/foundation/import/batches",
					"protocol": "https",
					"host": [
						"platform",
						"adobe",
						"io"
					],
					"path": [
						"data",
						"foundation",
						"import",
						"batches"
					]
				}
			},
			"response": []
		},
		{
			"name": "Ingest Luma Inventory Events JSON data",
			"event": [
				{
					"listen": "test",
					"script": {
						"exec": [
							"pm.test(\"Status test\", function(){",
							"    pm.response.to.have.status(200)",
							"})"
						],
						"type": "text/javascript"
					}
				}
			],
			"request": {
				"method": "PUT",
				"header": [
					{
						"key": "Accept",
						"type": "text",
						"value": "application/json"
					},
					{
						"key": "Content-Type",
						"type": "text",
						"value": "application/octet-stream"
					},
					{
						"key": "Authorization",
						"type": "text",
						"value": "Bearer {{ACCESS_TOKEN}}"
					},
					{
						"key": "x-api-key",
						"type": "text",
						"value": "{{API_KEY}}"
					},
					{
						"key": "x-gw-ims-org-id",
						"type": "text",
						"value": "{{IMS_ORG}}"
					},
					{
						"key": "x-sandbox-name",
						"type": "text",
						"value": "{{SANDBOX_NAME}}"
					}
				],
				"body": {
					"mode": "file",
					"file": {
						"src": "{{FILE_PATH}}/luma-data/luma-inventory-events.json"
					}
				},
				"url": {
					"raw": "https://platform.adobe.io/data/foundation/import/batches/{{luma_product_inventory_event_batch_id}}/datasets/{{product_inventory_event_dataset_id}}/files/luma-inventory-events.json",
					"protocol": "https",
					"host": [
						"platform",
						"adobe",
						"io"
					],
					"path": [
						"data",
						"foundation",
						"import",
						"batches",
						"{{luma_product_inventory_event_batch_id}}",
						"datasets",
						"{{product_inventory_event_dataset_id}}",
						"files",
						"luma-inventory-events.json"
					]
				}
			},
			"response": []
		},
		{
			"name": "Complete batch",
			"event": [
				{
					"listen": "prerequest",
					"script": {
						"exec": [
							"/** Begin Adobe-provided Pre-Request Scripts **/",
							"// Do not send HTTP Headers with empty variables, as Postman will send the literal variable name",
							"pm.request.headers.each(header => {",
							"    if (header.value.startsWith(\"{{\") && header.value.endsWith(\"}}\")) {",
							"        if (!pm.variables.get(header.value.substring(2, header.value.length - 2))) { pm.request.headers.remove(header.key); }",
							"    }",
							"});",
							"",
							"// Do not send HTTP URL Query Parameters with empty variables, as Postman will send the literal variable name",
							"pm.request.url.query.remove(q => { ",
							"    if (q.value.startsWith(\"{{\") && q.value.endsWith(\"}}\")) {",
							"        return !pm.variables.get(q.value.substring(2, q.value.length - 2));",
							"    } ",
							"});",
							"/** End Adobe-provided Pre-Request Scripts **/"
						],
						"type": "text/javascript"
					}
				},
				{
					"listen": "test",
					"script": {
						"exec": [
							"pm.test(\"Status test\", function(){",
							"    pm.response.to.have.status(200)",
							"})"
						],
						"type": "text/javascript"
					}
				}
			],
			"request": {
				"method": "POST",
				"header": [
					{
						"key": "Accept",
						"value": "application/json"
					},
					{
						"key": "Content-Type",
						"value": "application/json"
					},
					{
						"description": "The access token which can be copied from your Experience Platform integration, prefixed with \"Bearer \". For more information on how to obtain this value, visit the [authentication tutorial](https://docs.adobe.com/content/help/en/experience-platform/tutorials/authentication.html).",
						"key": "Authorization",
						"type": "string",
						"value": "Bearer {{ACCESS_TOKEN}}"
					},
					{
						"description": "The API key which can be copied from your Experience Platform integration. For more information on how to obtain this value, visit the [authentication tutorial](https://docs.adobe.com/content/help/en/experience-platform/tutorials/authentication.html).",
						"key": "x-api-key",
						"type": "string",
						"value": "{{API_KEY}}"
					},
					{
						"description": "The Organization ID which can be copied from your Experience Platform integration. For more information on how to obtain this value, visit the [authentication tutorial](https://docs.adobe.com/content/help/en/experience-platform/tutorials/authentication.html).",
						"key": "x-gw-ims-org-id",
						"type": "string",
						"value": "{{IMS_ORG}}"
					},
					{
						"description": "The name of the sandbox in which the operation will take place. See the [sandboxes overview documentation](https://docs.adobe.com/content/help/en/experience-platform/sandbox/home.html) for more information.",
						"key": "x-sandbox-name",
						"type": "string",
						"value": "{{SANDBOX_NAME}}"
					}
				],
				"body": {
					"mode": "raw",
					"raw": ""
				},
				"url": {
					"raw": "https://platform.adobe.io/data/foundation/import/batches/{{luma_product_inventory_event_batch_id}}?action=COMPLETE",
					"protocol": "https",
					"host": [
						"platform",
						"adobe",
						"io"
					],
					"path": [
						"data",
						"foundation",
						"import",
						"batches",
						"{{luma_product_inventory_event_batch_id}}"
					],
					"query": [
						{
							"key": "action",
							"value": "COMPLETE"
						}
					]
				}
			},
			"response": []
		}
	],
	"event": [
		{
			"listen": "prerequest",
			"script": {
				"type": "text/javascript",
				"exec": [
					""
				]
			}
		},
		{
			"listen": "test",
			"script": {
				"type": "text/javascript",
				"exec": [
					""
				]
			}
		}
	]
}