id,life_time_value,loyalty_exp_date,loyalty_points,loyalty_status,crmId,loyaltyId
1,110503,2023-11-02,6184,Diamond,crmid:7604109539,63-7204100
2,73840,2022-09-11,11763,Platinum,crmid:6381233583,82-8208809
3,28216,2024-12-26,12897,Silver,crmid:9669495513,11-7546383
4,44940,2021-05-17,4976,Silver,crmid:3389096653,95-3059107
5,370283,2025-03-18,18671,Silver,crmid:7690738331,61-7680621
6,86243,2022-11-26,7384,Silver,crmid:6175146268,49-8411733
7,251082,2021-11-22,7585,Silver,crmid:6464616988,47-2968156
8,232976,2024-08-06,6864,Gold,crmid:1157718625,72-7573515
9,294218,2023-07-25,4068,Diamond,crmid:7603672355,03-2077354
10,148975,2023-07-08,15706,Gold,crmid:9371860425,34-0382630
11,258740,2023-11-26,16170,Diamond,crmid:8288804414,56-2819298
12,382903,2023-04-01,10765,Gold,crmid:1742617244,41-7840487
13,27392,2024-11-25,14564,Silver,crmid:4736045529,80-5147868
14,238321,2024-03-28,15511,Silver,crmid:7329227047,53-4315765
15,36456,2022-09-10,12061,Gold,crmid:8757114899,35-6021849
16,54279,2024-03-30,7178,Diamond,crmid:1052101853,71-6513167
17,347065,2024-02-16,13357,Silver,crmid:9373467700,54-4246456
18,388983,2022-12-04,3714,Gold,crmid:1521184288,21-1270297
19,174052,2025-03-08,1290,Gold,crmid:6138744447,19-7446036
20,241778,2023-10-26,299,Silver,crmid:4980799314,22-1462978
21,314934,2022-10-18,4306,Gold,crmid:6755748431,01-6327481
22,181414,2022-07-22,15927,Diamond,crmid:9427759281,79-9111808
23,318974,2022-11-07,776,Platinum,crmid:1212104609,29-2893563
24,364395,2021-11-30,4782,Diamond,crmid:2782669742,45-9500459
25,315756,2023-02-13,16595,Diamond,crmid:3865563818,79-5093789
26,133462,2022-06-07,14049,Silver,crmid:9267099600,53-7648053
27,220685,2023-03-15,1400,Diamond,crmid:5997251273,48-0513485
28,101898,2024-07-24,18444,Gold,crmid:2414320344,18-2310094
29,278826,2024-08-13,15149,Silver,crmid:9537935248,18-4116612
30,119376,2021-08-12,17428,Silver,crmid:9758524601,40-5757216
31,323133,2022-01-09,980,Platinum,crmid:7947018180,52-1028070
32,382344,2021-10-06,14417,Silver,crmid:7963955090,21-4458747
33,23677,2022-07-21,4912,Platinum,crmid:3088096535,61-5706778
34,55471,2021-05-18,11305,Platinum,crmid:7230421984,03-3387761
35,366316,2023-08-01,5383,Gold,crmid:5298279676,86-7311361
36,310185,2023-01-15,11664,Diamond,crmid:1357174349,01-1755943
37,24928,2022-12-03,16375,Gold,crmid:1471852757,01-9852831
38,110157,2021-12-10,16964,Gold,crmid:1281750146,23-3344026
39,301482,2023-04-07,14428,Gold,crmid:8712547713,46-7640031
40,179802,2024-05-16,2374,Silver,crmid:7224572472,77-1005239
41,288165,2024-07-30,6559,Silver,crmid:1433384750,50-3441556
42,369668,2023-07-19,6947,Gold,crmid:1900214789,63-9774867
43,62226,2025-04-18,3919,Silver,crmid:1236903521,26-8678110
44,300790,2023-02-04,14366,Platinum,crmid:5563847407,23-9688013
45,229252,2022-06-26,8581,Silver,crmid:1691586586,72-7894591
46,143213,2022-06-01,4186,Diamond,crmid:9489875040,16-6322475
47,197958,2022-03-25,18878,Diamond,crmid:1319113901,55-2465962
48,160042,2021-09-08,13306,Platinum,crmid:8117958064,03-6186440
49,82895,2023-05-06,1156,Gold,crmid:1432904999,63-8117552
50,358530,2022-12-04,2019,Diamond,crmid:7246015830,47-9057266
51,280520,2024-08-31,7120,Silver,crmid:5573755101,20-8387376
52,83201,2023-11-22,16109,Silver,crmid:2772445368,58-7696440
53,212507,2025-04-25,15319,Diamond,crmid:7912812595,04-0689707
54,140217,2025-04-06,13662,Diamond,crmid:5313714984,75-1087379
55,323903,2022-12-18,14373,Gold,crmid:5196937829,86-9230118
56,326973,2024-02-02,13001,Diamond,crmid:4840821968,82-6011319
57,198505,2024-11-26,9027,Platinum,crmid:5781837233,38-3692687
58,48685,2021-07-25,19515,Platinum,crmid:6462440463,33-7113943
59,284120,2022-10-28,5449,Silver,crmid:9022049109,19-2187999
60,253518,2022-08-20,4888,Platinum,crmid:9452900125,45-8166293
61,227391,2023-06-06,17824,Gold,crmid:6201510935,43-4150556
62,371544,2022-10-14,8227,Gold,crmid:5183337878,91-0976817
63,142374,2022-06-02,12379,Diamond,crmid:3175661543,73-7852936
64,322717,2025-01-01,3640,Silver,crmid:6200624813,08-8746456
65,372977,2021-05-08,11854,Platinum,crmid:7695891000,40-2799106
66,248370,2025-01-31,16795,Diamond,crmid:7535666520,29-0527236
67,347924,2023-11-26,10275,Diamond,crmid:7051340208,84-0330428
68,232339,2023-09-12,18133,Diamond,crmid:4019879851,23-3050827
69,370503,2021-06-29,15177,Platinum,crmid:2805135561,93-7601931
70,63672,2022-01-30,7522,Diamond,crmid:2673887460,27-4728210
71,124356,2022-08-15,6617,Gold,crmid:9463498623,25-8973226
72,148131,2022-07-01,4877,Diamond,crmid:1746680357,67-8055868
73,108699,2023-07-07,3602,Silver,crmid:2870308920,48-3323600
74,178331,2023-02-27,12278,Silver,crmid:2666899672,58-0651754
75,387760,2022-09-27,9376,Gold,crmid:8976964263,86-4637662
76,376186,2024-11-22,1607,Gold,crmid:9610973041,29-8753978
77,371003,2022-05-08,8052,Platinum,crmid:3233175566,22-1996843
78,82056,2024-04-27,13163,Diamond,crmid:4803333835,86-3801067
79,336200,2023-01-04,8485,Platinum,crmid:5850320739,91-4241730
80,21668,2024-02-17,6318,Platinum,crmid:7065397645,74-0059492
81,99747,2023-08-20,14916,Gold,crmid:2267026285,72-9555382
82,332312,2024-07-06,10603,Silver,crmid:6798026354,52-8279421
83,288177,2024-11-01,19795,Diamond,crmid:9111031800,32-1953444
84,175786,2022-01-23,6097,Diamond,crmid:1480765550,62-6545776
85,389656,2022-07-22,4475,Platinum,crmid:9515148780,69-7727654
86,57403,2023-08-28,10037,Platinum,crmid:5750698941,25-0222066
87,274260,2021-10-27,3331,Silver,crmid:7021755205,54-2655027
88,24369,2022-12-30,6907,Platinum,crmid:1127279762,90-3776645
89,399790,2023-05-21,1460,Gold,crmid:6231870811,73-1411143
90,323927,2021-10-08,5408,Diamond,crmid:1845337661,09-8619597
91,174977,2023-01-14,979,Diamond,crmid:4742239070,19-4011226
92,398274,2022-05-23,14701,Gold,crmid:1179801810,79-3379481
93,201838,2022-08-19,6175,Platinum,crmid:6814030530,74-8650105
94,240906,2023-11-29,16710,Silver,crmid:2061722954,01-7099519
95,200568,2021-06-20,19370,Diamond,crmid:2121664323,07-6874295
96,24751,2023-08-12,14395,Gold,crmid:3679523083,05-8464118
97,334109,2022-08-30,5482,Platinum,crmid:8802203692,31-1553705
98,129114,2022-04-25,9621,Silver,crmid:7456233901,48-9635791
99,78217,2024-09-17,15656,Diamond,crmid:6757077581,47-5714125
100,311128,2021-11-30,12976,Diamond,crmid:8191747359,60-8651168
101,318942,2025-04-10,19672,Silver,crmid:6820186155,59-6403054
102,107681,2023-03-12,1423,Gold,crmid:1127732679,16-4354829
103,67460,2022-03-12,3201,Diamond,crmid:6621710357,61-5328079
104,329359,2023-04-17,6600,Silver,crmid:8513929689,10-0405453
105,74110,2022-10-01,11235,Gold,crmid:7776938950,87-2613265
106,358571,2023-11-21,10853,Silver,crmid:4296051945,70-5803132
107,34313,2023-01-22,17774,Diamond,crmid:8563748850,88-8437676
108,34198,2023-10-31,13215,Silver,crmid:7178337683,60-4035896
109,366854,2023-07-14,16937,Platinum,crmid:3388753255,14-5926765
110,297542,2024-03-08,17381,Gold,crmid:6358945261,30-7471913
111,88074,2024-02-06,19140,Diamond,crmid:3517611089,66-7352953
112,385184,2023-05-14,1073,Diamond,crmid:7587625615,95-3292424
113,288912,2021-05-21,3012,Gold,crmid:8649087518,21-6942104
114,390821,2021-07-16,1718,Silver,crmid:5373325785,19-9112819
115,55004,2021-10-14,14293,Silver,crmid:7403741368,60-7154713
116,373642,2021-10-15,17073,Gold,crmid:9417737660,35-1507174
117,365493,2021-08-05,18846,Silver,crmid:3968295115,92-1395604
118,44144,2024-11-09,15134,Platinum,crmid:4338153486,44-4382542
119,124633,2024-10-01,9125,Platinum,crmid:5667203110,60-3928676
120,20688,2023-05-12,14804,Platinum,crmid:6549394515,36-0667876
121,323821,2022-08-03,9458,Platinum,crmid:1927083483,27-4436459
122,52849,2024-09-24,17221,Gold,crmid:1035838447,37-7623424
123,281571,2021-08-29,11777,Gold,crmid:7439950747,30-3499576
124,92416,2023-10-08,2083,Gold,crmid:1968951339,45-0810308
125,174293,2024-10-04,2575,Gold,crmid:6102328032,65-8715930
126,86652,2022-02-04,19213,Diamond,crmid:2546448017,97-7653311
127,384854,2021-09-18,14573,Platinum,crmid:2905290631,26-0676609
128,57783,2021-10-27,7611,Gold,crmid:9594623117,45-2516786
129,120505,2023-01-07,5351,Diamond,crmid:6880600697,18-0491225
130,66697,2023-06-03,3670,Silver,crmid:3027576825,20-6261727
131,303467,2021-07-24,6526,Gold,crmid:8668430168,93-3480175
132,32025,2023-01-02,10762,Platinum,crmid:1354931991,50-7070222
133,151655,2023-03-30,7805,Silver,crmid:1737059584,38-4656524
134,353660,2022-06-05,9445,Gold,crmid:8471605485,12-1553472
135,387709,2023-03-07,11756,Diamond,crmid:8577738787,47-9382494
136,398087,2025-02-03,3355,Diamond,crmid:6212711121,24-3823653
137,101660,2022-12-20,4926,Silver,crmid:3447640362,22-5043147
138,305297,2023-09-12,3758,Platinum,crmid:3200664953,43-9824214
139,31638,2023-10-09,4803,Silver,crmid:4402939177,55-7154749
140,220427,2024-01-16,4901,Diamond,crmid:2624811828,08-5894775
141,25560,2023-09-24,3946,Diamond,crmid:7686887634,71-3235571
142,25639,2023-03-10,19834,Platinum,crmid:3555308237,30-7199534
143,313894,2021-12-07,8440,Platinum,crmid:6099322377,97-9841810
144,31886,2021-12-09,19987,Diamond,crmid:5627452441,88-7740186
145,75351,2024-10-24,14512,Gold,crmid:3355837960,61-8244971
146,393850,2024-03-16,19844,Platinum,crmid:1343250533,27-0846733
147,287931,2022-06-19,18282,Diamond,crmid:4392929679,87-8882957
148,115764,2022-03-08,3031,Platinum,crmid:4959533810,53-7747709
149,119140,2024-06-17,8744,Diamond,crmid:2074979571,20-6965254
150,199311,2022-06-11,1812,Gold,crmid:6693086906,36-5339728
151,123404,2021-09-18,5350,Gold,crmid:2170435811,94-1741269
152,350486,2023-04-20,14722,Diamond,crmid:6624134788,75-1603388
153,151497,2024-10-24,8371,Diamond,crmid:3815809411,31-7101519
154,385589,2024-01-02,17775,Diamond,crmid:5714598405,21-6794490
155,271758,2021-12-25,6971,Diamond,crmid:5107890394,49-5696011
156,28840,2023-06-06,8254,Platinum,crmid:4046453576,18-4122043
157,288703,2024-10-15,4150,Silver,crmid:9844280544,87-0650238
158,375239,2023-03-27,13886,Gold,crmid:6023923094,17-4560232
159,72212,2023-01-14,18457,Gold,crmid:4788215842,88-8121830
160,375428,2022-12-10,914,Diamond,crmid:5933360155,27-1882211
161,381518,2021-11-23,7255,Diamond,crmid:7577767342,00-2194841
162,311535,2024-07-08,3759,Silver,crmid:3325786162,31-7566103
163,352370,2022-10-26,12038,Platinum,crmid:9349599840,75-4166980
164,296397,2023-10-24,18368,Platinum,crmid:4862924078,53-5740317
165,38026,2023-01-07,6519,Gold,crmid:8419434101,54-9594587
166,224199,2022-04-29,19576,Diamond,crmid:9276350524,55-2781887
167,94219,2024-10-12,15628,Platinum,crmid:2617027889,94-6596379
168,87925,2023-11-02,7535,Diamond,crmid:4491374221,79-6823784
169,350440,2023-04-28,17179,Platinum,crmid:5544999104,12-6741174
170,70129,2022-07-13,5959,Silver,crmid:7869816169,31-5376002
171,345158,2022-01-18,10972,Diamond,crmid:7079783297,09-6051366
172,347843,2025-04-18,17874,Platinum,crmid:8292532399,65-5510269
173,328094,2023-04-08,16598,Gold,crmid:9952952916,30-5260583
174,183523,2025-03-27,6877,Silver,crmid:8481678736,75-0110280
175,214897,2024-05-25,11863,Gold,crmid:2110559030,43-7674202
176,113426,2022-04-20,5772,Diamond,crmid:1314276315,71-6814677
177,378347,2023-01-27,15368,Silver,crmid:6975524277,16-0088032
178,51269,2022-10-19,12810,Silver,crmid:5106480530,33-4004376
179,156016,2024-10-09,19997,Platinum,crmid:9396987812,83-3285183
180,226989,2022-01-15,12479,Diamond,crmid:9067540738,96-1348471
181,109452,2024-07-31,17053,Gold,crmid:7482287121,84-5033607
182,104208,2022-07-15,16725,Silver,crmid:5533464137,14-6626062
183,286559,2023-04-12,17487,Gold,crmid:9114181328,37-6099633
184,307569,2025-03-26,11160,Gold,crmid:8388732881,08-9197651
185,378697,2025-01-22,19640,Gold,crmid:6551142256,68-3999386
186,193802,2025-01-24,8688,Silver,crmid:9137410979,90-4039868
187,359803,2024-03-01,8199,Gold,crmid:3517877878,50-6862571
188,150041,2022-12-30,11446,Platinum,crmid:1338766348,42-1498206
189,148389,2022-02-21,19078,Silver,crmid:1783279314,32-8373239
190,256712,2022-06-12,10102,Diamond,crmid:6193253111,17-5968512
191,190082,2024-03-03,5114,Gold,crmid:1084020643,26-0762744
192,212680,2022-09-20,6891,Gold,crmid:5756638081,94-8045667
193,23651,2024-06-04,19112,Gold,crmid:5396917413,75-7797783
194,112529,2023-04-21,758,Gold,crmid:4062856972,15-8205929
195,235389,2022-02-05,11293,Platinum,crmid:5620143334,46-8446407
196,336256,2021-10-14,224,Platinum,crmid:3933889976,87-3017047
197,184596,2022-08-06,2357,Diamond,crmid:7310557498,38-9138258
198,89337,2025-01-15,5337,Silver,crmid:2345041402,48-4921181
199,228332,2023-08-03,10032,Diamond,crmid:4167244248,24-5606771
200,340724,2024-05-18,13105,Gold,crmid:7222297101,65-1478993
201,312190,2023-02-06,7861,Diamond,crmid:5995731289,07-5427263
202,43358,2021-10-28,10265,Platinum,crmid:1366784950,75-0850367
203,138095,2021-11-14,5208,Diamond,crmid:8054193378,06-0051362
204,376003,2023-08-05,13679,Platinum,crmid:7858538956,12-4478263
205,215234,2022-10-21,4389,Diamond,crmid:4443213242,92-6058232
206,121822,2022-07-15,13685,Silver,crmid:1709402751,42-1490578
207,58771,2022-11-21,9292,Platinum,crmid:1249179892,85-9422252
208,74678,2024-03-26,4902,Silver,crmid:8454116307,45-1131184
209,291796,2022-08-14,16099,Platinum,crmid:8814020004,38-8556604
210,23855,2021-07-10,842,Diamond,crmid:5528875418,81-0019145
211,351179,2024-04-15,16140,Silver,crmid:8423208714,50-7637570
212,90870,2025-03-08,18471,Diamond,crmid:9208801336,84-6510933
213,199273,2023-10-06,16056,Diamond,crmid:1251890695,49-9334614
214,128305,2024-08-22,1694,Gold,crmid:5346051512,62-2583117
215,383947,2021-09-24,2630,Silver,crmid:6870445929,97-2335496
216,339727,2024-06-03,5842,Gold,crmid:8735778873,23-4663388
217,43345,2023-08-14,2254,Silver,crmid:1604861668,62-1625302
218,256297,2024-09-06,9645,Gold,crmid:1686022492,31-8813852
219,303293,2024-07-30,18868,Diamond,crmid:8758952533,29-3183365
220,210905,2024-10-27,18376,Diamond,crmid:3175593832,77-6417343
221,338646,2023-06-18,15278,Gold,crmid:9197575457,63-0625352
222,136863,2023-09-16,3877,Silver,crmid:3686604046,29-0399861
223,128004,2024-04-19,4123,Platinum,crmid:3157556123,20-2196457
224,391148,2023-05-21,4337,Gold,crmid:6760481419,84-6616017
225,391352,2022-08-16,7498,Gold,crmid:5398396735,44-9573646
226,375020,2024-11-01,6064,Silver,crmid:8319260937,12-8343015
227,295661,2021-10-30,19261,Platinum,crmid:3328570999,07-0937532
228,325590,2021-08-09,17981,Silver,crmid:5154322235,54-6107340
229,89334,2022-06-09,6441,Gold,crmid:8753790261,04-8603838
230,328416,2022-05-15,9533,Diamond,crmid:5908471923,24-0939767
231,275114,2022-02-01,15995,Diamond,crmid:3099163157,57-9309143
232,323841,2021-07-27,11187,Platinum,crmid:7748502447,83-5517518
233,164734,2025-01-28,1877,Gold,crmid:8226330723,39-9409479
234,301284,2023-06-12,2846,Gold,crmid:1474512300,29-5633352
235,390539,2024-04-29,14706,Diamond,crmid:3095142908,47-8569779
236,310789,2022-04-17,16722,Platinum,crmid:8237364697,82-7679717
237,173494,2024-05-21,1673,Platinum,crmid:9022532013,88-6614498
238,145008,2021-05-13,2435,Gold,crmid:2880829484,44-6081224
239,349959,2021-12-22,11559,Gold,crmid:2133288020,56-6421219
240,163760,2022-05-10,11086,Platinum,crmid:9093891292,44-7375826
241,205709,2023-03-26,6167,Gold,crmid:1046578945,60-5417808
242,194294,2023-07-16,8619,Diamond,crmid:3338803973,16-8906767
243,196422,2023-11-21,13374,Platinum,crmid:7339569916,18-8622128
244,25993,2023-08-02,17962,Silver,crmid:5979685027,43-2834511
245,277315,2024-04-22,9112,Diamond,crmid:3066113708,63-3970928
246,395701,2022-10-05,9340,Gold,crmid:1833420394,56-0425344
247,144200,2022-01-27,9810,Platinum,crmid:2423322268,79-2228771
248,190402,2022-03-12,13163,Gold,crmid:9883746737,20-7208168
249,285909,2022-04-13,14422,Gold,crmid:8540292318,18-9446623
250,380464,2024-07-22,17052,Silver,crmid:7386101994,97-8162000
251,300701,2023-03-05,15209,Diamond,crmid:3148597705,39-2544632
252,196920,2025-05-02,10759,Gold,crmid:9932867439,53-5248783
253,262770,2021-11-13,7926,Diamond,crmid:9971060353,10-4764135
254,153936,2022-03-09,5345,Platinum,crmid:8359891563,83-1767286
255,67808,2022-06-26,8066,Diamond,crmid:9364150925,83-4577403
256,328557,2023-07-01,5069,Gold,crmid:5212049309,38-0951014
257,106192,2022-01-29,9948,Platinum,crmid:9728158377,22-6813273
258,183036,2024-09-13,9611,Diamond,crmid:9004572516,18-9416533
259,328353,2024-02-05,2203,Platinum,crmid:2323431204,11-8272713
260,58776,2021-10-15,14801,Diamond,crmid:1913529066,60-4849645
261,54809,2025-02-28,18765,Diamond,crmid:9755497383,96-3662004
262,103516,2023-06-04,12271,Platinum,crmid:1985722523,76-4388290
263,133220,2025-01-21,14673,Gold,crmid:2852200416,86-1814885
264,374565,2022-10-26,3966,Platinum,crmid:4462418341,68-8889948
265,260692,2025-04-09,552,Gold,crmid:7426762783,72-9324596
266,245768,2022-11-30,18644,Gold,crmid:1861701256,27-2211500
267,27014,2024-11-30,11797,Diamond,crmid:6573588625,89-5328646
268,336748,2024-05-17,829,Platinum,crmid:9827008661,12-9057488
269,104009,2021-09-25,5117,Silver,crmid:9115710928,15-4776436
270,398940,2024-08-17,1055,Diamond,crmid:2173123873,66-5053721
271,316949,2024-12-06,13589,Gold,crmid:3576427844,00-3133218
272,131682,2022-07-16,8546,Gold,crmid:2833403105,52-5635211
273,285772,2022-12-02,8437,Gold,crmid:7484676254,56-5410381
274,292310,2023-01-22,6253,Gold,crmid:1992430862,50-6468482
275,26881,2022-11-20,8123,Gold,crmid:3005672075,72-8001749
276,78795,2023-10-15,8123,Gold,crmid:7104425268,44-7794906
277,360916,2021-06-29,1724,Gold,crmid:4401556864,73-0586909
278,176535,2025-02-20,4222,Gold,crmid:1261845710,52-2357845
279,105037,2023-11-17,7912,Diamond,crmid:7077945449,40-4512554
280,237848,2023-09-29,1559,Platinum,crmid:8365831026,33-9165169
281,182516,2021-06-24,2230,Platinum,crmid:4106945648,27-8350711
282,295750,2021-11-09,11870,Gold,crmid:8543827539,63-3914997
283,38624,2023-09-25,2258,Platinum,crmid:8789744479,66-2549491
284,74140,2023-03-10,438,Platinum,crmid:3172987383,77-2524688
285,165098,2024-07-06,16272,Gold,crmid:7453006450,22-0552062
286,333499,2025-04-30,9167,Diamond,crmid:6381269693,01-1246591
287,117495,2024-02-28,17874,Platinum,crmid:7638205336,71-6325508
288,317884,2024-01-18,15532,Gold,crmid:4320275073,30-5219804
289,326935,2022-11-07,19487,Silver,crmid:3696282535,34-9395825
290,35544,2024-01-12,14859,Silver,crmid:5517481340,55-3731435
291,198011,2025-02-27,11041,Gold,crmid:7723360543,88-5305961
292,243997,2022-04-21,16394,Diamond,crmid:7847866188,68-6434948
293,394649,2024-01-05,3129,Platinum,crmid:9128571906,07-8360214
294,156259,2022-01-13,2003,Diamond,crmid:6686546754,31-4135087
295,257331,2022-07-05,8274,Platinum,crmid:2426677357,39-1509606
296,38491,2025-01-23,8506,Gold,crmid:7326919758,91-0749176
297,62733,2022-08-12,15839,Gold,crmid:4638561069,29-7949901
298,355989,2025-04-12,9938,Platinum,crmid:4593529504,58-0386253
299,118967,2022-01-19,11696,Diamond,crmid:5734466504,17-9186571
300,216929,2023-03-05,17973,Gold,crmid:1274756894,55-6366273
301,343598,2022-11-11,8748,Platinum,crmid:5260236709,95-8594060
302,203476,2021-08-31,13179,Gold,crmid:6357468988,66-3574872
303,34604,2025-02-07,8771,Platinum,crmid:9118803396,60-8829041
304,56826,2024-08-01,7772,Platinum,crmid:1785262510,34-6861931
305,234063,2025-01-18,19850,Platinum,crmid:8816579888,09-9359203
306,55588,2021-07-02,3582,Gold,crmid:2082797860,24-5890535
307,378513,2023-12-30,11748,Gold,crmid:6428016952,27-3887320
308,25193,2025-03-06,16867,Diamond,crmid:9555005851,65-0235170
309,308759,2024-11-02,17762,Diamond,crmid:3312733256,66-4573695
310,146920,2021-09-13,11051,Diamond,crmid:2830242026,63-5707635
311,127799,2021-09-11,5080,Silver,crmid:2391325607,27-5632140
312,343595,2024-04-07,2573,Platinum,crmid:8442113094,97-1155838
313,205147,2021-09-24,13984,Silver,crmid:9030382310,09-7129073
314,56038,2023-12-11,7479,Platinum,crmid:8404728388,27-9721273
315,189818,2021-09-05,8055,Platinum,crmid:3089052940,83-0507558
316,150086,2023-03-01,12320,Diamond,crmid:8487646043,36-2934098
317,320343,2025-03-08,4574,Platinum,crmid:4418934611,51-6152170
318,55228,2022-01-02,18405,Diamond,crmid:8441753431,13-0392729
319,373325,2022-06-20,12029,Platinum,crmid:9502312736,16-0849844
320,42293,2025-01-20,12923,Diamond,crmid:4555669450,46-1618926
321,230118,2024-08-08,17701,Diamond,crmid:9481792572,60-4372012
322,309870,2021-08-27,18099,Silver,crmid:2935109817,04-9331920
323,78144,2024-10-20,3802,Silver,crmid:4573363298,64-3395060
324,254525,2024-02-26,17035,Diamond,crmid:7394654891,17-4844909
325,355579,2021-05-28,8549,Platinum,crmid:6525172505,50-7905740
326,131576,2024-05-05,6208,Silver,crmid:7645466163,19-1335940
327,326116,2023-05-25,14171,Silver,crmid:2672971845,13-4587702
328,276714,2022-08-03,3685,Platinum,crmid:9286157879,32-1199720
329,119431,2023-02-20,1262,Gold,crmid:3826218042,00-4401902
330,232675,2024-08-25,18328,Platinum,crmid:2498582715,27-6181883
331,307521,2024-06-27,15557,Gold,crmid:3041665544,45-5262839
332,75037,2024-12-21,16430,Platinum,crmid:5240454763,38-7180309
333,333583,2021-07-30,4265,Gold,crmid:8322332205,43-0353375
334,244887,2024-02-03,1429,Gold,crmid:7053456256,52-8243296
335,179386,2021-09-26,19777,Silver,crmid:5371907388,61-9229414
336,121830,2022-05-31,3870,Silver,crmid:3997348658,23-8990376
337,195234,2024-08-13,12177,Silver,crmid:7738198977,16-8165091
338,74115,2021-09-11,7045,Silver,crmid:2935659190,03-6746835
339,140681,2024-07-06,4708,Silver,crmid:2951323614,27-9615908
340,370497,2025-01-11,8479,Diamond,crmid:4993802473,69-7432556
341,144930,2021-09-27,11418,Diamond,crmid:4541350746,41-6096332
342,356284,2024-12-25,1604,Diamond,crmid:1392578027,81-1697920
343,91266,2022-06-02,18414,Platinum,crmid:8459439515,37-0407194
344,264633,2024-08-08,8252,Gold,crmid:2502895999,64-4763277
345,107471,2024-09-08,12603,Silver,crmid:5065741323,53-9709165
346,29895,2022-07-17,17992,Platinum,crmid:7998274322,60-3111290
347,233151,2023-05-09,7797,Gold,crmid:4398727464,97-1931747
348,21418,2024-07-01,14575,Gold,crmid:9345863572,50-8929212
349,68090,2022-12-04,10528,Platinum,crmid:2291616241,01-5469288
350,198135,2022-06-13,14267,Platinum,crmid:7647887469,37-4434445
351,73002,2025-03-02,7412,Diamond,crmid:3318813360,53-3247083
352,251755,2022-05-10,18907,Silver,crmid:3006073910,74-8393762
353,309006,2023-09-23,16692,Diamond,crmid:3644029057,84-0866410
354,34544,2024-04-16,15552,Platinum,crmid:8843844586,04-6436347
355,51037,2022-06-15,18902,Diamond,crmid:9555063709,42-5827623
356,261603,2024-06-21,16300,Diamond,crmid:6489016894,21-6213041
357,44881,2023-08-07,11196,Gold,crmid:5504397538,37-1722185
358,332434,2021-10-09,7205,Platinum,crmid:3781201451,28-0638714
359,76661,2022-01-11,14526,Silver,crmid:5924237697,47-2674285
360,48151,2022-03-10,12930,Platinum,crmid:7889171589,77-3541373
361,136821,2022-09-29,9189,Silver,crmid:4220692700,59-1472239
362,46733,2023-08-01,18836,Gold,crmid:1455988414,86-0733731
363,312339,2024-06-25,1415,Diamond,crmid:9172805321,71-0464295
364,63211,2023-08-27,3696,Silver,crmid:2534218375,79-2365244
365,119129,2021-06-07,12209,Silver,crmid:8669861378,71-0718133
366,329504,2023-09-02,19819,Diamond,crmid:2171061844,08-8677257
367,141358,2023-05-22,4978,Platinum,crmid:4917399793,63-6103592
368,156360,2024-04-20,1458,Diamond,crmid:3868132861,30-1186159
369,343304,2024-03-03,9589,Gold,crmid:4102772793,01-1239670
370,281219,2022-01-04,3042,Silver,crmid:5304342582,44-3959721
371,36760,2023-03-01,1822,Diamond,crmid:8827473089,03-7048148
372,209201,2022-11-23,3011,Platinum,crmid:9425122778,94-5841550
373,383642,2023-11-21,5111,Diamond,crmid:7076704939,85-9137846
374,105214,2022-04-07,2323,Gold,crmid:4800020168,64-0556457
375,130395,2023-08-14,9693,Diamond,crmid:7531506513,05-8822463
376,296429,2022-12-03,8617,Platinum,crmid:3962569655,10-0277657
377,163095,2021-07-27,4969,Silver,crmid:1799485129,01-0456972
378,347977,2021-11-26,1453,Gold,crmid:2417452541,22-1164207
379,110760,2023-06-10,1841,Gold,crmid:7828535419,88-4645312
380,24994,2021-10-18,6798,Silver,crmid:2283558456,98-4757514
381,269386,2022-02-23,13116,Gold,crmid:7354264116,88-6212300
382,227995,2024-12-10,3973,Diamond,crmid:6763346967,01-9287422
383,342580,2022-06-12,3010,Platinum,crmid:3188825397,82-7829740
384,188921,2022-04-17,14753,Gold,crmid:2544922550,28-0140958
385,291005,2022-03-15,1690,Silver,crmid:5421778349,65-0170386
386,213403,2025-01-19,4015,Gold,crmid:1257434219,72-7201309
387,74201,2023-02-05,1331,Diamond,crmid:3779098015,00-9547984
388,108831,2023-09-12,17082,Platinum,crmid:9763124074,54-4320992
389,98549,2024-11-08,10309,Diamond,crmid:7564466662,70-3781766
390,61235,2024-08-26,19382,Gold,crmid:3299800551,25-5737172
391,188869,2024-09-05,19174,Platinum,crmid:4368568019,99-2065115
392,98825,2021-07-10,17124,Platinum,crmid:9178110313,63-7172705
393,68522,2021-12-21,9814,Platinum,crmid:1221004645,68-2102783
394,294892,2025-03-03,10688,Diamond,crmid:7121305830,63-4318773
395,321241,2023-02-21,19039,Gold,crmid:6364397910,10-5584021
396,64850,2023-08-22,16143,Platinum,crmid:9785473431,94-5443284
397,329880,2022-06-21,10316,Platinum,crmid:8450473281,51-2916614
398,99520,2021-07-09,18975,Platinum,crmid:5841250215,46-8486747
399,300443,2023-10-19,12686,Platinum,crmid:1632152143,96-3402629
400,248024,2021-07-13,1822,Diamond,crmid:2848216655,13-3602978
401,312011,2021-10-12,3218,Diamond,crmid:7966079979,69-9261179
402,54339,2024-05-26,1003,Silver,crmid:4704747401,59-6070892
403,231684,2022-07-31,6480,Diamond,crmid:2230011945,36-6690735
404,218532,2022-11-14,14299,Platinum,crmid:1913920720,85-5010381
405,104085,2022-06-05,314,Gold,crmid:6185272551,50-1247575
406,153045,2023-07-02,11083,Silver,crmid:1108859838,72-2845821
407,366195,2022-04-13,1398,Gold,crmid:6454247961,60-5579933
408,54928,2021-08-09,10712,Gold,crmid:2385016224,42-9559055
409,121888,2024-09-19,7728,Gold,crmid:1666769620,58-4694703
410,119802,2023-02-25,8318,Silver,crmid:5478642740,12-0522870
411,106294,2023-08-21,14006,Gold,crmid:7653611434,74-2634273
412,179863,2023-05-14,8802,Diamond,crmid:7140355104,15-7691410
413,207054,2024-02-12,16510,Silver,crmid:5128743734,65-9015931
414,111351,2023-12-14,1013,Diamond,crmid:5361444250,76-6950369
415,168882,2022-05-03,5060,Silver,crmid:6314874957,15-0803525
416,48105,2025-04-01,15424,Gold,crmid:9389639246,39-2778149
417,168986,2022-12-28,18959,Gold,crmid:4899127791,80-2030075
418,365156,2022-11-28,2261,Diamond,crmid:9195256683,06-4376303
419,139091,2022-01-24,11680,Gold,crmid:7080355421,31-3735415
420,106828,2023-07-17,13705,Diamond,crmid:7309479898,45-9554442
421,263964,2021-11-30,505,Silver,crmid:1659327557,43-0164569
422,227620,2022-12-29,1927,Gold,crmid:9100200773,96-1991616
423,92755,2021-12-29,2835,Platinum,crmid:8669855645,75-3884068
424,45676,2024-04-02,6174,Silver,crmid:4316146385,75-2759973
425,380431,2023-08-08,12083,Silver,crmid:3755396421,52-1709996
426,361628,2024-04-18,15288,Gold,crmid:1197600552,62-1793691
427,209400,2024-10-08,845,Diamond,crmid:5634749642,71-8239020
428,352877,2024-02-29,13461,Platinum,crmid:3229938965,38-7757479
429,67091,2022-11-13,14880,Diamond,crmid:7404586068,18-0746816
430,76363,2024-01-30,9562,Platinum,crmid:3590737129,97-2101623
431,49199,2021-11-28,17937,Gold,crmid:6590404325,29-1360726
432,156174,2021-05-30,937,Platinum,crmid:2146321347,76-7409255
433,104955,2023-08-28,15312,Gold,crmid:8046787621,55-3297180
434,43901,2024-04-11,1583,Gold,crmid:9038988389,58-6455868
435,244285,2022-07-27,4768,Silver,crmid:7270135258,79-3675232
436,148367,2022-10-22,5955,Silver,crmid:6485920276,26-0067650
437,315985,2025-04-09,16432,Diamond,crmid:8155307899,34-7937258
438,321684,2023-05-10,16129,Platinum,crmid:6852849963,91-3907457
439,319450,2023-11-11,7987,Diamond,crmid:8642310748,16-3871503
440,226657,2022-08-13,10727,Platinum,crmid:8616855429,39-5549068
441,348346,2021-09-16,16889,Diamond,crmid:5168583738,44-5850638
442,391098,2022-08-29,3420,Silver,crmid:7298098545,33-9521343
443,34457,2021-11-04,12972,Gold,crmid:9900847742,24-7899383
444,32838,2021-09-13,1958,Gold,crmid:1165171883,50-1008101
445,264836,2022-09-13,9466,Diamond,crmid:7501676514,77-5059765
446,207787,2022-03-10,7474,Platinum,crmid:7213050129,18-1373625
447,185877,2023-09-16,5002,Gold,crmid:7904717228,22-8078908
448,272393,2024-09-03,10112,Gold,crmid:8956237173,44-6733545
449,107422,2023-02-24,18341,Platinum,crmid:5632583574,98-8712670
450,253712,2024-09-21,2215,Gold,crmid:2453025694,80-0721936
451,93123,2024-03-30,17176,Gold,crmid:2981234383,68-9451787
452,329873,2023-12-18,524,Gold,crmid:4989885670,65-1956799
453,182119,2022-07-23,18098,Gold,crmid:5883207176,66-6402843
454,173137,2023-07-26,2948,Gold,crmid:2791881252,62-5415085
455,321651,2022-05-03,14676,Platinum,crmid:2718836302,75-2432232
456,322873,2021-08-09,9563,Silver,crmid:8293679222,90-1468099
457,383840,2022-11-29,15026,Diamond,crmid:3471952027,89-0196648
458,287196,2024-05-29,14121,Diamond,crmid:9285186265,57-3107826
459,122447,2024-04-05,13214,Platinum,crmid:5733762055,60-0457638
460,358626,2024-05-14,8245,Diamond,crmid:9522643593,46-9564510
461,252801,2024-12-12,5008,Diamond,crmid:1244334322,79-7644518
462,362642,2022-05-11,7415,Diamond,crmid:1813269168,66-2866367
463,244756,2021-07-04,3047,Diamond,crmid:9770325438,08-1635908
464,300202,2023-12-20,221,Silver,crmid:4769018850,39-3423075
465,272470,2022-01-05,14089,Gold,crmid:7595894958,21-6795954
466,315643,2024-06-24,2890,Gold,crmid:7830512614,66-3342033
467,306797,2022-11-25,3285,Platinum,crmid:4748939149,35-9101243
468,323939,2022-09-27,3212,Diamond,crmid:5216530826,32-6947081
469,81522,2023-04-16,2833,Platinum,crmid:3064118686,84-6324965
470,242800,2023-03-21,1320,Silver,crmid:2453731383,01-8329639
471,129165,2024-05-22,14882,Silver,crmid:5754522718,54-8618297
472,129925,2022-08-14,1946,Silver,crmid:9671824239,63-7102556
473,348572,2025-02-16,17839,Gold,crmid:5967666062,94-4667876
474,76561,2024-01-07,10664,Platinum,crmid:2469144835,24-1610723
475,325410,2021-08-30,19421,Platinum,crmid:2705633869,16-5489525
476,20527,2023-07-14,10216,Gold,crmid:8166525452,47-1157561
477,394834,2024-05-06,7696,Silver,crmid:7252514052,75-9378313
478,306402,2023-01-17,4033,Platinum,crmid:3580977268,91-5269035
479,42496,2022-05-24,10475,Gold,crmid:9486795291,27-5374299
480,260780,2023-09-09,6265,Silver,crmid:6363402674,42-1368878
481,180589,2022-10-18,3680,Diamond,crmid:7596408440,78-9832911
482,93197,2023-10-01,13657,Silver,crmid:2832243818,93-0087418
483,256282,2024-08-08,5285,Gold,crmid:5040934749,23-2282169
484,266127,2024-03-15,14254,Platinum,crmid:2021053720,22-1503919
485,38647,2022-06-24,2272,Diamond,crmid:6997429964,32-9953016
486,234552,2024-01-23,18070,Platinum,crmid:4131445555,08-3680882
487,154199,2024-05-11,10306,Platinum,crmid:3536798116,13-9598631
488,285902,2022-11-10,362,Silver,crmid:4234890412,95-7717548
489,232213,2024-03-16,103,Diamond,crmid:8806657728,83-5828237
490,56992,2021-12-07,14854,Silver,crmid:9536982993,45-9967203
491,229177,2022-02-03,15671,Gold,crmid:6912777202,60-4566131
492,129066,2022-07-02,14589,Diamond,crmid:3976218745,44-0980249
493,61645,2023-04-04,8204,Platinum,crmid:3066105433,75-8303111
494,118271,2023-10-27,12718,Diamond,crmid:1807676305,21-2222176
495,171873,2024-08-15,4603,Silver,crmid:1289766773,45-6638760
496,39072,2021-09-02,10019,Platinum,crmid:5957925383,70-4925460
497,275057,2023-11-30,4005,Platinum,crmid:1817692754,93-6005412
498,172063,2023-02-15,16917,Platinum,crmid:5685050395,71-9451560
499,363396,2024-06-27,14316,Silver,crmid:1719682119,17-1370677
500,78271,2021-07-10,18258,Diamond,crmid:2369197410,68-5720366
501,57196,2021-08-06,9887,Diamond,crmid:5001086801,43-0580968
502,60267,2022-08-16,4253,Silver,crmid:6743179300,18-8894436
503,348882,2024-02-16,6294,Platinum,crmid:7307498166,03-4903788
504,385163,2025-02-24,16954,Platinum,crmid:8647062803,77-6651528
505,216631,2024-11-11,2079,Platinum,crmid:6702556455,68-0414473
506,135644,2021-06-20,16647,Gold,crmid:8871256681,06-7774451
507,298558,2022-02-25,854,Silver,crmid:1220480462,56-9227593
508,206458,2024-07-14,15897,Diamond,crmid:4211646131,70-7556346
509,275116,2023-05-09,6753,Platinum,crmid:5033847185,73-5316655
510,354712,2024-03-14,12929,Platinum,crmid:9031609894,16-4431280
511,129533,2023-09-23,16901,Gold,crmid:5176885546,56-3638497
512,129370,2022-12-07,8511,Silver,crmid:7794624686,94-2639356
513,153554,2023-05-13,15600,Platinum,crmid:5590481049,48-1807942
514,301044,2025-02-16,18737,Gold,crmid:3998092778,09-7351196
515,328461,2024-04-27,14232,Silver,crmid:9860023462,59-6006460
516,359157,2024-09-20,9423,Silver,crmid:1867486212,09-3184029
517,316768,2022-01-30,13570,Gold,crmid:4691265849,19-4848703
518,270754,2023-04-28,8304,Silver,crmid:5623462065,83-6688120
519,119976,2022-03-20,11547,Gold,crmid:4544512042,53-9642324
520,373917,2023-07-15,19521,Platinum,crmid:6440965590,22-8186524
521,381273,2023-07-16,18083,Silver,crmid:6681142302,48-8444084
522,277278,2023-05-07,18293,Diamond,crmid:4820385772,86-8166747
523,393946,2022-01-12,14544,Diamond,crmid:7353355546,87-1081917
524,50967,2021-12-11,13383,Gold,crmid:7357979209,28-9284376
525,348266,2022-10-13,15719,Platinum,crmid:6683829505,45-3984618
526,240182,2021-12-08,1529,Platinum,crmid:2746303333,22-9865739
527,385328,2024-05-01,1176,Silver,crmid:5723861182,26-8307440
528,345903,2024-03-03,10164,Silver,crmid:1699677327,06-7557226
529,327766,2024-09-27,8459,Diamond,crmid:4408672837,17-0930941
530,51139,2024-03-13,15126,Diamond,crmid:5991712316,70-4709908
531,399735,2025-02-20,19298,Gold,crmid:7633215173,39-3510501
532,83299,2022-06-04,10775,Gold,crmid:1391938988,76-8242362
533,388581,2022-04-25,4678,Platinum,crmid:1858367517,35-0768303
534,276676,2024-09-11,19288,Silver,crmid:7417513689,91-4442582
535,142237,2021-11-24,12976,Platinum,crmid:4123949211,79-8267200
536,73473,2023-05-14,4840,Platinum,crmid:8140510383,53-5650142
537,49831,2022-11-19,13176,Silver,crmid:2433761190,26-4007708
538,81285,2023-07-20,3786,Gold,crmid:2065978956,41-4077055
539,61801,2022-09-19,17040,Silver,crmid:9811546123,01-4664645
540,365364,2022-03-19,16219,Platinum,crmid:6210979323,45-9845478
541,159488,2023-06-22,2100,Silver,crmid:9582744330,16-3149941
542,44602,2022-08-01,7536,Platinum,crmid:2328522611,81-5959087
543,43466,2021-08-20,495,Silver,crmid:4370694651,79-2549718
544,31573,2023-06-12,3684,Platinum,crmid:1781483874,91-5357698
545,393347,2023-08-06,8198,Platinum,crmid:3167849691,01-5535333
546,26312,2023-01-27,13665,Diamond,crmid:5814680990,40-4041260
547,285669,2025-04-23,4984,Diamond,crmid:9133225187,22-5862765
548,68640,2022-01-01,5837,Silver,crmid:4652933102,44-9740593
549,354777,2024-10-14,7341,Platinum,crmid:2787900644,91-7468155
550,299797,2021-09-18,15356,Silver,crmid:3638700484,24-9467224
551,348330,2022-10-01,8753,Diamond,crmid:4495328059,66-0293523
552,385757,2022-08-12,13883,Gold,crmid:2710291500,40-3776635
553,255814,2023-08-22,3602,Silver,crmid:9983372647,43-1265255
554,224179,2024-09-08,9590,Diamond,crmid:4601493971,69-1589103
555,135318,2021-08-05,8779,Diamond,crmid:2319637490,55-9066976
556,292398,2022-04-15,9797,Platinum,crmid:7919208522,27-4040474
557,382275,2022-10-11,7511,Platinum,crmid:9787349673,81-4042593
558,273734,2024-09-19,14951,Platinum,crmid:8123202311,17-9237612
559,124609,2021-09-01,9787,Gold,crmid:8244208640,20-5956598
560,25743,2021-10-02,9653,Gold,crmid:4104326680,14-6027435
561,217140,2021-08-03,17722,Platinum,crmid:5601374202,58-6764588
562,280119,2023-02-07,2680,Diamond,crmid:5954063223,54-7316887
563,302186,2024-01-04,8312,Silver,crmid:1160575422,05-5007043
564,223261,2023-08-03,2868,Platinum,crmid:2310062388,37-1863961
565,223837,2023-07-02,5782,Gold,crmid:4363528383,62-3168958
566,244800,2022-11-02,13969,Diamond,crmid:1829856165,98-9280789
567,61670,2021-06-17,7481,Gold,crmid:2473437701,71-7256082
568,326464,2022-08-05,1272,Diamond,crmid:7529246733,80-9476906
569,257818,2024-06-08,7736,Gold,crmid:4332660476,26-7571687
570,107838,2024-02-15,6563,Platinum,crmid:1908528826,94-9741118
571,133117,2022-03-06,2866,Silver,crmid:9631433712,40-9028593
572,90384,2022-12-05,380,Silver,crmid:5165324292,85-8270053
573,242135,2023-03-31,5913,Platinum,crmid:9723053946,72-3802638
574,230455,2024-04-19,5941,Silver,crmid:4725569690,30-3682813
575,79628,2025-03-05,3989,Silver,crmid:5049253743,72-0249989
576,118084,2021-11-16,6422,Diamond,crmid:6576100206,31-9228942
577,181805,2023-09-12,3118,Platinum,crmid:4477924780,27-6531912
578,118762,2022-01-28,9133,Silver,crmid:8980027225,21-6501705
579,165010,2023-05-16,7504,Platinum,crmid:7408952595,22-1937210
580,273892,2022-11-21,3863,Diamond,crmid:6411923449,40-7810556
581,319966,2023-07-30,19052,Gold,crmid:4677503083,62-7875877
582,352209,2024-01-04,10854,Gold,crmid:4318406014,12-4160515
583,36618,2024-07-03,11226,Silver,crmid:7390572152,13-6608356
584,296350,2023-10-05,13178,Diamond,crmid:5461086899,52-1708923
585,282570,2021-09-13,17303,Diamond,crmid:5861069497,75-8513396
586,119701,2023-09-06,3721,Silver,crmid:8763097073,54-7577775
587,343978,2025-02-13,5256,Diamond,crmid:2822628731,17-6047879
588,125018,2022-10-17,1830,Gold,crmid:7559029860,18-9410476
589,105107,2024-02-07,6021,Platinum,crmid:5411441832,25-8590461
590,356076,2024-05-12,5188,Diamond,crmid:8150586070,44-7902309
591,244738,2023-05-01,14550,Gold,crmid:5230032545,51-8762642
592,159967,2023-12-29,13022,Gold,crmid:7065165329,73-6472242
593,177937,2021-07-30,17694,Silver,crmid:3456420712,99-1875806
594,367267,2024-07-25,1005,Silver,crmid:1622903934,54-4524629
595,235556,2024-09-22,12812,Gold,crmid:2491535715,19-2333368
596,222480,2023-12-09,7271,Silver,crmid:3205815530,70-9179933
597,293492,2023-04-28,6446,Gold,crmid:7696174561,06-4054999
598,138895,2022-03-02,17312,Gold,crmid:1558038906,88-9745349
599,258475,2023-03-03,396,Silver,crmid:9776616023,72-3085686
600,276750,2022-01-13,19383,Platinum,crmid:3831808086,33-0208367
601,94927,2024-08-01,5931,Platinum,crmid:9802312379,39-8986257
602,193206,2023-02-21,19460,Diamond,crmid:5634538782,46-3487526
603,223402,2024-02-28,14771,Gold,crmid:5871352003,26-0623028
604,62714,2024-03-27,495,Platinum,crmid:4247771109,94-9308897
605,223508,2024-05-09,19397,Diamond,crmid:8213891865,09-8119894
606,343444,2024-11-24,5210,Gold,crmid:5321235801,85-1724857
607,38091,2022-04-27,10841,Platinum,crmid:4771594245,97-6999884
608,205333,2024-06-19,7465,Diamond,crmid:7924977318,68-8473973
609,249940,2023-04-28,10638,Silver,crmid:6913118289,78-5452206
610,66643,2023-12-11,2165,Silver,crmid:4096946248,03-3308118
611,142115,2021-06-17,410,Silver,crmid:9323357087,09-6533002
612,273804,2021-06-04,14377,Silver,crmid:9567574112,81-4444327
613,309292,2024-01-05,1006,Platinum,crmid:1699037758,87-3053969
614,76682,2025-02-01,6283,Gold,crmid:9625618285,52-1376102
615,392138,2021-08-22,16877,Gold,crmid:2031767383,66-4704132
616,32745,2024-03-09,1463,Platinum,crmid:8437233734,06-4571350
617,302867,2021-11-10,7944,Platinum,crmid:6795427904,65-5594846
618,20119,2021-10-31,13319,Platinum,crmid:5231625098,94-9751651
619,215749,2024-04-22,571,Silver,crmid:4983838788,93-0386562
620,357226,2023-08-08,2182,Platinum,crmid:8349219348,32-7149617
621,227136,2022-03-12,4567,Gold,crmid:8380657780,00-7371353
622,229019,2022-04-25,9058,Gold,crmid:1923413839,75-2443773
623,60503,2023-09-21,15728,Gold,crmid:3159684534,71-4963809
624,159704,2022-06-22,10572,Gold,crmid:5858364808,74-3811930
625,280641,2024-01-11,16363,Platinum,crmid:9005298978,21-5731751
626,191441,2022-03-23,14047,Silver,crmid:6796699049,67-0370971
627,232443,2024-03-31,2862,Silver,crmid:7895035437,50-1139605
628,287108,2024-06-17,10074,Silver,crmid:1437717075,12-2781871
629,231317,2022-10-06,9550,Platinum,crmid:3983956707,44-0852371
630,161870,2024-12-31,16583,Gold,crmid:3445079216,46-2776453
631,43040,2022-09-17,13706,Silver,crmid:4582328347,99-4938938
632,59707,2022-12-04,17991,Platinum,crmid:9631352392,40-8618392
633,288679,2023-05-12,19466,Silver,crmid:2765372690,30-0651563
634,171558,2023-02-09,16530,Diamond,crmid:6516494302,14-2625341
635,260613,2024-06-21,9385,Diamond,crmid:7685573315,13-9887211
636,184790,2022-06-23,10455,Platinum,crmid:8119964785,46-7509033
637,70643,2021-12-17,10496,Platinum,crmid:2794387390,79-9329265
638,347448,2022-09-25,13129,Diamond,crmid:5266374976,77-3081477
639,267324,2023-05-01,6267,Gold,crmid:9682005932,00-0043237
640,307973,2022-03-24,7527,Diamond,crmid:6137108997,73-4193286
641,28342,2022-10-04,14400,Silver,crmid:8644328640,07-5044971
642,282942,2023-10-22,14783,Diamond,crmid:3861689949,23-9507978
643,355379,2024-08-08,12528,Silver,crmid:5465136058,38-6371870
644,334677,2023-05-05,677,Gold,crmid:3680854765,54-2096286
645,181520,2023-02-11,8979,Diamond,crmid:2043644114,57-2310724
646,267618,2023-06-29,4896,Silver,crmid:7878233578,27-9770604
647,27050,2024-02-15,13405,Diamond,crmid:3079432335,18-2632180
648,51052,2023-02-05,2451,Gold,crmid:9879522390,17-2876343
649,280713,2022-01-17,18838,Platinum,crmid:4636550643,07-0734870
650,265713,2022-10-13,19214,Diamond,crmid:7416864389,75-0293256
651,340505,2025-04-22,5524,Silver,crmid:5126597482,19-9589974
652,26025,2024-08-14,4438,Platinum,crmid:2481132020,16-4848147
653,196010,2024-05-08,17673,Platinum,crmid:9827054418,77-2715760
654,262805,2022-03-14,657,Gold,crmid:1893299344,12-6762550
655,92536,2024-12-23,3619,Silver,crmid:1357885830,00-7979269
656,267114,2025-01-16,15957,Gold,crmid:3899831837,57-8777063
657,88879,2022-09-12,10326,Platinum,crmid:6227383236,82-8893176
658,384947,2024-10-10,11914,Gold,crmid:8956573519,55-4025006
659,218179,2023-12-04,17904,Silver,crmid:8887854700,28-0005864
660,187490,2024-03-30,300,Gold,crmid:5763494672,73-7996815
661,279686,2022-10-07,14526,Gold,crmid:8846675044,36-3628513
662,63928,2025-03-15,11483,Gold,crmid:4101728423,14-3328919
663,350561,2024-04-01,16730,Silver,crmid:2577429238,22-6566086
664,61293,2023-02-16,2870,Platinum,crmid:4394732385,53-6935910
665,58744,2022-01-05,2710,Gold,crmid:4620087612,32-6190443
666,222610,2022-04-22,19256,Silver,crmid:1968087233,81-7052055
667,120893,2023-07-11,17106,Gold,crmid:4160235621,27-0621295
668,82148,2024-03-01,7358,Silver,crmid:2404435174,40-3835028
669,276804,2023-11-11,4580,Gold,crmid:8980197043,90-3279076
670,252405,2022-08-13,11818,Platinum,crmid:2363634604,12-0528334
671,34026,2024-11-21,4049,Gold,crmid:4285773858,60-4772571
672,158382,2024-02-05,7479,Diamond,crmid:7950880510,83-7824814
673,128117,2022-10-09,2635,Diamond,crmid:9872100620,13-4271629
674,88846,2022-06-07,177,Diamond,crmid:3481726559,59-8311812
675,195073,2024-08-12,19042,Silver,crmid:6543795831,72-0435748
676,263805,2023-06-11,15113,Diamond,crmid:6151173203,03-8193957
677,187434,2023-04-18,10004,Platinum,crmid:6684000615,27-0203751
678,338230,2025-01-21,19272,Platinum,crmid:6826455995,77-7809241
679,93041,2022-02-09,16253,Diamond,crmid:8536226252,45-3310412
680,293606,2025-01-24,12137,Platinum,crmid:1011814817,90-4058544
681,92306,2024-12-06,6897,Gold,crmid:1645954328,86-8902961
682,58785,2022-02-24,10791,Platinum,crmid:8537256999,88-2209254
683,155723,2022-06-28,19479,Gold,crmid:6799807695,64-9527812
684,219022,2024-03-07,4032,Platinum,crmid:2908555917,06-7217055
685,150046,2023-02-08,13516,Platinum,crmid:2649272949,79-1875003
686,210294,2023-01-14,11650,Gold,crmid:4657068104,23-6296272
687,247209,2022-10-07,8601,Gold,crmid:2323302534,11-5639533
688,333828,2025-02-09,6451,Diamond,crmid:8988209280,35-3090936
689,120748,2021-11-01,8498,Silver,crmid:1426958562,35-0164652
690,369928,2023-12-26,10486,Gold,crmid:6044764861,95-5665046
691,357048,2024-11-08,19930,Platinum,crmid:9281376439,58-7639267
692,193815,2021-09-03,13421,Diamond,crmid:9287238115,49-6108156
693,317228,2024-04-22,7754,Gold,crmid:4545610488,36-4261309
694,278120,2025-03-06,14756,Platinum,crmid:4997253554,59-9660989
695,385265,2021-07-24,9987,Gold,crmid:8744844319,31-1164183
696,342436,2021-05-19,7534,Diamond,crmid:2663087025,09-6373544
697,286145,2023-02-07,15596,Gold,crmid:3801809738,81-4838274
698,129779,2022-04-22,17193,Gold,crmid:3360639687,21-7537574
699,389135,2025-04-27,11953,Platinum,crmid:8782543677,06-9322501
700,157895,2022-09-15,12927,Diamond,crmid:4754180949,33-5188644
701,382670,2021-11-22,8418,Platinum,crmid:3120404548,92-9324673
702,251917,2022-08-12,14095,Silver,crmid:6096141248,64-5765211
703,176323,2021-10-06,14575,Gold,crmid:6475691145,96-4747312
704,390796,2024-08-31,1914,Platinum,crmid:1164849783,15-3152538
705,20912,2021-05-30,18533,Gold,crmid:2104706703,56-2537143
706,81361,2024-02-14,17725,Gold,crmid:3302939104,37-9570198
707,282128,2023-08-29,3490,Silver,crmid:3063961827,82-9089012
708,157439,2025-01-25,4028,Gold,crmid:1975295507,73-3857805
709,171431,2021-10-16,1901,Silver,crmid:6847041172,02-6200034
710,344914,2021-05-18,10961,Silver,crmid:9040440737,13-0724003
711,320455,2022-05-08,10158,Silver,crmid:6769452418,67-4443351
712,74471,2023-07-30,17954,Silver,crmid:5245563738,48-9317007
713,150117,2024-03-09,4837,Gold,crmid:2678872907,40-1444981
714,172653,2025-01-04,3060,Silver,crmid:6028436470,28-0438680
715,179619,2023-11-25,1592,Silver,crmid:2149063173,26-3114116
716,188918,2023-04-05,16605,Gold,crmid:2060828100,69-9259048
717,257629,2024-04-21,611,Gold,crmid:9719684461,03-4728153
718,340279,2022-07-01,16925,Gold,crmid:3420096306,85-0593395
719,104456,2023-03-11,12937,Platinum,crmid:1207073691,02-3876027
720,228384,2023-08-08,18778,Silver,crmid:6785100784,56-4861518
721,295734,2023-12-14,7280,Silver,crmid:4829938355,19-4750548
722,97401,2022-06-12,10946,Platinum,crmid:6677739270,44-3417177
723,377106,2024-11-18,4491,Diamond,crmid:8289934061,60-7358393
724,76640,2024-03-12,17411,Platinum,crmid:2128085477,27-0876090
725,185932,2022-03-28,475,Diamond,crmid:3073564736,52-7640575
726,220244,2024-09-16,10081,Diamond,crmid:2831519378,09-2789509
727,217180,2024-10-03,7883,Silver,crmid:6404416066,99-1898944
728,267249,2021-11-11,19671,Platinum,crmid:4035686412,11-1044137
729,163419,2025-04-26,11008,Silver,crmid:5793878002,36-7734943
730,30987,2022-09-20,9405,Diamond,crmid:5064513768,79-3770041
731,322809,2022-07-07,3165,Platinum,crmid:4411660130,62-4828019
732,258405,2021-05-12,14004,Gold,crmid:7032184443,77-9592547
733,256422,2021-05-18,18829,Diamond,crmid:1407877361,12-7325770
734,182170,2023-03-10,15763,Gold,crmid:4199947383,46-9937887
735,43336,2022-02-05,10318,Platinum,crmid:9690236848,89-8003661
736,374415,2025-03-18,14236,Platinum,crmid:1601638652,90-0736912
737,366567,2025-03-26,12427,Silver,crmid:5383762100,11-5409153
738,213000,2023-05-31,17203,Diamond,crmid:6253152854,58-7594517
739,149413,2022-12-26,1197,Diamond,crmid:7788622633,11-5582291
740,72232,2024-05-10,12321,Diamond,crmid:6257168224,37-6344360
741,377266,2021-06-05,15960,Silver,crmid:1542898012,44-5391777
742,300548,2022-03-23,17980,Silver,crmid:2424641137,29-2416038
743,148161,2023-08-10,9518,Diamond,crmid:9281053549,82-4101722
744,256824,2023-12-13,10066,Platinum,crmid:9486277966,62-9540960
745,193144,2021-08-22,4333,Platinum,crmid:4279066148,37-5768007
746,267051,2022-10-03,17821,Silver,crmid:6320402055,32-2648439
747,174450,2021-05-18,9415,Platinum,crmid:9270403526,11-8861105
748,186628,2023-03-13,19585,Diamond,crmid:1790146744,22-6789887
749,191845,2021-12-17,4551,Platinum,crmid:2996706194,68-2547741
750,146491,2022-04-29,8293,Platinum,crmid:8026214673,34-1460179
751,85185,2021-10-23,15975,Silver,crmid:5327956541,70-4957552
752,286181,2021-08-26,19846,Gold,crmid:8073506445,75-2451448
753,36566,2024-07-13,10083,Platinum,crmid:6181094741,13-0695259
754,135202,2022-09-07,4256,Platinum,crmid:6992736377,42-1136031
755,324807,2022-12-22,9602,Diamond,crmid:3681116224,01-9836793
756,220580,2023-05-01,16530,Silver,crmid:9129894930,88-0372833
757,249812,2024-12-08,2845,Platinum,crmid:7396152267,63-0226745
758,266370,2024-07-23,18681,Silver,crmid:3298088296,79-0433912
759,258872,2021-11-16,3729,Diamond,crmid:6735779798,03-6400926
760,164043,2021-08-21,17474,Gold,crmid:6413704667,40-7303075
761,303220,2023-04-21,18563,Platinum,crmid:5031751199,33-4866730
762,135275,2024-02-05,11335,Platinum,crmid:1448536903,10-0630328
763,249970,2022-01-11,13613,Gold,crmid:4762505994,46-4607656
764,67138,2023-10-29,13516,Platinum,crmid:9832045716,54-3940162
765,319581,2024-04-28,19162,Platinum,crmid:6254538793,80-0635730
766,92574,2023-04-13,12365,Platinum,crmid:5807381460,42-7143276
767,87572,2022-07-29,11630,Silver,crmid:6571521240,29-5699484
768,219081,2024-06-22,19383,Gold,crmid:8199789266,86-1407354
769,358122,2022-01-23,11977,Platinum,crmid:8765691072,22-2068066
770,364461,2025-02-25,15878,Gold,crmid:5936520350,84-9472021
771,251302,2024-10-13,529,Diamond,crmid:6813206941,73-4793306
772,277769,2022-01-16,4475,Platinum,crmid:9833611774,87-5281390
773,386360,2021-11-16,11461,Diamond,crmid:9445278042,34-3425893
774,335953,2023-10-20,8357,Silver,crmid:5201605485,98-2129499
775,229056,2021-06-24,19929,Gold,crmid:6566041677,48-1648736
776,97257,2021-06-10,3437,Silver,crmid:2559383094,89-7689303
777,110514,2025-04-19,10232,Gold,crmid:5205057088,03-6587450
778,71170,2023-09-20,1523,Silver,crmid:6195753413,93-5929398
779,139978,2021-10-18,7824,Silver,crmid:2517894255,48-0314696
780,301212,2024-04-16,6031,Diamond,crmid:5378764881,50-2811713
781,326692,2025-01-08,16448,Gold,crmid:1309581304,23-3541942
782,309071,2021-07-11,4237,Platinum,crmid:7322952916,46-1741329
783,263022,2023-05-11,5615,Diamond,crmid:4492404351,34-1380452
784,398893,2024-09-15,3614,Diamond,crmid:4672395458,22-8763811
785,292134,2023-05-07,13344,Diamond,crmid:6870805666,67-0115339
786,295287,2021-07-07,10301,Platinum,crmid:8363569811,11-9119338
787,158628,2025-04-23,17100,Platinum,crmid:6516178484,07-0932250
788,113880,2024-01-10,10233,Platinum,crmid:1134752173,68-3414532
789,308377,2021-06-20,10402,Silver,crmid:1554066429,70-4508598
790,176051,2024-11-18,11278,Diamond,crmid:5517507901,66-0155896
791,168004,2022-05-18,8462,Gold,crmid:3327454045,80-7759023
792,98016,2022-12-09,12349,Silver,crmid:2444929828,12-0847145
793,83300,2022-06-02,11620,Diamond,crmid:8926322401,85-3967660
794,225344,2023-07-09,1727,Silver,crmid:5962887408,78-7612323
795,61224,2024-11-23,13482,Silver,crmid:7669244336,34-1829457
796,338981,2024-09-05,7253,Platinum,crmid:1546693487,22-8435001
797,293702,2021-11-21,18064,Gold,crmid:1699410157,75-7283241
798,231055,2024-08-15,7206,Diamond,crmid:8255402604,44-8893671
799,382241,2023-10-14,7675,Gold,crmid:7515898044,70-1900491
800,322768,2025-02-20,10233,Silver,crmid:7098363003,64-5614624
801,80920,2021-08-07,11125,Diamond,crmid:3496240079,63-1394147
802,167375,2024-11-02,3526,Silver,crmid:7162210754,00-8903845
803,25653,2023-09-26,5172,Diamond,crmid:3832737455,65-3057014
804,370458,2025-01-25,9104,Gold,crmid:4076731586,48-8018933
805,373726,2024-03-27,15578,Gold,crmid:4607707568,80-6779987
806,158101,2021-06-05,17210,Silver,crmid:9006726275,01-6125048
807,362793,2023-10-03,12502,Silver,crmid:3547640679,88-0614414
808,151712,2022-07-09,7009,Platinum,crmid:8323280977,63-2752085
809,391901,2023-07-20,3950,Platinum,crmid:3297718941,49-9888725
810,370032,2024-08-19,17044,Silver,crmid:3121038281,48-3065139
811,53705,2021-07-31,14248,Gold,crmid:5957436654,14-4250765
812,212157,2024-07-09,7469,Gold,crmid:3065906278,15-7310539
813,90383,2023-09-28,8111,Gold,crmid:1471846123,58-0412247
814,283691,2024-08-17,7711,Platinum,crmid:2370987897,05-3117983
815,240471,2022-06-27,13729,Diamond,crmid:5437923925,00-5647619
816,182933,2025-03-29,17625,Silver,crmid:8432962289,56-2052977
817,252160,2024-10-09,348,Gold,crmid:7276010476,19-0278302
818,261880,2024-01-22,19205,Silver,crmid:7627329528,55-8231190
819,24215,2024-02-01,19743,Platinum,crmid:2301067504,27-7213372
820,311794,2021-07-30,13532,Platinum,crmid:1716126307,61-2988150
821,25600,2025-04-29,11341,Platinum,crmid:9496580009,71-3488067
822,94142,2023-08-22,7156,Gold,crmid:9783449111,68-6112372
823,204274,2024-06-11,12438,Diamond,crmid:3805871384,89-1085909
824,327547,2024-10-14,4213,Diamond,crmid:2040884977,50-0157612
825,152046,2023-11-19,10770,Platinum,crmid:3249036819,22-3513678
826,142899,2024-02-27,17474,Platinum,crmid:8611344784,37-5107600
827,286858,2022-05-16,7763,Platinum,crmid:9922034115,89-8960317
828,291644,2025-04-04,8823,Platinum,crmid:6701080942,26-6754158
829,35644,2023-09-26,16144,Silver,crmid:6460332451,39-2646576
830,121041,2024-04-15,18031,Diamond,crmid:7508619371,75-3773120
831,375735,2024-11-04,8873,Platinum,crmid:9705814242,32-9353978
832,97686,2021-10-16,17095,Gold,crmid:5945263481,88-4582167
833,332672,2022-03-17,8213,Silver,crmid:5164848866,08-2898141
834,78686,2025-01-21,1035,Gold,crmid:5201813348,68-7813645
835,301098,2022-03-29,9565,Diamond,crmid:9796123421,64-9845222
836,240706,2025-03-15,12450,Diamond,crmid:4071264076,43-3329512
837,159114,2022-04-26,244,Silver,crmid:7048759097,01-9750212
838,93487,2023-11-24,14382,Gold,crmid:5523754173,01-0904828
839,182920,2024-12-01,17370,Diamond,crmid:1195861557,23-3952579
840,195572,2022-11-25,11014,Platinum,crmid:6469155416,00-0657604
841,118094,2023-03-26,4135,Silver,crmid:9287094661,60-5477472
842,219675,2025-02-01,13393,Gold,crmid:2799505715,47-3306458
843,73639,2022-04-03,16738,Diamond,crmid:9182962414,51-1933350
844,297592,2024-08-16,9026,Diamond,crmid:1003226836,78-3596989
845,341624,2023-11-03,6409,Silver,crmid:6553435647,01-8655749
846,51255,2021-08-15,19621,Platinum,crmid:5941730800,30-4801537
847,299169,2023-01-25,109,Platinum,crmid:3045486368,47-6305685
848,359171,2023-10-25,8959,Gold,crmid:6554959489,07-7199965
849,310716,2023-10-21,5971,Gold,crmid:9182987021,25-1902328
850,307461,2023-10-26,14594,Gold,crmid:1215604411,04-5425998
851,207880,2024-03-22,8519,Platinum,crmid:2815595484,28-3542933
852,328898,2024-07-18,7769,Diamond,crmid:3746700359,82-5901281
853,293430,2021-06-01,14613,Gold,crmid:8184858007,73-2854536
854,28579,2021-07-18,12348,Silver,crmid:3726738977,39-6788971
855,382166,2022-08-08,2803,Silver,crmid:3924764509,12-9728842
856,159790,2022-09-16,5148,Platinum,crmid:2852363800,45-3444861
857,389668,2022-05-19,15346,Diamond,crmid:8621495373,60-2801134
858,291056,2021-08-24,4445,Gold,crmid:4448186499,68-9281300
859,49875,2022-04-26,9081,Silver,crmid:8548413712,66-8771886
860,179027,2021-08-20,18577,Platinum,crmid:6062310065,93-9916045
861,169691,2023-05-06,18956,Platinum,crmid:5115882532,30-8987168
862,157526,2023-01-25,13512,Silver,crmid:6290693243,33-8774998
863,345296,2022-09-29,6493,Gold,crmid:5825937277,97-1426083
864,281371,2022-06-06,14819,Gold,crmid:6343731668,17-0437298
865,218374,2021-05-12,6281,Silver,crmid:9323538829,39-0685153
866,92652,2025-04-08,2975,Gold,crmid:3618350665,25-3823428
867,390255,2024-05-23,15159,Platinum,crmid:3931893938,59-0767081
868,88384,2022-02-14,1258,Platinum,crmid:9128864028,01-9157791
869,37340,2021-08-16,1253,Silver,crmid:7465763975,48-8789951
870,282008,2022-01-17,12739,Diamond,crmid:3725646297,48-4612390
871,254275,2022-08-21,5354,Platinum,crmid:2084015816,70-0320508
872,314546,2023-07-05,11045,Diamond,crmid:2233871899,26-9492770
873,33070,2023-01-06,15802,Silver,crmid:5874494320,76-1420016
874,265412,2025-01-09,17130,Platinum,crmid:7977026338,07-4602540
875,54736,2024-07-07,12176,Gold,crmid:9828151295,42-9366954
876,385336,2022-05-03,7221,Diamond,crmid:8289517374,85-4179111
877,282290,2023-10-23,1907,Diamond,crmid:4154301508,57-8431749
878,300214,2021-07-06,11983,Platinum,crmid:8127616492,79-1904628
879,38972,2021-10-15,15603,Silver,crmid:2205865554,18-1960139
880,336840,2022-09-09,16874,Diamond,crmid:9346096789,89-1249693
881,119816,2022-05-08,755,Gold,crmid:1744916286,57-6021225
882,342104,2021-08-02,19159,Silver,crmid:6429187396,29-2109239
883,359170,2023-06-19,15929,Gold,crmid:8160330294,22-2998430
884,300494,2021-05-18,13885,Platinum,crmid:5597437873,64-0522471
885,269815,2024-10-24,3742,Diamond,crmid:8753973439,26-2076543
886,80201,2025-04-12,12028,Diamond,crmid:9617006538,96-6170362
887,264493,2022-02-06,5173,Platinum,crmid:7380791098,23-7569292
888,202502,2022-11-26,14487,Silver,crmid:6863298437,04-6312841
889,124037,2023-10-28,597,Platinum,crmid:3417275420,59-8492072
890,85670,2025-03-31,1967,Platinum,crmid:3489417152,15-0222046
891,127732,2022-09-26,19606,Gold,crmid:6446022461,22-9448319
892,92230,2023-10-14,7204,Platinum,crmid:7241567396,82-1236420
893,195669,2022-03-16,17099,Platinum,crmid:6871741491,39-1900700
894,105431,2022-09-12,15820,Silver,crmid:5644745591,20-7126991
895,52119,2022-10-12,2665,Silver,crmid:8946833571,25-2837917
896,132275,2022-05-02,6373,Silver,crmid:4158555759,19-7514310
897,136375,2022-04-12,4521,Gold,crmid:1051141631,31-5576070
898,276547,2023-06-05,8244,Platinum,crmid:9057096805,96-0902194
899,163244,2021-06-19,3110,Gold,crmid:3628146982,82-4652422
900,177082,2022-10-07,17390,Gold,crmid:5736897472,89-0424598
901,177623,2024-04-04,18427,Gold,crmid:7362542427,31-0053842
902,398662,2021-12-25,14920,Silver,crmid:2375358964,56-1045421
903,194666,2022-03-02,15483,Platinum,crmid:7613446440,29-9060365
904,344652,2024-09-04,5934,Diamond,crmid:2477271346,99-3648082
905,24414,2024-03-15,14619,Platinum,crmid:8169962557,41-6478965
906,202093,2024-08-25,7419,Platinum,crmid:9491873783,84-1344613
907,227399,2023-09-12,15906,Silver,crmid:7771831420,77-7080123
908,113678,2023-11-12,13451,Silver,crmid:3536945406,31-7203338
909,98840,2025-04-14,10520,Platinum,crmid:7149772165,51-7320545
910,52230,2023-09-08,15508,Silver,crmid:3275998414,99-4329561
911,146246,2023-10-10,7820,Platinum,crmid:4640799836,56-8017809
912,228109,2022-09-27,6357,Gold,crmid:5454986266,23-5953350
913,373280,2024-05-21,9004,Silver,crmid:3086720942,20-5159941
914,135279,2024-12-14,649,Silver,crmid:7478610331,54-8606102
915,22385,2022-03-18,3486,Silver,crmid:8270114046,94-9110296
916,133035,2021-10-14,407,Silver,crmid:6097293160,20-7113323
917,168354,2022-08-11,14859,Platinum,crmid:8068097160,53-4667489
918,26100,2023-12-23,5730,Diamond,crmid:2937049791,15-6549750
919,25688,2024-02-13,10767,Platinum,crmid:1902335463,00-5955277
920,63656,2022-03-18,16917,Gold,crmid:3479634518,36-7485415
921,218464,2024-12-22,13705,Silver,crmid:9203657298,05-7955822
922,202955,2023-12-16,14624,Gold,crmid:3006661893,51-6719552
923,249854,2022-02-03,12632,Silver,crmid:7363629088,64-5429582
924,105894,2022-11-21,10112,Platinum,crmid:3156875304,48-1618547
925,360487,2022-10-06,9370,Silver,crmid:5474922961,61-2351744
926,350775,2023-03-10,5607,Gold,crmid:7246625143,64-2187745
927,26760,2022-07-11,679,Silver,crmid:5659150878,13-7616170
928,187119,2023-12-02,15064,Diamond,crmid:5069835772,45-6979626
929,29033,2023-05-09,18066,Diamond,crmid:5254699357,67-2321398
930,253399,2023-07-11,2939,Gold,crmid:8264757747,00-9063698
931,150289,2022-10-04,9128,Silver,crmid:1074988065,68-7149651
932,131817,2023-07-24,8303,Diamond,crmid:1283209251,99-8411118
933,368240,2023-10-25,5703,Platinum,crmid:2176011688,41-1715805
934,112439,2024-12-08,8069,Gold,crmid:9388647142,62-4494948
935,293166,2021-07-28,1519,Platinum,crmid:5040843617,91-3117781
936,300224,2024-11-11,19015,Gold,crmid:7689495222,87-8372358
937,247683,2023-02-20,13677,Diamond,crmid:7837758129,73-5051347
938,287909,2022-12-30,936,Platinum,crmid:8409917181,90-5048030
939,361008,2022-06-08,19777,Silver,crmid:3797382368,43-9787617
940,229406,2024-01-29,17243,Diamond,crmid:7009063322,16-6863170
941,360043,2022-08-15,5340,Gold,crmid:6808222160,50-7984543
942,364206,2023-06-15,12051,Silver,crmid:7549729469,13-4292199
943,160474,2023-12-08,8717,Gold,crmid:2012730225,68-9396381
944,161269,2022-01-09,14130,Silver,crmid:8230150582,19-7553369
945,64953,2024-02-09,8117,Platinum,crmid:4459269299,82-0651335
946,36691,2023-03-24,16486,Platinum,crmid:4951520394,45-1634798
947,81517,2022-04-13,13870,Silver,crmid:8619178472,89-0027004
948,344702,2022-07-11,15462,Platinum,crmid:8860960687,66-4851823
949,49298,2024-09-24,9995,Gold,crmid:2370056602,73-7155049
950,227705,2023-10-08,8960,Diamond,crmid:8553408713,38-5762476
951,361499,2022-09-28,19524,Gold,crmid:2448824858,37-8679520
952,114319,2022-12-18,13605,Gold,crmid:6848487106,35-3270133
953,342820,2025-04-06,6337,Gold,crmid:3823127982,15-6754828
954,123687,2022-06-14,6576,Platinum,crmid:5338767341,09-0496853
955,320396,2022-09-17,10122,Platinum,crmid:3203756858,95-6332096
956,36864,2024-05-25,12502,Gold,crmid:1696688691,98-8441848
957,327308,2023-01-10,14478,Gold,crmid:8486307028,50-1038353
958,373959,2021-08-08,16557,Diamond,crmid:6899343532,75-5960369
959,179557,2022-05-13,7231,Silver,crmid:7110598788,35-9259805
960,152085,2021-10-14,16238,Platinum,crmid:3331343839,15-2027532
961,70765,2022-09-11,2092,Platinum,crmid:9256163016,20-1299268
962,68331,2022-02-02,11314,Diamond,crmid:9385084673,79-7889933
963,214147,2023-12-21,16403,Silver,crmid:5454585664,20-0001352
964,284285,2021-05-26,10852,Gold,crmid:2449904312,03-7569344
965,132402,2024-07-29,5312,Silver,crmid:1424445759,56-6472621
966,88017,2023-05-31,17423,Platinum,crmid:6075778457,54-4322036
967,217415,2021-08-11,6621,Gold,crmid:7295750412,22-6170397
968,358654,2025-01-13,6909,Platinum,crmid:7129847206,71-2398614
969,187127,2025-01-28,9245,Platinum,crmid:1139126809,36-2249324
970,96934,2025-01-02,11604,Platinum,crmid:8628554560,46-1839616
971,44478,2025-05-03,6315,Diamond,crmid:8749350085,94-0660585
972,332644,2023-06-04,1411,Silver,crmid:1618476012,54-1029939
973,309501,2021-12-12,4299,Diamond,crmid:8845069719,33-9902868
974,24475,2024-04-28,10191,Silver,crmid:2475366030,95-7520320
975,133409,2022-04-18,8141,Platinum,crmid:2511438670,28-2155193
976,319562,2023-10-22,17378,Platinum,crmid:3401046019,51-2526529
977,363253,2023-02-24,13969,Platinum,crmid:9425142614,03-7352766
978,299977,2022-06-13,8710,Silver,crmid:1600252631,79-8132222
979,197337,2023-04-30,8778,Gold,crmid:4546486919,44-7307065
980,172311,2024-07-06,14358,Silver,crmid:2894153914,14-6717897
981,364545,2022-12-11,5732,Silver,crmid:1204298903,18-3658373
982,116383,2022-02-12,9979,Diamond,crmid:7355523457,68-7654081
983,118391,2024-05-28,3874,Silver,crmid:7419530058,65-3551202
984,393848,2021-10-21,2013,Diamond,crmid:1248671627,86-9508863
985,25411,2024-10-13,10577,Silver,crmid:4109490191,95-7915691
986,260468,2021-10-09,13719,Silver,crmid:9468650152,03-2572929
987,390633,2021-10-09,11113,Gold,crmid:7722986743,90-5949455
988,136356,2024-05-03,14961,Silver,crmid:2558794684,00-6080697
989,57155,2024-05-16,375,Gold,crmid:8636220408,56-3949700
990,293125,2023-02-01,16400,Platinum,crmid:4095818285,28-7480812
991,171084,2021-12-01,7266,Silver,crmid:4971497682,09-4071307
992,171661,2022-01-23,14314,Gold,crmid:1846785852,81-7084952
993,345240,2024-05-05,8085,Platinum,crmid:3655684335,16-3025194
994,334706,2024-08-22,16485,Platinum,crmid:4465217323,79-3468047
995,243570,2021-10-21,4344,Gold,crmid:8031803090,03-2689656
996,279310,2025-02-05,17798,Diamond,crmid:8047146524,25-5037802
997,71776,2021-08-11,141,Silver,crmid:2565280578,70-0550588
998,335910,2022-11-25,11541,Silver,crmid:2975278016,29-6467349
999,140090,2024-02-01,13156,Gold,crmid:3733483161,64-4331582
1000,379426,2022-07-01,17377,Diamond,crmid:1475155965,42-1659388