{
  "_type": "export",
  "__export_format": 4,
  "__export_date": "2025-06-09T05:26:34.228Z",
  "__export_source": "insomnia.desktop.app:v10.1.1-adobe",
  "resources": [
    {
      "_id": "req_2a592a37cc294000bd16b720a1ace669",
      "parentId": "fld_a3aafbc7485d4c2b9636a0c69b0f5244",
      "modified": 1749446435695,
      "created": 1737673626982,
      "url": "https://ims-na1.adobelogin.com/ims/token/v2",
      "name": "POST - Get Access Token",
      "description": "",
      "method": "POST",
      "body": {},
      "parameters": [
        {
          "name": "grant_type",
          "value": "client_credentials",
          "disabled": false,
          "id": "pair_1205f01d2a0a4225999533df752253a7"
        },
        {
          "name": "client_id",
          "value": "{{API_KEY}}",
          "disabled": false,
          "id": "pair_9c9dfff401f8455b8f2e4f6b6ab26e2a"
        },
        {
          "name": "client_secret",
          "value": "{{CLIENT_SECRET}}",
          "disabled": false,
          "id": "pair_a065ed28de1046f3b67be623c94e11e4"
        },
        {
          "name": "scope",
          "value": "{{SCOPES}}",
          "disabled": false,
          "id": "pair_951ea9b1c3704d78b2e40df2d19635ae"
        }
      ],
      "headers": [
        {
          "name": "Cookie",
          "value": "relay=48423d7a-699b-407e-8e3e-82be7a5bd39a; ftrset=227"
        }
      ],
      "authentication": {},
      "metaSortKey": -1737673626982,
      "isPrivate": false,
      "afterResponseScript": "const json = insomnia.response.json();\ninsomnia.environment.set(\"access_token\", json.access_token);\ninsomnia.environment.set(\"ACCESS_TOKEN\", json.access_token);\ninsomnia.environment.set(\"IMS_TOKEN\", json.access_token);",
      "settingStoreCookies": true,
      "settingSendCookies": true,
      "settingDisableRenderRequestBody": false,
      "settingEncodeUrl": true,
      "settingRebuildPath": true,
      "settingFollowRedirects": "global",
      "_type": "request"
    },
    {
      "_id": "fld_a3aafbc7485d4c2b9636a0c69b0f5244",
      "parentId": "fld_d83ce4d396b0464493676c4cf73786b8",
      "modified": 1737673806275,
      "created": 1737673617969,
      "name": "Adobe IO - OAuth",
      "description": "",
      "environment": {},
      "environmentPropertyOrder": null,
      "metaSortKey": -1737673617969,
      "_type": "request_group"
    },
    {
      "_id": "fld_d83ce4d396b0464493676c4cf73786b8",
      "parentId": "wrk_560921b40f304c65824d97ae2e941ec9",
      "modified": 1737672798281,
      "created": 1737672798281,
      "name": "FF - Firefly Services Tech Insiders",
      "description": "",
      "environment": {
        "IMS_TOKEN": "",
        "STORAGE_ASSET_NAME": "",
        "STORAGE_ASSET_URL": "",
        "PHOTOSHOP_RESPONSE_JSON": "",
        "FIREFLY_COMPLETED_ASSET_URL": "",
        "FIREFLY_STATUS_URL": "",
        "FIREFLY_CANCEL_URL": "",
        "INDESIGN_COMPLETED_ASSET_URL": "",
        "INDESIGN_STATUS_URL": "",
        "STORAGE_ASSET_CONTENT_LENGTH": "",
        "STORAGE_ASSET_CONTENT_TYPE": "",
        "STORAGE_ASSET_CONTENT_MD5": "",
        "PHOTOSHOP_COMPLETED_ASSET_URL": "",
        "PHOTOSHOP_STATUS_URL": "",
        "PHOTOSHOP_COMPLETED_RENDITION_URL": "",
        "LIGHTROOM_COMPLETED_ASSET_URL": "",
        "LIGHTROOM_STATUS_URL": "",
        "EXPRESS_STATUS_URL": "",
        "EXPRESS_RENDITION_URL": "",
        "FIREFLY_ASSET_ID": "",
        "INDESIGN_DATA_FILE_URL": "",
        "INDESIGN_IMAGE_FILE_URL": "",
        "FIREFLY_IMAGE_URL": "",
        "FIREFLY_COMPLETED_ASSET_URL_ANIMAL": "",
        "PHOTOSHOP_STATUS_URL_REMOVE_BG": "",
        "PHOTOSHOP_COMPLETED_ASSET_URL_NO_BG": "",
        "PHOTOSHOP_COMPLETED_ASSET_URL_PSD": "",
        "PHOTOSHOP_STATUS_URL_PNG": "",
        "PHOTOSHOP_COMPLETED_ASSET_URL_PNG": "",
        "PHOTOSHOP_STATUS_URL_TEXT": "",
        "PHOTOSHOP_COMPLETED_ASSET_URL_IMG_TXT_PSD": "",
        "JOBID": "",
        "FIREFLY_CUSTOM_MODEL_ASSET_URL": "",
        "CUSTOM_MODEL_STATUS_URL": "",
        "CUSTOM_MODEL_JOBID": ""
      },
      "environmentPropertyOrder": null,
      "metaSortKey": -1737672795572,
      "preRequestScript": "",
      "afterResponseScript": "",
      "authentication": {},
      "_type": "request_group"
    },
    {
      "_id": "wrk_560921b40f304c65824d97ae2e941ec9",
      "parentId": null,
      "modified": 1745496813534,
      "created": 1745496807435,
      "name": "One Adobe Tutorial - Tech Insiders",
      "description": "",
      "scope": "collection",
      "_type": "workspace"
    },
    {
      "_id": "req_b303bf9049ef419eb9604f69de1d2091",
      "parentId": "fld_542d7f0c2c7545adb11f0fc5884151b0",
      "modified": 1737672798283,
      "created": 1737672798283,
      "url": "{{_['AZURE_STORAGE_URL']}}/{{_['AZURE_STORAGE_CONTAINER']}}/citisignal-fiber.psd{{_['AZURE_STORAGE_SAS_WRITE']}}",
      "name": "Upload PSD to Azure Storage Account",
      "description": "",
      "method": "PUT",
      "body": {},
      "parameters": [],
      "headers": [
        {
          "name": "x-ms-blob-type",
          "value": "BlockBlob"
        }
      ],
      "authentication": {},
      "preRequestScript": "",
      "metaSortKey": -1737672795570,
      "isPrivate": false,
      "afterResponseScript": "",
      "settingStoreCookies": true,
      "settingSendCookies": true,
      "settingDisableRenderRequestBody": false,
      "settingEncodeUrl": true,
      "settingRebuildPath": true,
      "settingFollowRedirects": "global",
      "_type": "request"
    },
    {
      "_id": "fld_542d7f0c2c7545adb11f0fc5884151b0",
      "parentId": "fld_d83ce4d396b0464493676c4cf73786b8",
      "modified": 1737672798282,
      "created": 1737672798282,
      "name": "Photoshop",
      "description": "",
      "environment": {},
      "environmentPropertyOrder": null,
      "metaSortKey": -1737672795571,
      "preRequestScript": "",
      "afterResponseScript": "",
      "authentication": {
        "type": "bearer",
        "disabled": false,
        "token": "{{IMS_TOKEN}}",
        "prefix": ""
      },
      "_type": "request_group"
    },
    {
      "_id": "req_a3013b37306d43bba34e4819fb777b58",
      "parentId": "fld_542d7f0c2c7545adb11f0fc5884151b0",
      "modified": 1737672798284,
      "created": 1737672798284,
      "url": "https://image.adobe.io/pie/psdService/hello",
      "name": "Photoshop Hello (Test Auth.)",
      "description": "",
      "method": "GET",
      "body": {},
      "parameters": [],
      "headers": [
        {
          "name": "x-api-key",
          "value": "{{API_KEY}}"
        },
        {
          "name": "Authorization",
          "value": "Bearer {{ACCESS_TOKEN}}"
        }
      ],
      "authentication": {},
      "preRequestScript": "",
      "metaSortKey": -1737672795569,
      "isPrivate": false,
      "afterResponseScript": "",
      "settingStoreCookies": true,
      "settingSendCookies": true,
      "settingDisableRenderRequestBody": false,
      "settingEncodeUrl": true,
      "settingRebuildPath": true,
      "settingFollowRedirects": "global",
      "_type": "request"
    },
    {
      "_id": "req_b120c1c78b7849eba32157011ce7ac30",
      "parentId": "fld_542d7f0c2c7545adb11f0fc5884151b0",
      "modified": 1748003860976,
      "created": 1737672798284,
      "url": "https://image.adobe.io/pie/psdService/documentManifest",
      "name": "Photoshop - Get PSD Manifest",
      "description": "",
      "method": "POST",
      "body": {
        "mimeType": "application/json",
        "text": "{\n  \"inputs\": [\n    {\n      \"storage\": \"external\",\n      \"href\": \"{{_['AZURE_STORAGE_URL']}}/{{_['AZURE_STORAGE_CONTAINER']}}/citisignal-fiber.psd{{_['AZURE_STORAGE_SAS_READ']}}\"\n    }\n  ],\n  \"options\": {\n    \"thumbnails\": {\n      \"type\": \"image/jpeg\"\n    }\n  }\n}"
      },
      "parameters": [],
      "headers": [
        {
          "name": "x-api-key",
          "value": "{{API_KEY}}"
        },
        {
          "name": "Content-Type",
          "value": "application/json"
        },
        {
          "name": "Authorization",
          "value": "Bearer {{ACCESS_TOKEN}}"
        }
      ],
      "authentication": {},
      "preRequestScript": "",
      "metaSortKey": -1737672795568,
      "isPrivate": false,
      "pathParameters": [],
      "afterResponseScript": "var json = insomnia.response.json();\n\ninsomnia.collectionVariables.set(\"PHOTOSHOP_STATUS_URL_PB\", json._links.self.href);\n",
      "settingStoreCookies": true,
      "settingSendCookies": true,
      "settingDisableRenderRequestBody": false,
      "settingEncodeUrl": true,
      "settingRebuildPath": true,
      "settingFollowRedirects": "global",
      "_type": "request"
    },
    {
      "_id": "req_94ecfcb766ed42e78854c9779886fe3b",
      "parentId": "fld_542d7f0c2c7545adb11f0fc5884151b0",
      "modified": 1737962750085,
      "created": 1737672798285,
      "url": "{{PHOTOSHOP_STATUS_URL_PB}}",
      "name": "Photoshop -  Get PS Status",
      "description": "",
      "method": "GET",
      "body": {},
      "parameters": [],
      "headers": [
        {
          "name": "x-api-key",
          "value": "{{API_KEY}}"
        },
        {
          "name": "Authorization",
          "value": "Bearer {{ACCESS_TOKEN}}"
        }
      ],
      "authentication": {},
      "preRequestScript": "",
      "metaSortKey": -1737672795567,
      "isPrivate": false,
      "pathParameters": [],
      "afterResponseScript": "var json = insomnia.response.json();\n\nif(json.status == \"succeeded\" || json.outputs[0].status == \"succeeded\"){\n    //Only set if the response contains an output\n    if(json.output && json.output.href){\n        insomnia.collectionVariables.set(\"PHOTOSHOP_COMPLETED_ASSET_URL_PB\", json.output.href);\n    }\n    insomnia.collectionVariables.set(\"PHOTOSHOP_RESPONSE_JSON_PB\", JSON.stringify(json)); \n}\n\n",
      "settingStoreCookies": true,
      "settingSendCookies": true,
      "settingDisableRenderRequestBody": false,
      "settingEncodeUrl": true,
      "settingRebuildPath": true,
      "settingFollowRedirects": "global",
      "_type": "request"
    },
    {
      "_id": "req_c088adc82e9244eda389380fdd1b0861",
      "parentId": "fld_542d7f0c2c7545adb11f0fc5884151b0",
      "modified": 1737962791834,
      "created": 1737672798285,
      "url": "https://image.adobe.io/pie/psdService/text",
      "name": "Photoshop - Change Text",
      "description": "",
      "method": "POST",
      "body": {
        "mimeType": "application/json",
        "text": "{\n  \"inputs\": [\n    {\n      \"storage\": \"external\",\n      \"href\": \"{{_['AZURE_STORAGE_URL']}}/{{_['AZURE_STORAGE_CONTAINER']}}/citisignal-fiber.psd{{_['AZURE_STORAGE_SAS_READ']}}\"\n    }\n  ],\n  \"options\": {\n    \"layers\": [\n      {\n        \"name\": \"2048x2048-cta\",\n        \"text\": {\n          \"content\": \"Get Fiber now!\"\n        }\n      }\n    ]\n  },\n  \"outputs\": [\n    {\n      \"storage\": \"azure\",\n      \"href\": \"{{_['AZURE_STORAGE_URL']}}/{{_['AZURE_STORAGE_CONTAINER']}}/citisignal-fiber-changed-text.psd{{_['AZURE_STORAGE_SAS_WRITE']}}\",\n      \"type\": \"vnd.adobe.photoshop\",\n      \"overwrite\": true\n    }\n  ]\n}"
      },
      "parameters": [],
      "headers": [
        {
          "name": "x-api-key",
          "value": "{{API_KEY}}"
        },
        {
          "name": "Content-Type",
          "value": "application/json"
        },
        {
          "name": "Authorization",
          "value": "Bearer {{ACCESS_TOKEN}}"
        }
      ],
      "authentication": {},
      "preRequestScript": "",
      "metaSortKey": -1737672795566,
      "isPrivate": false,
      "afterResponseScript": "var json = insomnia.response.json();\n\ninsomnia.collectionVariables.set(\"PHOTOSHOP_STATUS_URL_PB\", json._links.self.href);\n",
      "settingStoreCookies": true,
      "settingSendCookies": true,
      "settingDisableRenderRequestBody": false,
      "settingEncodeUrl": true,
      "settingRebuildPath": true,
      "settingFollowRedirects": "global",
      "_type": "request"
    },
    {
      "_id": "req_33ed509735f948ddb4a08a4d961a1a9b",
      "parentId": "fld_687b8aabf29b4decad3b83a77a4eee6f",
      "modified": 1749115535173,
      "created": 1737672798286,
      "url": "https://firefly-api.adobe.io/v3/images/generate",
      "name": "Firefly - T2I V3",
      "description": "",
      "method": "POST",
      "body": {
        "mimeType": "application/json",
        "text": "{\n  \"numVariations\": 1,\n  \"size\": {\n    \"width\": 2048,\n    \"height\": 2048\n  },\n  \"prompt\": \"a futuristic future cityscape with flying cars\",\n  \"promptBiasingLocaleCode\": \"en-US\",\n\t\"seed\": 1842533538\n}"
      },
      "parameters": [],
      "headers": [
        {
          "name": "Content-Type",
          "value": "application/json",
          "id": "pair_af9ba905c8bd42a4a7d90d95ff8043db"
        },
        {
          "name": "x-api-key",
          "value": "{{API_KEY}}",
          "id": "pair_289bc7fa16fe4f04a035adaf06892025"
        },
        {
          "name": "Authorization",
          "value": "Bearer {{ACCESS_TOKEN}}",
          "id": "pair_efac2b5de5064d51bf73ba5c5bb96ca1"
        },
        {
          "id": "pair_77b6fa5cd0e64590a359183bcb0b0c0f",
          "name": "",
          "value": "",
          "description": "",
          "disabled": false
        }
      ],
      "authentication": {},
      "preRequestScript": "var prompt = \"Horses in a field\"\ninsomnia.variables.set(\"FIREFLY_IMAGE_PROMPT\", prompt)",
      "metaSortKey": -1737672795564,
      "isPrivate": false,
      "pathParameters": [],
      "afterResponseScript": "var json = insomnia.response.json()\n\nif(json.outputs){\n    insomnia.collectionVariables.set(\"FIREFLY_COMPLETED_ASSET_URL_PB\", json.outputs[0].image.url);\n}",
      "settingStoreCookies": true,
      "settingSendCookies": true,
      "settingDisableRenderRequestBody": false,
      "settingEncodeUrl": true,
      "settingRebuildPath": true,
      "settingFollowRedirects": "global",
      "_type": "request"
    },
    {
      "_id": "fld_687b8aabf29b4decad3b83a77a4eee6f",
      "parentId": "fld_d83ce4d396b0464493676c4cf73786b8",
      "modified": 1737672798285,
      "created": 1737672798285,
      "name": "Firefly",
      "description": "",
      "environment": {},
      "environmentPropertyOrder": null,
      "metaSortKey": -1737672795565,
      "preRequestScript": "",
      "afterResponseScript": "",
      "authentication": {
        "type": "bearer",
        "disabled": false,
        "token": "{{IMS_TOKEN}}",
        "prefix": ""
      },
      "_type": "request_group"
    },
    {
      "_id": "req_cb24e92f478040f294ca12b479a3182e",
      "parentId": "fld_687b8aabf29b4decad3b83a77a4eee6f",
      "modified": 1747986128288,
      "created": 1737672798286,
      "url": "https://firefly-api.adobe.io/v3/images/generate",
      "name": "Firefly - T2I (styleref) V3",
      "description": "",
      "method": "POST",
      "body": {
        "mimeType": "application/json",
        "text": "{\n  \"numVariations\": 1,\n  \"size\": {\n    \"width\": 1024,\n    \"height\": 1024\n  },\n  \"prompt\": \"Horses in a field\",\n  \"promptBiasingLocaleCode\": \"en-US\",\n  \"style\": {\n    \"strength\": 100,\n    \"imageReference\": {\n        \"source\": {\n            \"url\": \"https://techinsiders.blob.core.windows.net/vangeluw/gradient.jpg?sv=2023-01-03&st=2025-05-23T07%3A25%3A48Z&se=2025-05-24T07%3A25%3A48Z&sr=b&sp=racw&sig=aSzQXaaKVwmMy9nllrffkgTToPeheTiJgk1sdRPR6k8%3D\"\n        }\n    }\n  }\n}"
      },
      "parameters": [],
      "headers": [
        {
          "name": "Content-Type",
          "value": "application/json"
        },
        {
          "name": "x-api-key",
          "value": "{{API_KEY}}"
        },
        {
          "name": "Authorization",
          "value": "Bearer {{ACCESS_TOKEN}}"
        }
      ],
      "authentication": {},
      "preRequestScript": "",
      "metaSortKey": -1737672795563,
      "isPrivate": false,
      "afterResponseScript": "var json = insomnia.response.json()\n\nif(json.outputs){\n    insomnia.collectionVariables.set(\"FIREFLY_IMAGE_URL_PB\", json.outputs[0].image.url);\n    insomnia.collectionVariables.set(\"FIREFLY_COMPLETED_ASSET_URL_PB\", json.outputs[0].image.url);\n}",
      "settingStoreCookies": true,
      "settingSendCookies": true,
      "settingDisableRenderRequestBody": false,
      "settingEncodeUrl": true,
      "settingRebuildPath": true,
      "settingFollowRedirects": "global",
      "_type": "request"
    },
    {
      "_id": "req_c23b9d8d321442f0b81cb764512407c7",
      "parentId": "fld_687b8aabf29b4decad3b83a77a4eee6f",
      "modified": 1737962865886,
      "created": 1737672798286,
      "url": "https://firefly-api.adobe.io/v3/images/generate",
      "name": "Firefly - T2I (styleref + structureref) V3 Copy",
      "description": "",
      "method": "POST",
      "body": {
        "mimeType": "application/json",
        "text": "{\n  \"numVariations\": 1,\n  \"size\": {\n    \"width\": 1024,\n    \"height\": 1024\n  },\n  \"prompt\": \"{{FIREFLY_IMAGE_PROMPT_PB}}\",\n  \"promptBiasingLocaleCode\": \"en-US\",\n  \"style\": {\n    \"strength\": 100,\n    \"imageReference\": {\n        \"source\": {\n            \"uploadId\": \"{{_['FIREFLY_STYLE_REFERENCE_IMAGE_ID']}}\"\n        }\n    }\n  },\n  \"structure\": {\n    \"strength\": 100,\n    \"imageReference\": {\n        \"source\": {\n            \"uploadId\": \"{{_['FIREFLY_STRUCTURE_REFERENCE_IMAGE_ID']}}\"\n        }\n    }\n  }\n}"
      },
      "parameters": [],
      "headers": [
        {
          "name": "Content-Type",
          "value": "application/json"
        },
        {
          "name": "x-api-key",
          "value": "{{API_KEY}}"
        },
        {
          "name": "Authorization",
          "value": "Bearer {{ACCESS_TOKEN}}"
        }
      ],
      "authentication": {
        "type": "bearer",
        "disabled": false,
        "token": "{{ACCESS_TOKEN}}",
        "prefix": ""
      },
      "preRequestScript": "",
      "metaSortKey": -1737672795562,
      "isPrivate": false,
      "afterResponseScript": "var json = insomnia.response.json()\n\nif(json.outputs){\n    insomnia.collectionVariables.set(\"FIREFLY_IMAGE_URL_PB\", json.outputs[0].image.url);\n}",
      "settingStoreCookies": true,
      "settingSendCookies": true,
      "settingDisableRenderRequestBody": false,
      "settingEncodeUrl": true,
      "settingRebuildPath": true,
      "settingFollowRedirects": "global",
      "_type": "request"
    },
    {
      "_id": "req_d9af56f9220d4fe2a7c72ae9e7c26994",
      "parentId": "fld_687b8aabf29b4decad3b83a77a4eee6f",
      "modified": 1737961923967,
      "created": 1737672798287,
      "url": "{{FIREFLY_COMPLETED_ASSET_URL_PB}}",
      "name": "Firefly - Get Generated Image",
      "description": "",
      "method": "GET",
      "body": {},
      "parameters": [],
      "headers": [],
      "authentication": {},
      "preRequestScript": "",
      "metaSortKey": -1737672795561,
      "isPrivate": false,
      "pathParameters": [],
      "afterResponseScript": "",
      "settingStoreCookies": true,
      "settingSendCookies": true,
      "settingDisableRenderRequestBody": false,
      "settingEncodeUrl": true,
      "settingRebuildPath": true,
      "settingFollowRedirects": "global",
      "_type": "request"
    },
    {
      "_id": "req_b20461c17e6a46a289722dae8d0a0b5b",
      "parentId": "fld_687b8aabf29b4decad3b83a77a4eee6f",
      "modified": 1747985668140,
      "created": 1737672798287,
      "url": "https://firefly-api.adobe.io/v3/images/expand",
      "name": "Firefly - Gen Expand",
      "description": "A variable GenExpand operation with variables that suppports running as batch with CSV. Sample file: [genexpand.csv](https://adobe.sharepoint.com/:x:/r/sites/DMeEntPMMHub/Shared%20Documents/FY24%20Solutions/Demos/Demo%20Assets/genexpand.csv?d=wbbe7490e66a54b908c2b8759a85db17c&csf=1&web=1&e=yMhRXV)",
      "method": "POST",
      "body": {
        "mimeType": "application/json",
        "text": "{\n  \"numVariations\": 1,\n  \"size\": {\n    \"width\": 3999,\n    \"height\": 3999\n  },\n  \"image\": {\n    \"source\": {\n      \"url\": \"{{FIREFLY_COMPLETED_ASSET_URL_PB}}\"\n    }\n    \n  },\n  \"placement\": {\n    \"alignment\": {\n      \"horizontal\": \"left\",\n      \"vertical\": \"center\"\n    }\n  }\n}"
      },
      "parameters": [],
      "headers": [
        {
          "name": "Content-Type",
          "value": "application/json"
        },
        {
          "name": "x-api-key",
          "value": "{{API_KEY}}"
        },
        {
          "name": "Authorization",
          "value": "Bearer {{ACCESS_TOKEN}}"
        }
      ],
      "authentication": {
        "type": "bearer",
        "disabled": false,
        "token": "{{ACCESS_TOKEN}}",
        "prefix": ""
      },
      "preRequestScript": "",
      "metaSortKey": -1737672795560,
      "isPrivate": false,
      "afterResponseScript": "var json = insomnia.response.json()\n\nif(json.outputs){\n    insomnia.collectionVariables.set(\"FIREFLY_COMPLETED_ASSET_URL_PB_EXP\", json.outputs[0].image.url);\n}",
      "settingStoreCookies": true,
      "settingSendCookies": true,
      "settingDisableRenderRequestBody": false,
      "settingEncodeUrl": true,
      "settingRebuildPath": true,
      "settingFollowRedirects": "global",
      "_type": "request"
    },
    {
      "_id": "req_993a635181df4e268468802965531959",
      "parentId": "fld_687b8aabf29b4decad3b83a77a4eee6f",
      "modified": 1747986294685,
      "created": 1737672798287,
      "url": "https://techinsiders.blob.core.windows.net/vangeluw/gradient2-p.jpg?sv=2023-01-03&st=2025-05-23T07%3A28%3A51Z&se=2025-05-24T07%3A28%3A51Z&sr=c&sp=racwl&sig=0Xh9sNkrult5ed%2FuJh2eZsQDc5Uk3kiS1eBvKdV2Hfg%3D",
      "name": "Upload file to Azure Storage Account",
      "description": "",
      "method": "PUT",
      "body": {
        "mimeType": "application/octet-stream",
        "fileName": "/Users/vangeluw/Desktop/gradient2-p.jpg"
      },
      "parameters": [],
      "headers": [
        {
          "name": "Content-Type",
          "value": "image/jpeg"
        },
        {
          "name": "x-ms-blob-type",
          "value": "BlockBlob"
        }
      ],
      "authentication": {},
      "preRequestScript": "",
      "metaSortKey": -1737672795559,
      "isPrivate": false,
      "pathParameters": [],
      "afterResponseScript": "",
      "settingStoreCookies": true,
      "settingSendCookies": true,
      "settingDisableRenderRequestBody": false,
      "settingEncodeUrl": true,
      "settingRebuildPath": true,
      "settingFollowRedirects": "global",
      "_type": "request"
    },
    {
      "_id": "req_561a00641dd14fc1834bf6935cd76362",
      "parentId": "fld_687b8aabf29b4decad3b83a77a4eee6f",
      "modified": 1737672798288,
      "created": 1737672798288,
      "url": "{{AZURE_STORAGE_URL}}/{{AZURE_STORAGE_CONTAINER}}/file.jpg{{AZURE_STORAGE_SAS_WRITE}}",
      "name": "Upload file to Azure Storage Account + Variables",
      "description": "",
      "method": "PUT",
      "body": {},
      "parameters": [],
      "headers": [
        {
          "name": "x-ms-blob-type",
          "value": "BlockBlob"
        }
      ],
      "authentication": {},
      "preRequestScript": "",
      "metaSortKey": -1737672795558,
      "isPrivate": false,
      "afterResponseScript": "",
      "settingStoreCookies": true,
      "settingSendCookies": true,
      "settingDisableRenderRequestBody": false,
      "settingEncodeUrl": true,
      "settingRebuildPath": true,
      "settingFollowRedirects": "global",
      "_type": "request"
    },
    {
      "_id": "req_fdf2409b8da44a129e65f3b9e5c5739f",
      "parentId": "fld_687b8aabf29b4decad3b83a77a4eee6f",
      "modified": 1747985358811,
      "created": 1746032138819,
      "url": "https://firefly-api.adobe.io/v3/images/generate-async",
      "name": "Firefly - T2I V4",
      "description": "",
      "method": "POST",
      "body": {
        "mimeType": "application/json",
        "text": "{\n  \"numVariations\": 1,\n  \"size\": {\n    \"width\": 2048,\n    \"height\": 2048\n  },\n  \"prompt\": \"horses in a field\",\n  \"promptBiasingLocaleCode\": \"en-US\"\n}"
      },
      "parameters": [],
      "headers": [
        {
          "name": "Content-Type",
          "value": "application/json",
          "id": "pair_af9ba905c8bd42a4a7d90d95ff8043db"
        },
        {
          "name": "x-api-key",
          "value": "{{API_KEY}}",
          "id": "pair_289bc7fa16fe4f04a035adaf06892025"
        },
        {
          "name": "Authorization",
          "value": "Bearer {{ACCESS_TOKEN}}",
          "id": "pair_efac2b5de5064d51bf73ba5c5bb96ca1"
        },
        {
          "id": "pair_a4aea30d92eb45c6ad1e79fac67bcf39",
          "name": "x-model-version",
          "value": "image4_standard",
          "description": "",
          "disabled": false
        },
        {
          "id": "pair_77b6fa5cd0e64590a359183bcb0b0c0f",
          "name": "",
          "value": "",
          "description": "",
          "disabled": false
        }
      ],
      "authentication": {},
      "preRequestScript": "",
      "metaSortKey": -1737672795458,
      "isPrivate": false,
      "pathParameters": [],
      "afterResponseScript": "var json = insomnia.response.json()\n\nif(json){\n    insomnia.collectionVariables.set(\"FIREFLY_STATUS_REPORT_URL_V4\", json.statusUrl);\n}",
      "settingStoreCookies": true,
      "settingSendCookies": true,
      "settingDisableRenderRequestBody": false,
      "settingEncodeUrl": true,
      "settingRebuildPath": true,
      "settingFollowRedirects": "global",
      "_type": "request"
    },
    {
      "_id": "req_a5cf8aa465d54495ba00220af8c103fa",
      "parentId": "fld_687b8aabf29b4decad3b83a77a4eee6f",
      "modified": 1747805933419,
      "created": 1746032157762,
      "url": "{{ _.FIREFLY_STATUS_REPORT_URL_V4 }}",
      "name": "Firefly - Get Status Report",
      "description": "",
      "method": "GET",
      "body": {},
      "parameters": [],
      "headers": [
        {
          "name": "x-api-key",
          "value": "{{API_KEY}}",
          "id": "pair_289bc7fa16fe4f04a035adaf06892025"
        },
        {
          "name": "Authorization",
          "value": "Bearer {{ACCESS_TOKEN}}",
          "id": "pair_efac2b5de5064d51bf73ba5c5bb96ca1"
        },
        {
          "id": "pair_a4aea30d92eb45c6ad1e79fac67bcf39",
          "name": "x-model-version",
          "value": "image4_ultra",
          "description": "",
          "disabled": false
        },
        {
          "id": "pair_77b6fa5cd0e64590a359183bcb0b0c0f",
          "name": "",
          "value": "",
          "description": "",
          "disabled": false
        }
      ],
      "authentication": {},
      "preRequestScript": "",
      "metaSortKey": -1737672795358,
      "isPrivate": false,
      "pathParameters": [],
      "afterResponseScript": "var json = insomnia.response.json()\n\nif(json.outputs){\n    insomnia.collectionVariables.set(\"FIREFLY_COMPLETED_ASSET_URL_V4_PB\", json.outputs[0].image.url);\n}",
      "settingStoreCookies": true,
      "settingSendCookies": true,
      "settingDisableRenderRequestBody": false,
      "settingEncodeUrl": true,
      "settingRebuildPath": true,
      "settingFollowRedirects": "global",
      "_type": "request"
    },
    {
      "_id": "req_85c0eb1662994103bb08e5598ecfb4dc",
      "parentId": "fld_1862215f11dd4e53bc6c44df37be5c46",
      "modified": 1749446601747,
      "created": 1749445172056,
      "url": "{{FRAME_IO_BASE_URL}}/v4/accounts/:account_id/workspaces/:workspace_id/webhooks",
      "name": "POST - Create Webhook",
      "description": "",
      "method": "POST",
      "body": {
        "mimeType": "application/json",
        "text": "{\n    \"data\": {\n        \"name\": \"vangeluw - Fusion to AEM Assets\",\n        \"events\": [\"metadata.value.updated\"],\n        \"url\": \"https://hook.fusion.adobe.com/6tp1dfdhyxsxukp3xdpaue47h6d1oxw6\"\n    }\n}"
      },
      "parameters": [],
      "headers": [
        {
          "name": "Content-Type",
          "value": "application/json",
          "id": "pair_843f287db38d4f64ae8640d52fd0ad8c"
        },
        {
          "name": "User-Agent",
          "value": "insomnia/10.1.1-adobe",
          "id": "pair_71eb676ae98643c3bd7792deb50e57af"
        },
        {
          "id": "pair_39ec40f1a3324b30b070a8f3300a391f",
          "name": "api-version",
          "value": "alpha",
          "description": "",
          "disabled": false
        },
        {
          "id": "pair_e4ea72c20d844c1aaad5e70b0e5b86fc",
          "name": "Authorization",
          "value": "Bearer {{ACCESS_TOKEN}}",
          "description": "",
          "disabled": false
        }
      ],
      "authentication": {},
      "metaSortKey": -1749445400118,
      "isPrivate": false,
      "pathParameters": [
        {
          "name": "account_id",
          "value": "{{FRAME_IO_ACCOUNT_ID}}"
        },
        {
          "name": "workspace_id",
          "value": "{{FRAME_IO_WORKSPACE_ID}}"
        }
      ],
      "settingStoreCookies": true,
      "settingSendCookies": true,
      "settingDisableRenderRequestBody": false,
      "settingEncodeUrl": true,
      "settingRebuildPath": true,
      "settingFollowRedirects": "global",
      "_type": "request"
    },
    {
      "_id": "fld_1862215f11dd4e53bc6c44df37be5c46",
      "parentId": "fld_76180f0806b64511a6bc8473debc3db4",
      "modified": 1749446009474,
      "created": 1749445157028,
      "name": "Webhooks",
      "description": "",
      "environment": {},
      "environmentPropertyOrder": null,
      "metaSortKey": -1749445160462.375,
      "_type": "request_group"
    },
    {
      "_id": "fld_76180f0806b64511a6bc8473debc3db4",
      "parentId": "fld_d83ce4d396b0464493676c4cf73786b8",
      "modified": 1749445097325,
      "created": 1749445093929,
      "name": "Frame.io V4",
      "description": "",
      "environment": {},
      "environmentPropertyOrder": null,
      "metaSortKey": -1737672795561,
      "_type": "request_group"
    },
    {
      "_id": "req_e78eeb60b2c0439292e7dfd4b007ecc5",
      "parentId": "fld_1862215f11dd4e53bc6c44df37be5c46",
      "modified": 1749445559554,
      "created": 1749445445311,
      "url": "{{FRAME_IO_BASE_URL}}/v4/accounts/:account_id/workspaces/:workspace_id/webhooks",
      "name": "GET - List Webhooks",
      "description": "",
      "method": "GET",
      "body": {},
      "parameters": [],
      "headers": [
        {
          "name": "User-Agent",
          "value": "insomnia/10.1.1-adobe",
          "id": "pair_71eb676ae98643c3bd7792deb50e57af"
        },
        {
          "id": "pair_39ec40f1a3324b30b070a8f3300a391f",
          "name": "api-version",
          "value": "alpha",
          "description": "",
          "disabled": false
        },
        {
          "id": "pair_e4ea72c20d844c1aaad5e70b0e5b86fc",
          "name": "Authorization",
          "value": "Bearer {{ACCESS_TOKEN}}",
          "description": "",
          "disabled": false
        },
        {
          "id": "pair_c9f3ca9a4272415f97ec3b66cc4d4778",
          "name": "Content-Type",
          "value": "application/json",
          "description": "",
          "disabled": false
        }
      ],
      "authentication": {},
      "metaSortKey": -1747437394286,
      "isPrivate": false,
      "pathParameters": [
        {
          "name": "account_id",
          "value": "{{FRAME_IO_ACCOUNT_ID}}"
        },
        {
          "name": "workspace_id",
          "value": "{{FRAME_IO_WORKSPACE_ID}}"
        }
      ],
      "settingStoreCookies": true,
      "settingSendCookies": true,
      "settingDisableRenderRequestBody": false,
      "settingEncodeUrl": true,
      "settingRebuildPath": true,
      "settingFollowRedirects": "global",
      "_type": "request"
    },
    {
      "_id": "req_4654c19166344dcaaebe2dfa00b27057",
      "parentId": "fld_1862215f11dd4e53bc6c44df37be5c46",
      "modified": 1749446539583,
      "created": 1749445529479,
      "url": "{{FRAME_IO_BASE_URL}}/v4/accounts/:account_id/webhooks/:webhook_id",
      "name": "GET - Show Webhook",
      "description": "",
      "method": "GET",
      "body": {},
      "parameters": [],
      "headers": [
        {
          "name": "User-Agent",
          "value": "insomnia/10.1.1-adobe",
          "id": "pair_71eb676ae98643c3bd7792deb50e57af"
        },
        {
          "id": "pair_39ec40f1a3324b30b070a8f3300a391f",
          "name": "api-version",
          "value": "alpha",
          "description": "",
          "disabled": false
        },
        {
          "id": "pair_e4ea72c20d844c1aaad5e70b0e5b86fc",
          "name": "Authorization",
          "value": "Bearer {{ACCESS_TOKEN}}",
          "description": "",
          "disabled": false
        },
        {
          "id": "pair_1a0bb2c2a60a4d86912a9dbded1873b4",
          "name": "Content-Type",
          "value": "application/json",
          "description": "",
          "disabled": false
        }
      ],
      "authentication": {},
      "metaSortKey": -1746433391370,
      "isPrivate": false,
      "pathParameters": [
        {
          "name": "account_id",
          "value": "{{FRAME_IO_ACCOUNT_ID}}"
        },
        {
          "name": "webhook_id",
          "value": ""
        }
      ],
      "settingStoreCookies": true,
      "settingSendCookies": true,
      "settingDisableRenderRequestBody": false,
      "settingEncodeUrl": true,
      "settingRebuildPath": true,
      "settingFollowRedirects": "global",
      "_type": "request"
    },
    {
      "_id": "req_9133430e6a7f49efb09e8f311bbbeb10",
      "parentId": "fld_1862215f11dd4e53bc6c44df37be5c46",
      "modified": 1749446590150,
      "created": 1749445590074,
      "url": "{{FRAME_IO_BASE_URL}}/v4/accounts/:account_id/webhooks/:webhook_id",
      "name": "DELETE - Delete Webhook",
      "description": "",
      "method": "DELETE",
      "body": {},
      "parameters": [],
      "headers": [
        {
          "name": "User-Agent",
          "value": "insomnia/10.1.1-adobe",
          "id": "pair_71eb676ae98643c3bd7792deb50e57af"
        },
        {
          "id": "pair_39ec40f1a3324b30b070a8f3300a391f",
          "name": "api-version",
          "value": "alpha",
          "description": "",
          "disabled": false
        },
        {
          "id": "pair_e4ea72c20d844c1aaad5e70b0e5b86fc",
          "name": "Authorization",
          "value": "Bearer {{ACCESS_TOKEN}}",
          "description": "",
          "disabled": false
        },
        {
          "id": "pair_1a0bb2c2a60a4d86912a9dbded1873b4",
          "name": "Content-Type",
          "value": "application/json",
          "description": "",
          "disabled": false
        }
      ],
      "authentication": {},
      "metaSortKey": -1745931389912,
      "isPrivate": false,
      "pathParameters": [
        {
          "name": "account_id",
          "value": "{{FRAME_IO_ACCOUNT_ID}}"
        },
        {
          "name": "webhook_id",
          "value": ""
        }
      ],
      "settingStoreCookies": true,
      "settingSendCookies": true,
      "settingDisableRenderRequestBody": false,
      "settingEncodeUrl": true,
      "settingRebuildPath": true,
      "settingFollowRedirects": "global",
      "_type": "request"
    },
    {
      "_id": "req_13437b21c44c4bef8f336299194c4022",
      "parentId": "fld_1862215f11dd4e53bc6c44df37be5c46",
      "modified": 1749446580553,
      "created": 1749445627575,
      "url": "{{FRAME_IO_BASE_URL}}/v4/accounts/:account_id/webhooks/:webhook_id",
      "name": "PATCH - Update Webhook",
      "description": "",
      "method": "PATCH",
      "body": {
        "mimeType": "application/json",
        "text": "{\n    \"data\": {\n        \"name\": \"change\",\n        \"events\": [\n            \"metadata.value.updated\"\n        ],\n        \"url\": \"https://url.change.com\",\n        \"active\": false\n    }\n}"
      },
      "parameters": [],
      "headers": [
        {
          "name": "Content-Type",
          "value": "application/json",
          "id": "pair_843f287db38d4f64ae8640d52fd0ad8c"
        },
        {
          "name": "User-Agent",
          "value": "insomnia/10.1.1-adobe",
          "id": "pair_71eb676ae98643c3bd7792deb50e57af"
        },
        {
          "id": "pair_39ec40f1a3324b30b070a8f3300a391f",
          "name": "api-version",
          "value": "alpha",
          "description": "",
          "disabled": false
        },
        {
          "id": "pair_e4ea72c20d844c1aaad5e70b0e5b86fc",
          "name": "Authorization",
          "value": "Bearer {{ACCESS_TOKEN}}",
          "description": "",
          "disabled": false
        }
      ],
      "authentication": {},
      "metaSortKey": -1745931389812,
      "isPrivate": false,
      "pathParameters": [
        {
          "name": "account_id",
          "value": "{{FRAME_IO_ACCOUNT_ID}}"
        },
        {
          "name": "webhook_id",
          "value": ""
        }
      ],
      "settingStoreCookies": true,
      "settingSendCookies": true,
      "settingDisableRenderRequestBody": false,
      "settingEncodeUrl": true,
      "settingRebuildPath": true,
      "settingFollowRedirects": "global",
      "_type": "request"
    },
    {
      "_id": "req_265f552b65f24e28a6658e4176ebbf7e",
      "parentId": "fld_6bdf34f5d5d94f588ab6e4e8d5fc9e19",
      "modified": 1749446629720,
      "created": 1749445697123,
      "url": "{{FRAME_IO_BASE_URL}}/v4/accounts/:account_id/workspaces/:workspace_id/actions",
      "name": "POST - Create Custom Action",
      "description": "",
      "method": "POST",
      "body": {
        "mimeType": "application/json",
        "text": "{\n    \"data\": {\n          \"name\": \"TEST - Frame.io Custom Action V4\",\n          \"description\": \"Frame.io Custom Action to Fusion V4\",\n          \"url\": \"https://make.change.url\",\n          \"event\": \"my.event\"\n    }\n}"
      },
      "parameters": [],
      "headers": [
        {
          "name": "Content-Type",
          "value": "application/json",
          "id": "pair_843f287db38d4f64ae8640d52fd0ad8c"
        },
        {
          "name": "User-Agent",
          "value": "insomnia/10.1.1-adobe",
          "id": "pair_71eb676ae98643c3bd7792deb50e57af"
        },
        {
          "id": "pair_39ec40f1a3324b30b070a8f3300a391f",
          "name": "api-version",
          "value": "alpha",
          "description": "",
          "disabled": false
        },
        {
          "id": "pair_e4ea72c20d844c1aaad5e70b0e5b86fc",
          "name": "Authorization",
          "value": "Bearer {{ACCESS_TOKEN}}",
          "description": "",
          "disabled": false
        }
      ],
      "authentication": {},
      "metaSortKey": -1749445782736,
      "isPrivate": false,
      "pathParameters": [
        {
          "name": "account_id",
          "value": "{{FRAME_IO_ACCOUNT_ID}}"
        },
        {
          "name": "workspace_id",
          "value": "{{FRAME_IO_WORKSPACE_ID}}"
        }
      ],
      "settingStoreCookies": true,
      "settingSendCookies": true,
      "settingDisableRenderRequestBody": false,
      "settingEncodeUrl": true,
      "settingRebuildPath": true,
      "settingFollowRedirects": "global",
      "_type": "request"
    },
    {
      "_id": "fld_6bdf34f5d5d94f588ab6e4e8d5fc9e19",
      "parentId": "fld_76180f0806b64511a6bc8473debc3db4",
      "modified": 1749446011260,
      "created": 1749445165653,
      "name": "Custom Actions",
      "description": "",
      "environment": {},
      "environmentPropertyOrder": null,
      "metaSortKey": -1749445160412.375,
      "_type": "request_group"
    },
    {
      "_id": "req_d69b4cd00072487fbde819f14cf53cc1",
      "parentId": "fld_6bdf34f5d5d94f588ab6e4e8d5fc9e19",
      "modified": 1749445824864,
      "created": 1749445807344,
      "url": "{{FRAME_IO_BASE_URL}}/v4/accounts/:account_id/workspaces/:workspace_id/actions?include=creator",
      "name": "GET - List Custom Actions",
      "description": "",
      "method": "GET",
      "body": {},
      "parameters": [],
      "headers": [
        {
          "name": "User-Agent",
          "value": "insomnia/10.1.1-adobe",
          "id": "pair_71eb676ae98643c3bd7792deb50e57af"
        },
        {
          "id": "pair_39ec40f1a3324b30b070a8f3300a391f",
          "name": "api-version",
          "value": "alpha",
          "description": "",
          "disabled": false
        },
        {
          "id": "pair_e4ea72c20d844c1aaad5e70b0e5b86fc",
          "name": "Authorization",
          "value": "Bearer {{ACCESS_TOKEN}}",
          "description": "",
          "disabled": false
        }
      ],
      "authentication": {},
      "metaSortKey": -1749445591427,
      "isPrivate": false,
      "pathParameters": [
        {
          "name": "account_id",
          "value": "{{FRAME_IO_ACCOUNT_ID}}"
        },
        {
          "name": "workspace_id",
          "value": "{{FRAME_IO_WORKSPACE_ID}}"
        }
      ],
      "settingStoreCookies": true,
      "settingSendCookies": true,
      "settingDisableRenderRequestBody": false,
      "settingEncodeUrl": true,
      "settingRebuildPath": true,
      "settingFollowRedirects": "global",
      "_type": "request"
    },
    {
      "_id": "req_5eb987fd3a5845a7afbdfddc12248626",
      "parentId": "fld_6bdf34f5d5d94f588ab6e4e8d5fc9e19",
      "modified": 1749446648757,
      "created": 1749445845707,
      "url": "{{FRAME_IO_BASE_URL}}/v4/accounts/:account_id/actions/:action_id",
      "name": "GET - Get Custom Action",
      "description": "",
      "method": "GET",
      "body": {},
      "parameters": [],
      "headers": [
        {
          "name": "User-Agent",
          "value": "insomnia/10.1.1-adobe",
          "id": "pair_71eb676ae98643c3bd7792deb50e57af"
        },
        {
          "id": "pair_39ec40f1a3324b30b070a8f3300a391f",
          "name": "api-version",
          "value": "alpha",
          "description": "",
          "disabled": false
        },
        {
          "id": "pair_e4ea72c20d844c1aaad5e70b0e5b86fc",
          "name": "Authorization",
          "value": "Bearer {{ACCESS_TOKEN}}",
          "description": "",
          "disabled": false
        }
      ],
      "authentication": {},
      "metaSortKey": -1749445495772.5,
      "isPrivate": false,
      "pathParameters": [
        {
          "name": "account_id",
          "value": "{{FRAME_IO_ACCOUNT_ID}}"
        },
        {
          "name": "action_id",
          "value": ""
        }
      ],
      "settingStoreCookies": true,
      "settingSendCookies": true,
      "settingDisableRenderRequestBody": false,
      "settingEncodeUrl": true,
      "settingRebuildPath": true,
      "settingFollowRedirects": "global",
      "_type": "request"
    },
    {
      "_id": "req_78d99ee4200b44be9f1edcc5411d0801",
      "parentId": "fld_6bdf34f5d5d94f588ab6e4e8d5fc9e19",
      "modified": 1749446681498,
      "created": 1749445881944,
      "url": "{{FRAME_IO_BASE_URL}}/v4/accounts/:account_id/actions/:action_id",
      "name": "DELETE - Delete Custom Action",
      "description": "",
      "method": "DELETE",
      "body": {},
      "parameters": [],
      "headers": [
        {
          "name": "User-Agent",
          "value": "insomnia/10.1.1-adobe",
          "id": "pair_71eb676ae98643c3bd7792deb50e57af"
        },
        {
          "id": "pair_39ec40f1a3324b30b070a8f3300a391f",
          "name": "api-version",
          "value": "alpha",
          "description": "",
          "disabled": false
        },
        {
          "id": "pair_e4ea72c20d844c1aaad5e70b0e5b86fc",
          "name": "Authorization",
          "value": "Bearer {{ACCESS_TOKEN}}",
          "description": "",
          "disabled": false
        }
      ],
      "authentication": {},
      "metaSortKey": -1749445447945.25,
      "isPrivate": false,
      "pathParameters": [
        {
          "name": "account_id",
          "value": "{{FRAME_IO_ACCOUNT_ID}}"
        },
        {
          "name": "action_id",
          "value": ""
        }
      ],
      "settingStoreCookies": true,
      "settingSendCookies": true,
      "settingDisableRenderRequestBody": false,
      "settingEncodeUrl": true,
      "settingRebuildPath": true,
      "settingFollowRedirects": "global",
      "_type": "request"
    },
    {
      "_id": "req_e1d1303867984d979bd2893d9a83bc10",
      "parentId": "fld_6bdf34f5d5d94f588ab6e4e8d5fc9e19",
      "modified": 1749446672147,
      "created": 1749445921476,
      "url": "{{FRAME_IO_BASE_URL}}/v4/accounts/:account_id/actions/:action_id",
      "name": "PATCH - Update Custom Action",
      "description": "",
      "method": "PATCH",
      "body": {
        "mimeType": "application/json",
        "text": "{\n    \"data\": {\n          \"url\": \"https://delete.change.url\",\n          \"active\": true\n    }\n}"
      },
      "parameters": [],
      "headers": [
        {
          "name": "Content-Type",
          "value": "application/json"
        },
        {
          "name": "User-Agent",
          "value": "insomnia/10.1.1-adobe",
          "id": "pair_71eb676ae98643c3bd7792deb50e57af"
        },
        {
          "id": "pair_39ec40f1a3324b30b070a8f3300a391f",
          "name": "api-version",
          "value": "alpha",
          "description": "",
          "disabled": false
        },
        {
          "id": "pair_e4ea72c20d844c1aaad5e70b0e5b86fc",
          "name": "Authorization",
          "value": "Bearer {{ACCESS_TOKEN}}",
          "description": "",
          "disabled": false
        }
      ],
      "authentication": {},
      "metaSortKey": -1749445424031.625,
      "isPrivate": false,
      "pathParameters": [
        {
          "name": "account_id",
          "value": "{{FRAME_IO_ACCOUNT_ID}}"
        },
        {
          "name": "action_id",
          "value": ""
        }
      ],
      "settingStoreCookies": true,
      "settingSendCookies": true,
      "settingDisableRenderRequestBody": false,
      "settingEncodeUrl": true,
      "settingRebuildPath": true,
      "settingFollowRedirects": "global",
      "_type": "request"
    },
    {
      "_id": "req_3dd4cfeed63d4174954cd91cf31209ad",
      "parentId": "fld_76180f0806b64511a6bc8473debc3db4",
      "modified": 1749446296520,
      "created": 1749445992851,
      "url": "{{FRAME_IO_BASE_URL}}/v4/accounts",
      "name": "GET - List Accounts",
      "description": "",
      "method": "GET",
      "body": {},
      "parameters": [],
      "headers": [
        {
          "name": "User-Agent",
          "value": "insomnia/10.1.1-adobe",
          "id": "pair_71eb676ae98643c3bd7792deb50e57af"
        },
        {
          "id": "pair_39ec40f1a3324b30b070a8f3300a391f",
          "name": "api-version",
          "value": "4.0",
          "description": "",
          "disabled": false
        },
        {
          "id": "pair_e4ea72c20d844c1aaad5e70b0e5b86fc",
          "name": "Authorization",
          "value": "Bearer {{ACCESS_TOKEN}}",
          "description": "",
          "disabled": false
        }
      ],
      "authentication": {},
      "metaSortKey": -1749445160362.375,
      "isPrivate": false,
      "pathParameters": [],
      "settingStoreCookies": true,
      "settingSendCookies": true,
      "settingDisableRenderRequestBody": false,
      "settingEncodeUrl": true,
      "settingRebuildPath": true,
      "settingFollowRedirects": "global",
      "_type": "request"
    },
    {
      "_id": "req_7a5df39deedc46cf8a86753579c37ac6",
      "parentId": "fld_76180f0806b64511a6bc8473debc3db4",
      "modified": 1749446474240,
      "created": 1749446055740,
      "url": "{{FRAME_IO_BASE_URL}}/v4/accounts/:account_id/workspaces?page_size=50",
      "name": "GET - List Workspaces",
      "description": "",
      "method": "GET",
      "body": {},
      "parameters": [],
      "headers": [
        {
          "name": "User-Agent",
          "value": "insomnia/10.1.1-adobe",
          "id": "pair_71eb676ae98643c3bd7792deb50e57af"
        },
        {
          "id": "pair_39ec40f1a3324b30b070a8f3300a391f",
          "name": "api-version",
          "value": "4.0",
          "description": "",
          "disabled": false
        },
        {
          "id": "pair_e4ea72c20d844c1aaad5e70b0e5b86fc",
          "name": "Authorization",
          "value": "Bearer {{ACCESS_TOKEN}}",
          "description": "",
          "disabled": false
        }
      ],
      "authentication": {},
      "metaSortKey": -1748441277324.1875,
      "isPrivate": false,
      "pathParameters": [
        {
          "name": "account_id",
          "value": "{{FRAME_IO_ACCOUNT_ID}}"
        }
      ],
      "settingStoreCookies": true,
      "settingSendCookies": true,
      "settingDisableRenderRequestBody": false,
      "settingEncodeUrl": true,
      "settingRebuildPath": true,
      "settingFollowRedirects": "global",
      "_type": "request"
    },
    {
      "_id": "req_abadbe418210414eb2e8e9de348da3cf",
      "parentId": "fld_abed510b2b4e4588a0253080f311c9c0",
      "modified": 1737674164099,
      "created": 1737672798288,
      "url": "https://hook.fusion.adobe.com/u89obkcfriuztshmqnc1qovcz25m31ge",
      "name": "POST - Send Request to Workfront Fusion Webhook Copy",
      "description": "",
      "method": "POST",
      "body": {
        "mimeType": "application/json",
        "text": "{\n    \"psdTemplate\": \"tech-insiders-welcome.psd\",\n    \"xlsFile\": \"placeholder\",\n    \"animal\": \"gorilla\",\n    \"firstName\": \"Wouter\",\n    \"email\": \"vangeluw@adobe.com\"\n}"
      },
      "parameters": [],
      "headers": [
        {
          "name": "Content-Type",
          "value": "application/json"
        }
      ],
      "authentication": {},
      "preRequestScript": "",
      "metaSortKey": -1737672795556,
      "isPrivate": false,
      "afterResponseScript": "",
      "settingStoreCookies": true,
      "settingSendCookies": true,
      "settingDisableRenderRequestBody": false,
      "settingEncodeUrl": true,
      "settingRebuildPath": true,
      "settingFollowRedirects": "global",
      "_type": "request"
    },
    {
      "_id": "fld_abed510b2b4e4588a0253080f311c9c0",
      "parentId": "fld_d83ce4d396b0464493676c4cf73786b8",
      "modified": 1737672798288,
      "created": 1737672798288,
      "name": "Workfront Fusion - Banners at scale",
      "description": "",
      "environment": {},
      "environmentPropertyOrder": null,
      "metaSortKey": -1737672795557,
      "preRequestScript": "",
      "afterResponseScript": "",
      "authentication": {},
      "_type": "request_group"
    },
    {
      "_id": "req_84f6a627ab3143be8477f630679c68e4",
      "parentId": "fld_abed510b2b4e4588a0253080f311c9c0",
      "modified": 1737962904936,
      "created": 1737672798288,
      "url": "https://firefly-api.adobe.io/v3/images/generate",
      "name": "1. Firefly - T2I V3 Animal",
      "description": "",
      "method": "POST",
      "body": {
        "mimeType": "application/json",
        "text": "{\r\n  \"numVariations\": 1,\r\n  \"size\": {\r\n    \"width\": 2048,\r\n    \"height\": 2048\r\n  },\r\n  \"prompt\": \"Modern day gorilla in the wild\",\r\n  \"promptBiasingLocaleCode\": \"en-US\"\r\n}"
      },
      "parameters": [],
      "headers": [
        {
          "name": "Content-Type",
          "value": "application/json",
          "id": "pair_a3fae28253934435b7d2b27089a12c1e"
        },
        {
          "name": "x-api-key",
          "value": "{{API_KEY}}",
          "id": "pair_7ec1ed56821c44c9b8701c7867cf14ca"
        },
        {
          "name": "Authorization",
          "value": "Bearer {{ACCESS_TOKEN}}",
          "id": "pair_0148341affe34f60a93c804bb952dd13"
        }
      ],
      "authentication": {},
      "preRequestScript": "",
      "metaSortKey": -1737672795555,
      "isPrivate": false,
      "afterResponseScript": "var json = insomnia.response.json();\n//console.log(json.outputs[0].image.url);\ninsomnia.environment.set(\"FIREFLY_COMPLETED_ASSET_URL_ANIMAL\", json.outputs[0].image.url);\ninsomnia.environment.set(\"FIREFLY_COMPLETED_ASSET_URL_ANIMAL_PB\", json.outputs[0].image.url);\n//var url = insomnia.environment.get(\"FIREFLY_COMPLETED_ASSET_URL_ANIMAL\");\n//console.log(\"URL: \" + url);",
      "settingStoreCookies": true,
      "settingSendCookies": true,
      "settingDisableRenderRequestBody": false,
      "settingEncodeUrl": true,
      "settingRebuildPath": true,
      "settingFollowRedirects": "global",
      "_type": "request"
    },
    {
      "_id": "req_138e267b1cbb47f68cf762d53d22cd70",
      "parentId": "fld_abed510b2b4e4588a0253080f311c9c0",
      "modified": 1737962926460,
      "created": 1737672798289,
      "url": "https://image.adobe.io/sensei/cutout",
      "name": "2. Photoshop - Remove BG",
      "description": "",
      "method": "POST",
      "body": {
        "mimeType": "application/json",
        "text": "{\n  \"input\": {\n    \"href\": \"{{FIREFLY_COMPLETED_ASSET_URL_ANIMAL_PB}}\",\n    \"storage\": \"external\"\n  },\n  \"options\": {\n    \"optimize\": \"performance\",\n    \"process\": {\n      \"postprocess\": true\n    },\n    \"service\": {\n      \"version\": \"4.0\"\n    }\n  },\n  \"output\": {\n    \"href\": \"{{AZURE_STORAGE_URL}}/{{AZURE_STORAGE_CONTAINER}}/animal.png{{AZURE_STORAGE_SAS_WRITE}}\",\n    \"storage\": \"azure\",\n    \"overwrite\": true,\n    \"color\": {\n      \"space\": \"rgb\"\n    },\n    \"mask\": {\n      \"format\": \"soft\"\n    }\n  }\n}"
      },
      "parameters": [
        {
          "id": "pair_99ef8dfaae80425a8c7e3612cc30b6b1",
          "name": "",
          "value": "",
          "description": "",
          "disabled": false
        },
        {
          "id": "pair_e9dda51e5e4441d5b878ae70564dc91c",
          "name": "",
          "value": "",
          "description": "",
          "disabled": false
        }
      ],
      "headers": [
        {
          "name": "Content-Type",
          "value": "application/json",
          "id": "pair_f55336f8b22f40c6bfa62371c96626fb"
        },
        {
          "name": "x-api-key",
          "value": "{{API_KEY}}",
          "id": "pair_7633d97b3c174a4482d6ed257cfc7e68"
        },
        {
          "name": "Authorization",
          "value": "Bearer {{ACCESS_TOKEN}}",
          "id": "pair_446ef5452fc640a9a99d763cbc7f0c46"
        }
      ],
      "authentication": {},
      "preRequestScript": "",
      "metaSortKey": -1737672795554,
      "isPrivate": false,
      "afterResponseScript": "var json = insomnia.response.json();\n\ninsomnia.environment.set(\"PHOTOSHOP_STATUS_URL_REMOVE_BG_PB\", json._links.self.href);\n",
      "settingStoreCookies": true,
      "settingSendCookies": true,
      "settingDisableRenderRequestBody": false,
      "settingEncodeUrl": true,
      "settingRebuildPath": true,
      "settingFollowRedirects": "global",
      "_type": "request"
    },
    {
      "_id": "req_f5e8e918604843629895e35d5b8a1229",
      "parentId": "fld_abed510b2b4e4588a0253080f311c9c0",
      "modified": 1737963040802,
      "created": 1737672798289,
      "url": "{{PHOTOSHOP_STATUS_URL_REMOVE_BG_PB}}",
      "name": "3. Photoshop -  Get PS Status Remove BG",
      "description": "",
      "method": "GET",
      "body": {},
      "parameters": [],
      "headers": [
        {
          "name": "x-api-key",
          "value": "{{API_KEY}}"
        },
        {
          "name": "Authorization",
          "value": "Bearer {{ACCESS_TOKEN}}"
        }
      ],
      "authentication": {},
      "preRequestScript": "",
      "metaSortKey": -1737672795553,
      "isPrivate": false,
      "pathParameters": [],
      "afterResponseScript": "var json = insomnia.response.json();\n\nif(json.status == \"succeeded\" || json.outputs[0].status == \"succeeded\"){\n    //Only set if the response contains an output\n    if(json.output && json.output.href){\n        insomnia.collectionVariables.set(\"PHOTOSHOP_COMPLETED_ASSET_URL_NO_BG_PB\", json.output.href);\n    }\n    insomnia.collectionVariables.set(\"PHOTOSHOP_RESPONSE_JSON_PB\", JSON.stringify(json)); \n}\n\n",
      "settingStoreCookies": true,
      "settingSendCookies": true,
      "settingDisableRenderRequestBody": false,
      "settingEncodeUrl": true,
      "settingRebuildPath": true,
      "settingFollowRedirects": "global",
      "_type": "request"
    },
    {
      "_id": "req_091edb83d27a42c78c8fb3d6cb104138",
      "parentId": "fld_abed510b2b4e4588a0253080f311c9c0",
      "modified": 1737962948229,
      "created": 1737672798289,
      "url": "https://image.adobe.io/pie/psdService/smartObject",
      "name": "4. Photoshop - Smart Replace",
      "description": "",
      "method": "POST",
      "body": {
        "mimeType": "application/json",
        "text": "{\n    \"inputs\": [\n        {\n            \"storage\": \"external\",\n            \"href\": \"{{_['AZURE_STORAGE_URL']}}/{{_['AZURE_STORAGE_CONTAINER']}}/tech-insiders-welcome.psd{{_['AZURE_STORAGE_SAS_READ']}}\"\n        }\n    ],\n    \"options\": {\n        \"layers\": [\n            {\n                \"name\": \"2048x2048-image\",\n                \"input\": {\n                    \"href\": \"{{_['PHOTOSHOP_COMPLETED_ASSET_URL_NO_BG_PB']}}\",\n                    \"storage\": \"external\"\n                }\n            }\n        ]\n    },\n    \"outputs\": [\n        {\n            \"storage\": \"azure\",\n            \"href\": \"{{_['AZURE_STORAGE_URL']}}/{{_['AZURE_STORAGE_CONTAINER']}}/tech-insiders-welcome-changedimages.psd{{_['AZURE_STORAGE_SAS_WRITE']}}\",\n            \"type\": \"vnd.adobe.photoshop\",\n            \"overwrite\": true\n        }\n    ]\n}"
      },
      "parameters": [],
      "headers": [
        {
          "name": "x-api-key",
          "value": "{{API_KEY}}"
        },
        {
          "name": "Content-Type",
          "value": "application/json"
        },
        {
          "name": "Authorization",
          "value": "Bearer {{ACCESS_TOKEN}}"
        }
      ],
      "authentication": {},
      "preRequestScript": "",
      "metaSortKey": -1737672795552,
      "isPrivate": false,
      "afterResponseScript": "var json = insomnia.response.json();\n\ninsomnia.collectionVariables.set(\"PHOTOSHOP_STATUS_URL\", json._links.self.href);\n",
      "settingStoreCookies": true,
      "settingSendCookies": true,
      "settingDisableRenderRequestBody": false,
      "settingEncodeUrl": true,
      "settingRebuildPath": true,
      "settingFollowRedirects": "global",
      "_type": "request"
    },
    {
      "_id": "req_976b495b6ae7477ba3e1d2d3c1788a98",
      "parentId": "fld_abed510b2b4e4588a0253080f311c9c0",
      "modified": 1737963128075,
      "created": 1737672798289,
      "url": "{{PHOTOSHOP_STATUS_URL_PB}}",
      "name": "5. Photoshop -  Get PS Status",
      "description": "",
      "method": "GET",
      "body": {},
      "parameters": [],
      "headers": [
        {
          "name": "x-api-key",
          "value": "{{API_KEY}}"
        },
        {
          "name": "Authorization",
          "value": "Bearer {{ACCESS_TOKEN}}"
        }
      ],
      "authentication": {},
      "preRequestScript": "",
      "metaSortKey": -1737672795551,
      "isPrivate": false,
      "pathParameters": [],
      "afterResponseScript": "var json = insomnia.response.json();\n\nif(json.status == \"succeeded\" || json.outputs[0].status == \"succeeded\"){\n    //Only set if the response contains an output\n    if(json.outputs){\n        insomnia.collectionVariables.set(\"PHOTOSHOP_COMPLETED_ASSET_URL_PSD_PB\", json.outputs[0]._links.renditions[0].href);\n    }\n}\n\n",
      "settingStoreCookies": true,
      "settingSendCookies": true,
      "settingDisableRenderRequestBody": false,
      "settingEncodeUrl": true,
      "settingRebuildPath": true,
      "settingFollowRedirects": "global",
      "_type": "request"
    },
    {
      "_id": "req_eb3370f88f2e461ba6c1d241b77113a2",
      "parentId": "fld_abed510b2b4e4588a0253080f311c9c0",
      "modified": 1737963079877,
      "created": 1737672798289,
      "url": "https://image.adobe.io/pie/psdService/text",
      "name": "6. Photoshop - Change Text",
      "description": "",
      "method": "POST",
      "body": {
        "mimeType": "application/json",
        "text": "{\n  \"inputs\": [\n    {\n      \"storage\": \"external\",\n      \"href\": \"{{PHOTOSHOP_COMPLETED_ASSET_URL_PSD_PB}}\"\n    }\n  ],\n  \"options\": {\n    \"layers\": [\n      {\n        \"name\": \"2048x2048-cta\",\n        \"text\": {\n          \"content\": \"Thanks for signing up!\"\n        }\n      }\n    ]\n  },\n  \"outputs\": [\n    {\n      \"storage\": \"azure\",\n      \"href\": \"{{_['AZURE_STORAGE_URL']}}/{{_['AZURE_STORAGE_CONTAINER']}}/tech-insiders-welcome-changedimages-text.psd{{_['AZURE_STORAGE_SAS_WRITE']}}\",\n      \"type\": \"vnd.adobe.photoshop\",\n      \"overwrite\": true\n    }\n  ]\n}"
      },
      "parameters": [],
      "headers": [
        {
          "name": "x-api-key",
          "value": "{{API_KEY}}"
        },
        {
          "name": "Content-Type",
          "value": "application/json"
        },
        {
          "name": "Authorization",
          "value": "Bearer {{ACCESS_TOKEN}}"
        }
      ],
      "authentication": {},
      "preRequestScript": "",
      "metaSortKey": -1737672795550,
      "isPrivate": false,
      "afterResponseScript": "var json = insomnia.response.json();\n\ninsomnia.collectionVariables.set(\"PHOTOSHOP_STATUS_URL_TEXT_PB\", json._links.self.href);\n",
      "settingStoreCookies": true,
      "settingSendCookies": true,
      "settingDisableRenderRequestBody": false,
      "settingEncodeUrl": true,
      "settingRebuildPath": true,
      "settingFollowRedirects": "global",
      "_type": "request"
    },
    {
      "_id": "req_6587ad2d22ce4d24b608352f221fed8c",
      "parentId": "fld_abed510b2b4e4588a0253080f311c9c0",
      "modified": 1737962973193,
      "created": 1737672798290,
      "url": "{{PHOTOSHOP_STATUS_URL_TEXT_PB}}",
      "name": "7. Photoshop -  Get PS Status Text",
      "description": "",
      "method": "GET",
      "body": {},
      "parameters": [],
      "headers": [
        {
          "name": "x-api-key",
          "value": "{{API_KEY}}"
        },
        {
          "name": "Authorization",
          "value": "Bearer {{ACCESS_TOKEN}}"
        }
      ],
      "authentication": {},
      "preRequestScript": "",
      "metaSortKey": -1737672795549,
      "isPrivate": false,
      "pathParameters": [],
      "afterResponseScript": "var json = insomnia.response.json();\n\nif(json.status == \"succeeded\" || json.outputs[0].status == \"succeeded\"){\n    //Only set if the response contains an output\n    if(json.outputs){\n        insomnia.collectionVariables.set(\"PHOTOSHOP_COMPLETED_ASSET_URL_IMG_TXT_PSD_PB\", json.outputs[0]._links.renditions[0].href);\n    }\n}\n\n",
      "settingStoreCookies": true,
      "settingSendCookies": true,
      "settingDisableRenderRequestBody": false,
      "settingEncodeUrl": true,
      "settingRebuildPath": true,
      "settingFollowRedirects": "global",
      "_type": "request"
    },
    {
      "_id": "req_1cd7496bd3cc456f8e18d6c20a641879",
      "parentId": "fld_abed510b2b4e4588a0253080f311c9c0",
      "modified": 1737963187293,
      "created": 1737672798290,
      "url": "https://image.adobe.io/pie/psdService/renditionCreate",
      "name": "6. Photoshop - Create Renditions",
      "description": "",
      "method": "POST",
      "body": {
        "mimeType": "application/json",
        "text": "{\n  \"inputs\": [\n    {\n      \"storage\": \"azure\",\n      \"href\": \"{{_['PHOTOSHOP_COMPLETED_ASSET_URL_IMG_TXT_PSD_PB']}}\"\n    }\n  ],\n  \"outputs\": [\n    {\n      \"href\": \"{{_['AZURE_STORAGE_URL']}}/{{_['AZURE_STORAGE_CONTAINER']}}/tech-insiders-welcome-finalimage.png{{_['AZURE_STORAGE_SAS_WRITE']}}\",\n      \"storage\": \"azure\",\n      \"type\": \"image/png\"\n    }\n  ]\n}"
      },
      "parameters": [],
      "headers": [
        {
          "name": "Content-Type",
          "value": "application/json"
        },
        {
          "name": "x-api-key",
          "value": "{{API_KEY}}"
        },
        {
          "name": "Authorization",
          "value": "Bearer {{ACCESS_TOKEN}}"
        }
      ],
      "authentication": {},
      "preRequestScript": "",
      "metaSortKey": -1737672795548,
      "isPrivate": false,
      "afterResponseScript": "var json = insomnia.response.json();\n\ninsomnia.collectionVariables.set(\"PHOTOSHOP_STATUS_URL_PNG_PB\", json._links.self.href);\n",
      "settingStoreCookies": true,
      "settingSendCookies": true,
      "settingDisableRenderRequestBody": false,
      "settingEncodeUrl": true,
      "settingRebuildPath": true,
      "settingFollowRedirects": "global",
      "_type": "request"
    },
    {
      "_id": "req_0c5fc76c69d648e298420816ef5f813f",
      "parentId": "fld_abed510b2b4e4588a0253080f311c9c0",
      "modified": 1737963000212,
      "created": 1737672798290,
      "url": "{{PHOTOSHOP_STATUS_URL_PNG_PB}}",
      "name": "7. Photoshop -  Get PS Status PNG",
      "description": "",
      "method": "GET",
      "body": {},
      "parameters": [],
      "headers": [
        {
          "name": "x-api-key",
          "value": "{{API_KEY}}"
        },
        {
          "name": "Authorization",
          "value": "Bearer {{ACCESS_TOKEN}}"
        }
      ],
      "authentication": {},
      "preRequestScript": "",
      "metaSortKey": -1737672795547,
      "isPrivate": false,
      "pathParameters": [],
      "afterResponseScript": "var json = insomnia.response.json();\n\nif(json.status == \"succeeded\" || json.outputs[0].status == \"succeeded\"){\n    //Only set if the response contains an output\n    if(json.outputs){\n        insomnia.collectionVariables.set(\"PHOTOSHOP_COMPLETED_ASSET_URL_PNG_PB\", json.outputs[0]._links.renditions[0].href);\n    }\n}\n\n",
      "settingStoreCookies": true,
      "settingSendCookies": true,
      "settingDisableRenderRequestBody": false,
      "settingEncodeUrl": true,
      "settingRebuildPath": true,
      "settingFollowRedirects": "global",
      "_type": "request"
    },
    {
      "_id": "req_3933616fb4dd4d37a7225f3f96006c70",
      "parentId": "fld_abed510b2b4e4588a0253080f311c9c0",
      "modified": 1737963239034,
      "created": 1737672798290,
      "url": "{{PHOTOSHOP_COMPLETED_ASSET_URL_PNG_PB}}",
      "name": "8. Get Image",
      "description": "",
      "method": "GET",
      "body": {},
      "parameters": [],
      "headers": [],
      "authentication": {},
      "preRequestScript": "",
      "metaSortKey": -1737672795546,
      "isPrivate": false,
      "pathParameters": [],
      "afterResponseScript": "",
      "settingStoreCookies": true,
      "settingSendCookies": true,
      "settingDisableRenderRequestBody": false,
      "settingEncodeUrl": true,
      "settingRebuildPath": true,
      "settingFollowRedirects": "global",
      "_type": "request"
    },
    {
      "_id": "req_875c7cfa611641fcb0e4943eef700f64",
      "parentId": "fld_abed510b2b4e4588a0253080f311c9c0",
      "modified": 1737963268467,
      "created": 1737672798290,
      "url": "https://dcs.adobedc.net/collection/63751d0f299eeb7aa48a2f22acb284ed64de575f8640986d8e5a935741be9067",
      "name": "9. Send Experience Event to AJO",
      "description": "",
      "method": "POST",
      "body": {
        "mimeType": "application/json",
        "text": "{\n\t\"header\": {\n\t\t\"datasetId\": \"672a10d47728e82aefa1ee0a\",\n\t\t\"imsOrgId\": \"907075E95BF479EC0A495C73@AdobeOrg\",\n\t\t\"schemaRef\": {\n\t\t\t\"id\": \"https://ns.adobe.com/experienceplatform/schemas/de41e11b65250f24f851a4b35e229f85750b71cba8cdb7fb\",\n\t\t\t\"contentType\": \"application/vnd.adobe.xed-full+json;version=1\"\n\t\t},\n\t\t\"source\": {\n\t\t\t\"name\": \"Journeys\"\n\t\t},\n\t\t\"strictValidation\": true\n\t},\n\t\"body\": {\n\t\t\"xdmMeta\": {\n\t\t\t\"schemaRef\": {\n\t\t\t\t\"id\": \"https://ns.adobe.com/experienceplatform/schemas/de41e11b65250f24f851a4b35e229f85750b71cba8cdb7fb\",\n\t\t\t\t\"contentType\": \"application/vnd.adobe.xed-full+json;version=1\"\n\t\t\t}\n\t\t},\n\t\t\"xdmEntity\": {\n\t\t\t\"_experienceplatform\": {\n\t\t\t\t\"interactionDetails\": {\n\t\t\t\t\t\"wffff\": {\n\t\t\t\t\t\t\"ffImage\": \"{{PHOTOSHOP_COMPLETED_ASSET_URL_PNG_PB}}\",\n\t\t\t\t\t\t\"ffemail\": \"woutervangeluwe@gmail.com\",\n\t\t\t\t\t\t\"fffirstName\": \"Wouter\"\n\t\t\t\t\t}\n\t\t\t\t},\n\t\t\t\t\"identification\": {\n\t\t\t\t\t\"core\": {\n\t\t\t\t\t\t\"crmId\": \"wouter-4567876567767376373\"\n\t\t\t\t\t}\n\t\t\t\t}\n\t\t\t},\n\t\t\t\"_id\": \"453563672872290202202\",\n\t\t\t\"_experience\": {\n\t\t\t\t\"campaign\": {\n\t\t\t\t\t\"orchestration\": {\n\t\t\t\t\t\t\"eventID\": \"5daf90a3cd620a4d71fddf3e9a7fb5f14d076033f60a40bf226d870d8a504f9d\"\n\t\t\t\t\t}\n\t\t\t\t}\n\t\t\t},\n\t\t\t\"timestamp\": \"2025-01-15T09:00:00.000Z\"\n\t\t}\n\t}\n}"
      },
      "parameters": [
        {
          "name": "syncValidation",
          "value": "false",
          "disabled": false
        }
      ],
      "headers": [
        {
          "name": "Content-Type",
          "value": "application/json"
        }
      ],
      "authentication": {},
      "preRequestScript": "",
      "metaSortKey": -1737672795545,
      "isPrivate": false,
      "afterResponseScript": "",
      "settingStoreCookies": true,
      "settingSendCookies": true,
      "settingDisableRenderRequestBody": false,
      "settingEncodeUrl": true,
      "settingRebuildPath": true,
      "settingFollowRedirects": "global",
      "_type": "request"
    },
    {
      "_id": "req_69eb57a1950145eeafe1a4647c0dd460",
      "parentId": "fld_c1f54e66e4a143ae806d7f52760be75e",
      "modified": 1749194959100,
      "created": 1737672798291,
      "url": "https://hook.fusion.adobe.com/1msur4gln63vfr67131tti8qgkp9kkyd",
      "name": "POST - Send Request to Workfront Fusion Webhook",
      "description": "",
      "method": "POST",
      "body": {
        "mimeType": "application/json",
        "text": "{\n    \"psdTemplate\": \"citisignal-fiber.psd\",\n    \"xlsFile\": \"placeholder\"\n}"
      },
      "parameters": [],
      "headers": [
        {
          "name": "Content-Type",
          "value": "application/json"
        }
      ],
      "authentication": {},
      "preRequestScript": "",
      "metaSortKey": -1737672795543,
      "isPrivate": false,
      "pathParameters": [],
      "afterResponseScript": "",
      "settingStoreCookies": true,
      "settingSendCookies": true,
      "settingDisableRenderRequestBody": false,
      "settingEncodeUrl": true,
      "settingRebuildPath": true,
      "settingFollowRedirects": "global",
      "_type": "request"
    },
    {
      "_id": "fld_c1f54e66e4a143ae806d7f52760be75e",
      "parentId": "fld_d83ce4d396b0464493676c4cf73786b8",
      "modified": 1749194947976,
      "created": 1737672798291,
      "name": "vangeluw - Workfront Fusion",
      "description": "",
      "environment": {},
      "environmentPropertyOrder": null,
      "metaSortKey": -1737672795544,
      "preRequestScript": "",
      "afterResponseScript": "",
      "authentication": {},
      "_type": "request_group"
    },
    {
      "_id": "req_28ea19a4a1e1441896fb4464bf117977",
      "parentId": "fld_6362243bc5f64ac0ad0585c0729e164e",
      "modified": 1746017537055,
      "created": 1737672798291,
      "url": "https://firefly-api.adobe.io/v3/custom-models",
      "name": "1. FF - getCustomModels",
      "description": "",
      "method": "GET",
      "body": {
        "mimeType": "application/json",
        "text": ""
      },
      "parameters": [],
      "headers": [
        {
          "name": "Content-Type",
          "value": "application/json"
        },
        {
          "name": "x-api-key",
          "value": "{{API_KEY}}"
        },
        {
          "name": "Authorization",
          "value": "Bearer {{ACCESS_TOKEN}}"
        }
      ],
      "authentication": {},
      "preRequestScript": "var prompt = \"Horses in a field\"\n\n\ninsomnia.variables.set(\"FIREFLY_IMAGE_PROMPT\", prompt)",
      "metaSortKey": -1737672795541,
      "isPrivate": false,
      "afterResponseScript": "var json = insomnia.response.json()\n\nif(json.custom_models){\n    insomnia.collectionVariables.set(\"FIREFLY_CUSTOM_MODEL_ASSET_URL_PB\", json.custom_models[0].assetId);\n}",
      "settingStoreCookies": true,
      "settingSendCookies": true,
      "settingDisableRenderRequestBody": false,
      "settingEncodeUrl": true,
      "settingRebuildPath": true,
      "settingFollowRedirects": "global",
      "_type": "request"
    },
    {
      "_id": "fld_6362243bc5f64ac0ad0585c0729e164e",
      "parentId": "fld_d83ce4d396b0464493676c4cf73786b8",
      "modified": 1737672798291,
      "created": 1737672798291,
      "name": "FF. -Custom Models API",
      "description": "",
      "environment": {},
      "environmentPropertyOrder": null,
      "metaSortKey": -1737672795542,
      "preRequestScript": "",
      "afterResponseScript": "",
      "authentication": {},
      "_type": "request_group"
    },
    {
      "_id": "req_013675a97d8b465e866abc1974c4d304",
      "parentId": "fld_6362243bc5f64ac0ad0585c0729e164e",
      "modified": 1748013213476,
      "created": 1737672798292,
      "url": "https://firefly-api.adobe.io/v3/images/generate-async",
      "name": "2. Generate Images Async",
      "description": "",
      "method": "POST",
      "body": {
        "mimeType": "application/json",
        "text": "{\n    \"numVariations\": 1,\n    \n    \"size\": {\n        \"width\": 2048,\n        \"height\": 2048\n    },\n    \"prompt\": \"a white CitiSignal router on a colourful background\",\n    \"negativePrompt\": \"red\",\n    \"contentClass\": \"photo\",\n    \"visualIntensity\": 6,\n    \"promptBiasingLocaleCode\": \"en-US\",\n    \"customModelId\": \"{{_['FIREFLY_CUSTOM_MODEL_ASSET_URL_PB']}}\"\n}"
      },
      "parameters": [],
      "headers": [
        {
          "name": "Content-Type",
          "value": "application/json"
        },
        {
          "name": "User-Agent",
          "value": "insomnia/8.2.0"
        },
        {
          "name": "Accept",
          "value": "application/json"
        },
        {
          "name": "x-accept-mimetype",
          "value": "image/jpeg"
        },
        {
          "name": "x-model-version",
          "value": "image3_custom"
        },
        {
          "name": "x-api-key",
          "value": "{{API_KEY}}"
        },
        {
          "name": "Authorization",
          "value": "Bearer {{ACCESS_TOKEN}}"
        }
      ],
      "authentication": {},
      "preRequestScript": "",
      "metaSortKey": -1737672795540,
      "isPrivate": false,
      "afterResponseScript": "var jsonData = insomnia.response.json();\ninsomnia.collectionVariables.set(\"CUSTOM_MODEL_JOBID_PB\", jsonData.jobId);\ninsomnia.collectionVariables.set(\"CUSTOM_MODEL_STATUS_URL_PB\", jsonData.statusUrl);",
      "settingStoreCookies": true,
      "settingSendCookies": true,
      "settingDisableRenderRequestBody": false,
      "settingEncodeUrl": true,
      "settingRebuildPath": true,
      "settingFollowRedirects": "global",
      "_type": "request"
    },
    {
      "_id": "req_6ec239a0c3fa4b9093fe00bcccf06a3d",
      "parentId": "fld_6362243bc5f64ac0ad0585c0729e164e",
      "modified": 1737963379615,
      "created": 1737672798292,
      "url": "https://firefly-api.adobe.io/v3/status/{{_['CUSTOM_MODEL_JOBID_PB']}}",
      "name": "3. Get CM Status",
      "description": "",
      "method": "GET",
      "body": {},
      "parameters": [],
      "headers": [
        {
          "name": "x-api-key",
          "value": "{{API_KEY}}"
        },
        {
          "name": "Authorization",
          "value": "Bearer {{ACCESS_TOKEN}}"
        }
      ],
      "authentication": {
        "type": "bearer",
        "disabled": false,
        "token": "{{ACCESS_TOKEN}}",
        "prefix": ""
      },
      "preRequestScript": "",
      "metaSortKey": -1737672795539,
      "isPrivate": false,
      "pathParameters": [],
      "afterResponseScript": "",
      "settingStoreCookies": true,
      "settingSendCookies": true,
      "settingDisableRenderRequestBody": false,
      "settingEncodeUrl": true,
      "settingRebuildPath": true,
      "settingFollowRedirects": "global",
      "_type": "request"
    },
    {
      "_id": "req_7970a66cb3dc411ca5cf3ff9398a3c8d",
      "parentId": "fld_6362243bc5f64ac0ad0585c0729e164e",
      "modified": 1737963386688,
      "created": 1737672798292,
      "url": "https://firefly-api.adobe.io/v3/status/{{_['CUSTOM_MODEL_JOBID_PB']}}",
      "name": "4. Cancel CM Job",
      "description": "",
      "method": "GET",
      "body": {},
      "parameters": [],
      "headers": [
        {
          "name": "x-api-key",
          "value": "{{API_KEY}}"
        },
        {
          "name": "Authorization",
          "value": "Bearer {{ACCESS_TOKEN}}"
        }
      ],
      "authentication": {
        "type": "bearer",
        "disabled": false,
        "token": "{{ACCESS_TOKEN}}",
        "prefix": ""
      },
      "preRequestScript": "",
      "metaSortKey": -1737672795538,
      "isPrivate": false,
      "pathParameters": [],
      "afterResponseScript": "",
      "settingStoreCookies": true,
      "settingSendCookies": true,
      "settingDisableRenderRequestBody": false,
      "settingEncodeUrl": true,
      "settingRebuildPath": true,
      "settingFollowRedirects": "global",
      "_type": "request"
    },
    {
      "_id": "env_e74554ca63cd4a8aa344f9ce06591eb0",
      "parentId": "wrk_560921b40f304c65824d97ae2e941ec9",
      "modified": 1749446744739,
      "created": 1737672800398,
      "name": "Base Environment",
      "data": {
        "CLIENT_SECRET": "",
        "API_KEY": "",
        "ACCESS_TOKEN": "",
        "SCOPES": [
          "openid",
          "AdobeID",
          "read_organizations",
          "additional_info.projectedProductContext",
          "session",
          "ff_apis",
          "firefly_api",
          "frame.s2s.all"
        ],
        "TECHNICAL_ACCOUNT_ID": "",
        "IMS": "ims-na1.adobelogin.com",
        "IMS_ORG": "",
        "access_token": "",
        "IMS_TOKEN": "",
        "AZURE_STORAGE_URL": "",
        "AZURE_STORAGE_CONTAINER": "",
        "AZURE_STORAGE_SAS_READ": "",
        "AZURE_STORAGE_SAS_WRITE": "",
        "FRAME_IO_BASE_URL": "https://api.frame.io",
        "FRAME_IO_ACCOUNT_ID": "",
        "FRAME_IO_WORKSPACE_ID": ""
      },
      "dataPropertyOrder": {
        "&": [
          "CLIENT_SECRET",
          "API_KEY",
          "ACCESS_TOKEN",
          "SCOPES",
          "TECHNICAL_ACCOUNT_ID",
          "IMS",
          "IMS_ORG",
          "access_token",
          "IMS_TOKEN",
          "AZURE_STORAGE_URL",
          "AZURE_STORAGE_CONTAINER",
          "AZURE_STORAGE_SAS_READ",
          "AZURE_STORAGE_SAS_WRITE",
          "FRAME_IO_BASE_URL",
          "FRAME_IO_ACCOUNT_ID",
          "FRAME_IO_WORKSPACE_ID"
        ]
      },
      "color": null,
      "isPrivate": false,
      "metaSortKey": 1737672800398,
      "_type": "environment"
    },
    {
      "_id": "jar_b540e1ce3f4e418d8d6395a0ea5571f0",
      "parentId": "wrk_560921b40f304c65824d97ae2e941ec9",
      "modified": 1749446437165,
      "created": 1737672800438,
      "name": "Default Jar",
      "cookies": [
        {
          "key": "relay",
          "value": "48423d7a-699b-407e-8e3e-82be7a5bd39a",
          "domain": "ims-na1.adobelogin.com",
          "path": "/",
          "secure": true,
          "hostOnly": true,
          "creation": "2025-01-23T23:07:34.885Z",
          "lastAccessed": "2025-06-09T05:20:37.145Z",
          "sameSite": "none",
          "id": "2f14f2cb-ad23-4028-8f01-98e1f7d0c9c2"
        },
        {
          "key": "ftrset",
          "value": "227",
          "domain": "ims-na1.adobelogin.com",
          "path": "/",
          "secure": true,
          "httpOnly": true,
          "hostOnly": true,
          "creation": "2025-01-23T23:07:34.885Z",
          "lastAccessed": "2025-06-09T05:20:37.146Z",
          "sameSite": "none",
          "id": "5fdc912c-9138-46fb-b252-68b0b0ef3c56"
        },
        {
          "id": "6fb1525d-6d66-475a-aac8-65f964803d5f",
          "key": "relay",
          "value": "48423d7a-699b-407e-8e3e-82be7a5bd39a",
          "expires": "Infinity",
          "domain": "ims-na1.adobelogin.com",
          "path": "/",
          "secure": true,
          "httpOnly": false,
          "extensions": [],
          "creation": "2025-01-23T23:07:34.885Z",
          "hostOnly": true,
          "lastAccessed": "2025-01-23T23:07:34.885Z"
        },
        {
          "id": "f88199e6-71f4-4eaa-a36e-6f36d4b4a2f1",
          "key": "ftrset",
          "value": "227",
          "expires": "Infinity",
          "domain": "ims-na1.adobelogin.com",
          "path": "/",
          "secure": true,
          "httpOnly": true,
          "extensions": [],
          "creation": "2025-01-23T23:07:34.885Z",
          "hostOnly": true,
          "lastAccessed": "2025-01-23T23:07:34.885Z"
        }
      ],
      "_type": "cookie_jar"
    }
  ]
}