{"_type":"export","__export_format":4,"__export_date":"2025-05-15T11:58:00.830Z","__export_source":"insomnia.desktop.app:v10.1.1-adobe","resources":[{"_id":"req_3f0022ff6b08450791815be8092e99d9","parentId":"fld_1c1da224b1784154974f8cc8641c54d6","modified":1737974473908,"created":1737673626982,"url":"https://ims-na1.adobelogin.com/ims/token/v2","name":"POST - Get Access Token","description":"","method":"POST","body":{},"parameters":[{"name":"grant_type","value":"client_credentials","disabled":false,"id":"pair_1205f01d2a0a4225999533df752253a7"},{"name":"client_id","value":"{{API_KEY}}","disabled":false,"id":"pair_9c9dfff401f8455b8f2e4f6b6ab26e2a"},{"name":"client_secret","value":"{{CLIENT_SECRET}}","disabled":false,"id":"pair_a065ed28de1046f3b67be623c94e11e4"},{"name":"scope","value":"{{SCOPES}}","disabled":false,"id":"pair_951ea9b1c3704d78b2e40df2d19635ae"}],"headers":[{"name":"Cookie","value":"relay=48423d7a-699b-407e-8e3e-82be7a5bd39a; ftrset=227"}],"authentication":{},"metaSortKey":-1737673626982,"isPrivate":false,"afterResponseScript":"const json = insomnia.response.json();\ninsomnia.environment.set(\"access_token\", json.access_token);\ninsomnia.environment.set(\"ACCESS_TOKEN\", json.access_token);\ninsomnia.environment.set(\"IMS_TOKEN\", json.access_token);","settingStoreCookies":true,"settingSendCookies":true,"settingDisableRenderRequestBody":false,"settingEncodeUrl":true,"settingRebuildPath":true,"settingFollowRedirects":"global","_type":"request"},{"_id":"fld_1c1da224b1784154974f8cc8641c54d6","parentId":"fld_2694d9274aea457096c3fa9b16711ae5","modified":1737673806275,"created":1737673617969,"name":"Adobe IO - OAuth","description":"","environment":{},"environmentPropertyOrder":null,"metaSortKey":-1737673617969,"_type":"request_group"},{"_id":"fld_2694d9274aea457096c3fa9b16711ae5","parentId":"wrk_9c95b93717e047efab2bae44030ac21d","modified":1737672798281,"created":1737672798281,"name":"FF - Firefly Services Tech Insiders","description":"","environment":{"IMS_TOKEN":"","STORAGE_ASSET_NAME":"","STORAGE_ASSET_URL":"","PHOTOSHOP_RESPONSE_JSON":"","FIREFLY_COMPLETED_ASSET_URL":"","FIREFLY_STATUS_URL":"","FIREFLY_CANCEL_URL":"","INDESIGN_COMPLETED_ASSET_URL":"","INDESIGN_STATUS_URL":"","STORAGE_ASSET_CONTENT_LENGTH":"","STORAGE_ASSET_CONTENT_TYPE":"","STORAGE_ASSET_CONTENT_MD5":"","PHOTOSHOP_COMPLETED_ASSET_URL":"","PHOTOSHOP_STATUS_URL":"","PHOTOSHOP_COMPLETED_RENDITION_URL":"","LIGHTROOM_COMPLETED_ASSET_URL":"","LIGHTROOM_STATUS_URL":"","EXPRESS_STATUS_URL":"","EXPRESS_RENDITION_URL":"","FIREFLY_ASSET_ID":"","INDESIGN_DATA_FILE_URL":"","INDESIGN_IMAGE_FILE_URL":"","FIREFLY_IMAGE_URL":"","FIREFLY_COMPLETED_ASSET_URL_ANIMAL":"","PHOTOSHOP_STATUS_URL_REMOVE_BG":"","PHOTOSHOP_COMPLETED_ASSET_URL_NO_BG":"","PHOTOSHOP_COMPLETED_ASSET_URL_PSD":"","PHOTOSHOP_STATUS_URL_PNG":"","PHOTOSHOP_COMPLETED_ASSET_URL_PNG":"","PHOTOSHOP_STATUS_URL_TEXT":"","PHOTOSHOP_COMPLETED_ASSET_URL_IMG_TXT_PSD":"","JOBID":"","FIREFLY_CUSTOM_MODEL_ASSET_URL":"","CUSTOM_MODEL_STATUS_URL":"","CUSTOM_MODEL_JOBID":""},"environmentPropertyOrder":null,"metaSortKey":-1737672795572,"preRequestScript":"","afterResponseScript":"","authentication":{},"_type":"request_group"},{"_id":"wrk_9c95b93717e047efab2bae44030ac21d","parentId":null,"modified":1747310215830,"created":1747310215830,"name":"FF - Firefly Services Tech Insiders","description":"","scope":"collection","_type":"workspace"},{"_id":"req_41ce8a88e42c4b2bb2b30ba206c452ef","parentId":"fld_dbfece82033145ff81fdab25f8808755","modified":1737672798283,"created":1737672798283,"url":"{{_['AZURE_STORAGE_URL']}}/{{_['AZURE_STORAGE_CONTAINER']}}/citisignal-fiber.psd{{_['AZURE_STORAGE_SAS_WRITE']}}","name":"Upload PSD to Azure Storage Account","description":"","method":"PUT","body":{},"parameters":[],"headers":[{"name":"x-ms-blob-type","value":"BlockBlob"}],"authentication":{},"preRequestScript":"","metaSortKey":-1737672795570,"isPrivate":false,"afterResponseScript":"","settingStoreCookies":true,"settingSendCookies":true,"settingDisableRenderRequestBody":false,"settingEncodeUrl":true,"settingRebuildPath":true,"settingFollowRedirects":"global","_type":"request"},{"_id":"fld_dbfece82033145ff81fdab25f8808755","parentId":"fld_2694d9274aea457096c3fa9b16711ae5","modified":1737672798282,"created":1737672798282,"name":"Photoshop","description":"","environment":{},"environmentPropertyOrder":null,"metaSortKey":-1737672795571,"preRequestScript":"","afterResponseScript":"","authentication":{"type":"bearer","disabled":false,"token":"{{IMS_TOKEN}}","prefix":""},"_type":"request_group"},{"_id":"req_c9875192be0f4f99b4fd4a9b1ad5a1ef","parentId":"fld_dbfece82033145ff81fdab25f8808755","modified":1737672798284,"created":1737672798284,"url":"https://image.adobe.io/pie/psdService/hello","name":"Photoshop Hello (Test Auth.)","description":"","method":"GET","body":{},"parameters":[],"headers":[{"name":"x-api-key","value":"{{API_KEY}}"},{"name":"Authorization","value":"Bearer {{ACCESS_TOKEN}}"}],"authentication":{},"preRequestScript":"","metaSortKey":-1737672795569,"isPrivate":false,"afterResponseScript":"","settingStoreCookies":true,"settingSendCookies":true,"settingDisableRenderRequestBody":false,"settingEncodeUrl":true,"settingRebuildPath":true,"settingFollowRedirects":"global","_type":"request"},{"_id":"req_4871d0d7b0bc46c3a623cd3ee918a80b","parentId":"fld_dbfece82033145ff81fdab25f8808755","modified":1737962727737,"created":1737672798284,"url":"https://image.adobe.io/pie/psdService/documentManifest","name":"Photoshop - Get PSD Manifest","description":"","method":"POST","body":{"mimeType":"application/json","text":"{\n  \"inputs\": [\n    {\n      \"storage\": \"external\",\n      \"href\": \"{{_['AZURE_STORAGE_URL']}}/{{_['AZURE_STORAGE_CONTAINER']}}/citisignal-fiber.psd{{_['AZURE_STORAGE_SAS_READ']}}\"\n    }\n  ],\n  \"options\": {\n    \"thumbnails\": {\n      \"type\": \"image/jpeg\"\n    }\n  }\n}"},"parameters":[],"headers":[{"name":"x-api-key","value":"{{API_KEY}}"},{"name":"Content-Type","value":"application/json"},{"name":"Authorization","value":"Bearer {{ACCESS_TOKEN}}"}],"authentication":{},"preRequestScript":"","metaSortKey":-1737672795568,"isPrivate":false,"afterResponseScript":"var json = insomnia.response.json();\n\ninsomnia.collectionVariables.set(\"PHOTOSHOP_STATUS_URL_PB\", json._links.self.href);\n","settingStoreCookies":true,"settingSendCookies":true,"settingDisableRenderRequestBody":false,"settingEncodeUrl":true,"settingRebuildPath":true,"settingFollowRedirects":"global","_type":"request"},{"_id":"req_4a0edd8544044155bc7bca8d60fccce3","parentId":"fld_dbfece82033145ff81fdab25f8808755","modified":1737962750085,"created":1737672798285,"url":"{{PHOTOSHOP_STATUS_URL_PB}}","name":"Photoshop -  Get PS Status","description":"","method":"GET","body":{},"parameters":[],"headers":[{"name":"x-api-key","value":"{{API_KEY}}"},{"name":"Authorization","value":"Bearer {{ACCESS_TOKEN}}"}],"authentication":{},"preRequestScript":"","metaSortKey":-1737672795567,"isPrivate":false,"pathParameters":[],"afterResponseScript":"var json = insomnia.response.json();\n\nif(json.status == \"succeeded\" || json.outputs[0].status == \"succeeded\"){\n    //Only set if the response contains an output\n    if(json.output && json.output.href){\n        insomnia.collectionVariables.set(\"PHOTOSHOP_COMPLETED_ASSET_URL_PB\", json.output.href);\n    }\n    insomnia.collectionVariables.set(\"PHOTOSHOP_RESPONSE_JSON_PB\", JSON.stringify(json)); \n}\n\n","settingStoreCookies":true,"settingSendCookies":true,"settingDisableRenderRequestBody":false,"settingEncodeUrl":true,"settingRebuildPath":true,"settingFollowRedirects":"global","_type":"request"},{"_id":"req_36c111974338428f8faa6faea69f5485","parentId":"fld_dbfece82033145ff81fdab25f8808755","modified":1737962791834,"created":1737672798285,"url":"https://image.adobe.io/pie/psdService/text","name":"Photoshop - Change Text","description":"","method":"POST","body":{"mimeType":"application/json","text":"{\n  \"inputs\": [\n    {\n      \"storage\": \"external\",\n      \"href\": \"{{_['AZURE_STORAGE_URL']}}/{{_['AZURE_STORAGE_CONTAINER']}}/citisignal-fiber.psd{{_['AZURE_STORAGE_SAS_READ']}}\"\n    }\n  ],\n  \"options\": {\n    \"layers\": [\n      {\n        \"name\": \"2048x2048-cta\",\n        \"text\": {\n          \"content\": \"Get Fiber now!\"\n        }\n      }\n    ]\n  },\n  \"outputs\": [\n    {\n      \"storage\": \"azure\",\n      \"href\": \"{{_['AZURE_STORAGE_URL']}}/{{_['AZURE_STORAGE_CONTAINER']}}/citisignal-fiber-changed-text.psd{{_['AZURE_STORAGE_SAS_WRITE']}}\",\n      \"type\": \"vnd.adobe.photoshop\",\n      \"overwrite\": true\n    }\n  ]\n}"},"parameters":[],"headers":[{"name":"x-api-key","value":"{{API_KEY}}"},{"name":"Content-Type","value":"application/json"},{"name":"Authorization","value":"Bearer {{ACCESS_TOKEN}}"}],"authentication":{},"preRequestScript":"","metaSortKey":-1737672795566,"isPrivate":false,"afterResponseScript":"var json = insomnia.response.json();\n\ninsomnia.collectionVariables.set(\"PHOTOSHOP_STATUS_URL_PB\", json._links.self.href);\n","settingStoreCookies":true,"settingSendCookies":true,"settingDisableRenderRequestBody":false,"settingEncodeUrl":true,"settingRebuildPath":true,"settingFollowRedirects":"global","_type":"request"},{"_id":"req_7ae07a8bacbe4cd19b61719752d101d5","parentId":"fld_b17a8ca22d7b46498b01ec9a0faf842c","modified":1747303664022,"created":1737672798286,"url":"https://firefly-api.adobe.io/v3/images/generate","name":"Firefly - T2I V3","description":"","method":"POST","body":{"mimeType":"application/json","text":"{\n  \"numVariations\": 1,\n  \"size\": {\n    \"width\": 2048,\n    \"height\": 2048\n  },\n  \"prompt\": \"horses in a field\",\n  \"promptBiasingLocaleCode\": \"en-US\",\n  \"contentClass\": \"art\",\n  \"styles\": {\n    \"presets\": [\n      \"art_deco\"\n    ],\n    \"strength\": 50\n  }\n}"},"parameters":[],"headers":[{"name":"Content-Type","value":"application/json","id":"pair_af9ba905c8bd42a4a7d90d95ff8043db"},{"name":"x-api-key","value":"{{API_KEY}}","id":"pair_289bc7fa16fe4f04a035adaf06892025"},{"name":"Authorization","value":"Bearer {{ACCESS_TOKEN}}","id":"pair_efac2b5de5064d51bf73ba5c5bb96ca1"},{"id":"pair_77b6fa5cd0e64590a359183bcb0b0c0f","name":"","value":"","description":"","disabled":false}],"authentication":{},"preRequestScript":"var prompt = \"Horses in a field\"\ninsomnia.variables.set(\"FIREFLY_IMAGE_PROMPT\", prompt)","metaSortKey":-1737672795564,"isPrivate":false,"pathParameters":[],"afterResponseScript":"var json = insomnia.response.json()\n\nif(json.outputs){\n    insomnia.collectionVariables.set(\"FIREFLY_COMPLETED_ASSET_URL_PB\", json.outputs[0].image.url);\n}","settingStoreCookies":true,"settingSendCookies":true,"settingDisableRenderRequestBody":false,"settingEncodeUrl":true,"settingRebuildPath":true,"settingFollowRedirects":"global","_type":"request"},{"_id":"fld_b17a8ca22d7b46498b01ec9a0faf842c","parentId":"fld_2694d9274aea457096c3fa9b16711ae5","modified":1737672798285,"created":1737672798285,"name":"Firefly","description":"","environment":{},"environmentPropertyOrder":null,"metaSortKey":-1737672795565,"preRequestScript":"","afterResponseScript":"","authentication":{"type":"bearer","disabled":false,"token":"{{IMS_TOKEN}}","prefix":""},"_type":"request_group"},{"_id":"req_21eed1826e614d6798f03448e50db18c","parentId":"fld_b17a8ca22d7b46498b01ec9a0faf842c","modified":1747042507196,"created":1737672798286,"url":"https://firefly-api.adobe.io/v3/images/generate","name":"Firefly - T2I (styleref) V3","description":"","method":"POST","body":{"mimeType":"application/json","text":"{\n  \"numVariations\": 4,\n  \"size\": {\n    \"width\": 1024,\n    \"height\": 1024\n  },\n  \"prompt\": \"Horses in a field\",\n  \"promptBiasingLocaleCode\": \"en-US\",\n  \"style\": {\n    \"strength\": 100,\n    \"imageReference\": {\n        \"source\": {\n            \"url\": \"https://xxx.blob.core.windows.net/xxx/gradient.jpg?sv=xxx\"\n        }\n    }\n  }\n}"},"parameters":[],"headers":[{"name":"Content-Type","value":"application/json"},{"name":"x-api-key","value":"{{API_KEY}}"},{"name":"Authorization","value":"Bearer {{ACCESS_TOKEN}}"}],"authentication":{},"preRequestScript":"","metaSortKey":-1737672795563,"isPrivate":false,"afterResponseScript":"var json = insomnia.response.json()\n\nif(json.outputs){\n    insomnia.collectionVariables.set(\"FIREFLY_IMAGE_URL_PB\", json.outputs[0].image.url);\n    insomnia.collectionVariables.set(\"FIREFLY_COMPLETED_ASSET_URL_PB\", json.outputs[0].image.url);\n}","settingStoreCookies":true,"settingSendCookies":true,"settingDisableRenderRequestBody":false,"settingEncodeUrl":true,"settingRebuildPath":true,"settingFollowRedirects":"global","_type":"request"},{"_id":"req_3e8230b6d4cb486382ef0a01cc7a2870","parentId":"fld_b17a8ca22d7b46498b01ec9a0faf842c","modified":1737962865886,"created":1737672798286,"url":"https://firefly-api.adobe.io/v3/images/generate","name":"Firefly - T2I (styleref + structureref) V3 Copy","description":"","method":"POST","body":{"mimeType":"application/json","text":"{\n  \"numVariations\": 1,\n  \"size\": {\n    \"width\": 1024,\n    \"height\": 1024\n  },\n  \"prompt\": \"{{FIREFLY_IMAGE_PROMPT_PB}}\",\n  \"promptBiasingLocaleCode\": \"en-US\",\n  \"style\": {\n    \"strength\": 100,\n    \"imageReference\": {\n        \"source\": {\n            \"uploadId\": \"{{_['FIREFLY_STYLE_REFERENCE_IMAGE_ID']}}\"\n        }\n    }\n  },\n  \"structure\": {\n    \"strength\": 100,\n    \"imageReference\": {\n        \"source\": {\n            \"uploadId\": \"{{_['FIREFLY_STRUCTURE_REFERENCE_IMAGE_ID']}}\"\n        }\n    }\n  }\n}"},"parameters":[],"headers":[{"name":"Content-Type","value":"application/json"},{"name":"x-api-key","value":"{{API_KEY}}"},{"name":"Authorization","value":"Bearer {{ACCESS_TOKEN}}"}],"authentication":{"type":"bearer","disabled":false,"token":"{{ACCESS_TOKEN}}","prefix":""},"preRequestScript":"","metaSortKey":-1737672795562,"isPrivate":false,"afterResponseScript":"var json = insomnia.response.json()\n\nif(json.outputs){\n    insomnia.collectionVariables.set(\"FIREFLY_IMAGE_URL_PB\", json.outputs[0].image.url);\n}","settingStoreCookies":true,"settingSendCookies":true,"settingDisableRenderRequestBody":false,"settingEncodeUrl":true,"settingRebuildPath":true,"settingFollowRedirects":"global","_type":"request"},{"_id":"req_b5fb1bdeb31b4ab7b37e88c2ce170307","parentId":"fld_b17a8ca22d7b46498b01ec9a0faf842c","modified":1737961923967,"created":1737672798287,"url":"{{FIREFLY_COMPLETED_ASSET_URL_PB}}","name":"Firefly - Get Generated Image","description":"","method":"GET","body":{},"parameters":[],"headers":[],"authentication":{},"preRequestScript":"","metaSortKey":-1737672795561,"isPrivate":false,"pathParameters":[],"afterResponseScript":"","settingStoreCookies":true,"settingSendCookies":true,"settingDisableRenderRequestBody":false,"settingEncodeUrl":true,"settingRebuildPath":true,"settingFollowRedirects":"global","_type":"request"},{"_id":"req_5e2189f45490482bae019f5524b5ee08","parentId":"fld_b17a8ca22d7b46498b01ec9a0faf842c","modified":1747303762054,"created":1737672798287,"url":"https://firefly-api.adobe.io/v3/images/expand","name":"Firefly - Gen Expand","description":"A variable GenExpand operation with variables that suppports running as batch with CSV. Sample file: [genexpand.csv](https://adobe.sharepoint.com/:x:/r/sites/DMeEntPMMHub/Shared%20Documents/FY24%20Solutions/Demos/Demo%20Assets/genexpand.csv?d=wbbe7490e66a54b908c2b8759a85db17c&csf=1&web=1&e=yMhRXV)","method":"POST","body":{"mimeType":"application/json","text":"{\n  \"numVariations\": 1,\n  \"size\": {\n    \"width\": 3999,\n    \"height\": 3999\n  },\n  \"image\": {\n    \"source\": {\n      \"url\": \"{{FIREFLY_COMPLETED_ASSET_URL_PB}}\"\n    }\n    \n  },\n  \"placement\": {\n    \"alignment\": {\n      \"horizontal\": \"center\",\n      \"vertical\": \"center\"\n    }\n  }\n}"},"parameters":[],"headers":[{"name":"Content-Type","value":"application/json"},{"name":"x-api-key","value":"{{API_KEY}}"},{"name":"Authorization","value":"Bearer {{ACCESS_TOKEN}}"}],"authentication":{"type":"bearer","disabled":false,"token":"{{ACCESS_TOKEN}}","prefix":""},"preRequestScript":"","metaSortKey":-1737672795560,"isPrivate":false,"afterResponseScript":"var json = insomnia.response.json()\n\nif(json.outputs){\n    insomnia.collectionVariables.set(\"FIREFLY_COMPLETED_ASSET_URL_PB_EXP\", json.outputs[0].image.url);\n}","settingStoreCookies":true,"settingSendCookies":true,"settingDisableRenderRequestBody":false,"settingEncodeUrl":true,"settingRebuildPath":true,"settingFollowRedirects":"global","_type":"request"},{"_id":"req_e688e10ba91f4800bc5f83d3468db19f","parentId":"fld_b17a8ca22d7b46498b01ec9a0faf842c","modified":1737672798287,"created":1737672798287,"url":"https://vangeluw.blob.core.windows.net/vangeluw","name":"Upload file to Azure Storage Account","description":"","method":"PUT","body":{},"parameters":[],"headers":[{"name":"x-ms-blob-type","value":"BlockBlob"}],"authentication":{},"preRequestScript":"","metaSortKey":-1737672795559,"isPrivate":false,"afterResponseScript":"","settingStoreCookies":true,"settingSendCookies":true,"settingDisableRenderRequestBody":false,"settingEncodeUrl":true,"settingRebuildPath":true,"settingFollowRedirects":"global","_type":"request"},{"_id":"req_7e6eebd7ab544bf1a1d1d61c5ace1763","parentId":"fld_b17a8ca22d7b46498b01ec9a0faf842c","modified":1737672798288,"created":1737672798288,"url":"{{AZURE_STORAGE_URL}}/{{AZURE_STORAGE_CONTAINER}}/file.jpg{{AZURE_STORAGE_SAS_WRITE}}","name":"Upload file to Azure Storage Account + Variables","description":"","method":"PUT","body":{},"parameters":[],"headers":[{"name":"x-ms-blob-type","value":"BlockBlob"}],"authentication":{},"preRequestScript":"","metaSortKey":-1737672795558,"isPrivate":false,"afterResponseScript":"","settingStoreCookies":true,"settingSendCookies":true,"settingDisableRenderRequestBody":false,"settingEncodeUrl":true,"settingRebuildPath":true,"settingFollowRedirects":"global","_type":"request"},{"_id":"req_63237d2798ce45bdbc8930f2f3135c2e","parentId":"fld_b17a8ca22d7b46498b01ec9a0faf842c","modified":1747304127120,"created":1746032138819,"url":"https://firefly-api.adobe.io/v3/images/generate-async","name":"Firefly - T2I V4","description":"","method":"POST","body":{"mimeType":"application/json","text":"{\n  \"numVariations\": 4,\n  \"size\": {\n    \"width\": 2048,\n    \"height\": 2048\n  },\n  \"prompt\": \"horses in a field\",\n  \"promptBiasingLocaleCode\": \"en-US\"\n}"},"parameters":[],"headers":[{"name":"Content-Type","value":"application/json","id":"pair_af9ba905c8bd42a4a7d90d95ff8043db"},{"name":"x-api-key","value":"{{API_KEY}}","id":"pair_289bc7fa16fe4f04a035adaf06892025"},{"name":"Authorization","value":"Bearer {{ACCESS_TOKEN}}","id":"pair_efac2b5de5064d51bf73ba5c5bb96ca1"},{"id":"pair_a4aea30d92eb45c6ad1e79fac67bcf39","name":"x-model-version","value":"image4_standard","description":"","disabled":false},{"id":"pair_77b6fa5cd0e64590a359183bcb0b0c0f","name":"","value":"","description":"","disabled":false}],"authentication":{},"preRequestScript":"","metaSortKey":-1737672795458,"isPrivate":false,"pathParameters":[],"afterResponseScript":"var json = insomnia.response.json()\n\nif(json){\n    insomnia.collectionVariables.set(\"FIREFLY_STATUS_REPORT_URL_V4\", json.statusUrl);\n}","settingStoreCookies":true,"settingSendCookies":true,"settingDisableRenderRequestBody":false,"settingEncodeUrl":true,"settingRebuildPath":true,"settingFollowRedirects":"global","_type":"request"},{"_id":"req_e0959bd19f3a4b2b9abfeeb33bf569ff","parentId":"fld_b17a8ca22d7b46498b01ec9a0faf842c","modified":1747304302466,"created":1746032157762,"url":"FIREFLY_STATUS_REPORT_URL_V4","name":"Firefly - Get Status Report","description":"","method":"GET","body":{},"parameters":[],"headers":[{"name":"x-api-key","value":"{{API_KEY}}","id":"pair_289bc7fa16fe4f04a035adaf06892025"},{"name":"Authorization","value":"Bearer {{ACCESS_TOKEN}}","id":"pair_efac2b5de5064d51bf73ba5c5bb96ca1"}],"authentication":{},"preRequestScript":"","metaSortKey":-1737672795358,"isPrivate":false,"pathParameters":[],"afterResponseScript":"var json = insomnia.response.json()\n\nif(json.outputs){\n    insomnia.collectionVariables.set(\"FIREFLY_COMPLETED_ASSET_URL_V4_PB\", json.outputs[0].image.url);\n}","settingStoreCookies":true,"settingSendCookies":true,"settingDisableRenderRequestBody":false,"settingEncodeUrl":true,"settingRebuildPath":true,"settingFollowRedirects":"global","_type":"request"},{"_id":"req_3cc11f6b011e425bad16583423e3191b","parentId":"fld_1990cda091f24943bc6729772a04d7c9","modified":1737674164099,"created":1737672798288,"url":"https://hook.fusion.adobe.com/u89obkcfriuztshmqnc1qovcz25m31ge","name":"POST - Send Request to Workfront Fusion Webhook Copy","description":"","method":"POST","body":{"mimeType":"application/json","text":"{\n    \"psdTemplate\": \"tech-insiders-welcome.psd\",\n    \"xlsFile\": \"placeholder\",\n    \"animal\": \"gorilla\",\n    \"firstName\": \"Wouter\",\n    \"email\": \"vangeluw@adobe.com\"\n}"},"parameters":[],"headers":[{"name":"Content-Type","value":"application/json"}],"authentication":{},"preRequestScript":"","metaSortKey":-1737672795556,"isPrivate":false,"afterResponseScript":"","settingStoreCookies":true,"settingSendCookies":true,"settingDisableRenderRequestBody":false,"settingEncodeUrl":true,"settingRebuildPath":true,"settingFollowRedirects":"global","_type":"request"},{"_id":"fld_1990cda091f24943bc6729772a04d7c9","parentId":"fld_2694d9274aea457096c3fa9b16711ae5","modified":1737672798288,"created":1737672798288,"name":"Workfront Fusion - Banners at scale","description":"","environment":{},"environmentPropertyOrder":null,"metaSortKey":-1737672795557,"preRequestScript":"","afterResponseScript":"","authentication":{},"_type":"request_group"},{"_id":"req_a1971ebe10bf47c592b75500cb2cce8d","parentId":"fld_1990cda091f24943bc6729772a04d7c9","modified":1737962904936,"created":1737672798288,"url":"https://firefly-api.adobe.io/v3/images/generate","name":"1. Firefly - T2I V3 Animal","description":"","method":"POST","body":{"mimeType":"application/json","text":"{\r\n  \"numVariations\": 1,\r\n  \"size\": {\r\n    \"width\": 2048,\r\n    \"height\": 2048\r\n  },\r\n  \"prompt\": \"Modern day gorilla in the wild\",\r\n  \"promptBiasingLocaleCode\": \"en-US\"\r\n}"},"parameters":[],"headers":[{"name":"Content-Type","value":"application/json","id":"pair_a3fae28253934435b7d2b27089a12c1e"},{"name":"x-api-key","value":"{{API_KEY}}","id":"pair_7ec1ed56821c44c9b8701c7867cf14ca"},{"name":"Authorization","value":"Bearer {{ACCESS_TOKEN}}","id":"pair_0148341affe34f60a93c804bb952dd13"}],"authentication":{},"preRequestScript":"","metaSortKey":-1737672795555,"isPrivate":false,"afterResponseScript":"var json = insomnia.response.json();\n//console.log(json.outputs[0].image.url);\ninsomnia.environment.set(\"FIREFLY_COMPLETED_ASSET_URL_ANIMAL\", json.outputs[0].image.url);\ninsomnia.environment.set(\"FIREFLY_COMPLETED_ASSET_URL_ANIMAL_PB\", json.outputs[0].image.url);\n//var url = insomnia.environment.get(\"FIREFLY_COMPLETED_ASSET_URL_ANIMAL\");\n//console.log(\"URL: \" + url);","settingStoreCookies":true,"settingSendCookies":true,"settingDisableRenderRequestBody":false,"settingEncodeUrl":true,"settingRebuildPath":true,"settingFollowRedirects":"global","_type":"request"},{"_id":"req_353ca785abc4490bbea5ba03576f173a","parentId":"fld_1990cda091f24943bc6729772a04d7c9","modified":1737962926460,"created":1737672798289,"url":"https://image.adobe.io/sensei/cutout","name":"2. Photoshop - Remove BG","description":"","method":"POST","body":{"mimeType":"application/json","text":"{\n  \"input\": {\n    \"href\": \"{{FIREFLY_COMPLETED_ASSET_URL_ANIMAL_PB}}\",\n    \"storage\": \"external\"\n  },\n  \"options\": {\n    \"optimize\": \"performance\",\n    \"process\": {\n      \"postprocess\": true\n    },\n    \"service\": {\n      \"version\": \"4.0\"\n    }\n  },\n  \"output\": {\n    \"href\": \"{{AZURE_STORAGE_URL}}/{{AZURE_STORAGE_CONTAINER}}/animal.png{{AZURE_STORAGE_SAS_WRITE}}\",\n    \"storage\": \"azure\",\n    \"overwrite\": true,\n    \"color\": {\n      \"space\": \"rgb\"\n    },\n    \"mask\": {\n      \"format\": \"soft\"\n    }\n  }\n}"},"parameters":[{"id":"pair_99ef8dfaae80425a8c7e3612cc30b6b1","name":"","value":"","description":"","disabled":false},{"id":"pair_e9dda51e5e4441d5b878ae70564dc91c","name":"","value":"","description":"","disabled":false}],"headers":[{"name":"Content-Type","value":"application/json","id":"pair_f55336f8b22f40c6bfa62371c96626fb"},{"name":"x-api-key","value":"{{API_KEY}}","id":"pair_7633d97b3c174a4482d6ed257cfc7e68"},{"name":"Authorization","value":"Bearer {{ACCESS_TOKEN}}","id":"pair_446ef5452fc640a9a99d763cbc7f0c46"}],"authentication":{},"preRequestScript":"","metaSortKey":-1737672795554,"isPrivate":false,"afterResponseScript":"var json = insomnia.response.json();\n\ninsomnia.environment.set(\"PHOTOSHOP_STATUS_URL_REMOVE_BG_PB\", json._links.self.href);\n","settingStoreCookies":true,"settingSendCookies":true,"settingDisableRenderRequestBody":false,"settingEncodeUrl":true,"settingRebuildPath":true,"settingFollowRedirects":"global","_type":"request"},{"_id":"req_49a693d44baa49beb355592ebde2ba6c","parentId":"fld_1990cda091f24943bc6729772a04d7c9","modified":1737963040802,"created":1737672798289,"url":"{{PHOTOSHOP_STATUS_URL_REMOVE_BG_PB}}","name":"3. Photoshop -  Get PS Status Remove BG","description":"","method":"GET","body":{},"parameters":[],"headers":[{"name":"x-api-key","value":"{{API_KEY}}"},{"name":"Authorization","value":"Bearer {{ACCESS_TOKEN}}"}],"authentication":{},"preRequestScript":"","metaSortKey":-1737672795553,"isPrivate":false,"pathParameters":[],"afterResponseScript":"var json = insomnia.response.json();\n\nif(json.status == \"succeeded\" || json.outputs[0].status == \"succeeded\"){\n    //Only set if the response contains an output\n    if(json.output && json.output.href){\n        insomnia.collectionVariables.set(\"PHOTOSHOP_COMPLETED_ASSET_URL_NO_BG_PB\", json.output.href);\n    }\n    insomnia.collectionVariables.set(\"PHOTOSHOP_RESPONSE_JSON_PB\", JSON.stringify(json)); \n}\n\n","settingStoreCookies":true,"settingSendCookies":true,"settingDisableRenderRequestBody":false,"settingEncodeUrl":true,"settingRebuildPath":true,"settingFollowRedirects":"global","_type":"request"},{"_id":"req_cf7dbb1335fa451bab81ab6385d9c224","parentId":"fld_1990cda091f24943bc6729772a04d7c9","modified":1737962948229,"created":1737672798289,"url":"https://image.adobe.io/pie/psdService/smartObject","name":"4. Photoshop - Smart Replace","description":"","method":"POST","body":{"mimeType":"application/json","text":"{\n    \"inputs\": [\n        {\n            \"storage\": \"external\",\n            \"href\": \"{{_['AZURE_STORAGE_URL']}}/{{_['AZURE_STORAGE_CONTAINER']}}/tech-insiders-welcome.psd{{_['AZURE_STORAGE_SAS_READ']}}\"\n        }\n    ],\n    \"options\": {\n        \"layers\": [\n            {\n                \"name\": \"2048x2048-image\",\n                \"input\": {\n                    \"href\": \"{{_['PHOTOSHOP_COMPLETED_ASSET_URL_NO_BG_PB']}}\",\n                    \"storage\": \"external\"\n                }\n            }\n        ]\n    },\n    \"outputs\": [\n        {\n            \"storage\": \"azure\",\n            \"href\": \"{{_['AZURE_STORAGE_URL']}}/{{_['AZURE_STORAGE_CONTAINER']}}/tech-insiders-welcome-changedimages.psd{{_['AZURE_STORAGE_SAS_WRITE']}}\",\n            \"type\": \"vnd.adobe.photoshop\",\n            \"overwrite\": true\n        }\n    ]\n}"},"parameters":[],"headers":[{"name":"x-api-key","value":"{{API_KEY}}"},{"name":"Content-Type","value":"application/json"},{"name":"Authorization","value":"Bearer {{ACCESS_TOKEN}}"}],"authentication":{},"preRequestScript":"","metaSortKey":-1737672795552,"isPrivate":false,"afterResponseScript":"var json = insomnia.response.json();\n\ninsomnia.collectionVariables.set(\"PHOTOSHOP_STATUS_URL\", json._links.self.href);\n","settingStoreCookies":true,"settingSendCookies":true,"settingDisableRenderRequestBody":false,"settingEncodeUrl":true,"settingRebuildPath":true,"settingFollowRedirects":"global","_type":"request"},{"_id":"req_3b9668d14d7247eeb8b01c13868def7b","parentId":"fld_1990cda091f24943bc6729772a04d7c9","modified":1737963128075,"created":1737672798289,"url":"{{PHOTOSHOP_STATUS_URL_PB}}","name":"5. Photoshop -  Get PS Status","description":"","method":"GET","body":{},"parameters":[],"headers":[{"name":"x-api-key","value":"{{API_KEY}}"},{"name":"Authorization","value":"Bearer {{ACCESS_TOKEN}}"}],"authentication":{},"preRequestScript":"","metaSortKey":-1737672795551,"isPrivate":false,"pathParameters":[],"afterResponseScript":"var json = insomnia.response.json();\n\nif(json.status == \"succeeded\" || json.outputs[0].status == \"succeeded\"){\n    //Only set if the response contains an output\n    if(json.outputs){\n        insomnia.collectionVariables.set(\"PHOTOSHOP_COMPLETED_ASSET_URL_PSD_PB\", json.outputs[0]._links.renditions[0].href);\n    }\n}\n\n","settingStoreCookies":true,"settingSendCookies":true,"settingDisableRenderRequestBody":false,"settingEncodeUrl":true,"settingRebuildPath":true,"settingFollowRedirects":"global","_type":"request"},{"_id":"req_b0c6902bc95f45ac99941a10f22a9cee","parentId":"fld_1990cda091f24943bc6729772a04d7c9","modified":1737963079877,"created":1737672798289,"url":"https://image.adobe.io/pie/psdService/text","name":"6. Photoshop - Change Text","description":"","method":"POST","body":{"mimeType":"application/json","text":"{\n  \"inputs\": [\n    {\n      \"storage\": \"external\",\n      \"href\": \"{{PHOTOSHOP_COMPLETED_ASSET_URL_PSD_PB}}\"\n    }\n  ],\n  \"options\": {\n    \"layers\": [\n      {\n        \"name\": \"2048x2048-cta\",\n        \"text\": {\n          \"content\": \"Thanks for signing up!\"\n        }\n      }\n    ]\n  },\n  \"outputs\": [\n    {\n      \"storage\": \"azure\",\n      \"href\": \"{{_['AZURE_STORAGE_URL']}}/{{_['AZURE_STORAGE_CONTAINER']}}/tech-insiders-welcome-changedimages-text.psd{{_['AZURE_STORAGE_SAS_WRITE']}}\",\n      \"type\": \"vnd.adobe.photoshop\",\n      \"overwrite\": true\n    }\n  ]\n}"},"parameters":[],"headers":[{"name":"x-api-key","value":"{{API_KEY}}"},{"name":"Content-Type","value":"application/json"},{"name":"Authorization","value":"Bearer {{ACCESS_TOKEN}}"}],"authentication":{},"preRequestScript":"","metaSortKey":-1737672795550,"isPrivate":false,"afterResponseScript":"var json = insomnia.response.json();\n\ninsomnia.collectionVariables.set(\"PHOTOSHOP_STATUS_URL_TEXT_PB\", json._links.self.href);\n","settingStoreCookies":true,"settingSendCookies":true,"settingDisableRenderRequestBody":false,"settingEncodeUrl":true,"settingRebuildPath":true,"settingFollowRedirects":"global","_type":"request"},{"_id":"req_7a39fd128a1b413693e5e4cceab1cdd9","parentId":"fld_1990cda091f24943bc6729772a04d7c9","modified":1737962973193,"created":1737672798290,"url":"{{PHOTOSHOP_STATUS_URL_TEXT_PB}}","name":"7. Photoshop -  Get PS Status Text","description":"","method":"GET","body":{},"parameters":[],"headers":[{"name":"x-api-key","value":"{{API_KEY}}"},{"name":"Authorization","value":"Bearer {{ACCESS_TOKEN}}"}],"authentication":{},"preRequestScript":"","metaSortKey":-1737672795549,"isPrivate":false,"pathParameters":[],"afterResponseScript":"var json = insomnia.response.json();\n\nif(json.status == \"succeeded\" || json.outputs[0].status == \"succeeded\"){\n    //Only set if the response contains an output\n    if(json.outputs){\n        insomnia.collectionVariables.set(\"PHOTOSHOP_COMPLETED_ASSET_URL_IMG_TXT_PSD_PB\", json.outputs[0]._links.renditions[0].href);\n    }\n}\n\n","settingStoreCookies":true,"settingSendCookies":true,"settingDisableRenderRequestBody":false,"settingEncodeUrl":true,"settingRebuildPath":true,"settingFollowRedirects":"global","_type":"request"},{"_id":"req_be8babcfbf834f2fabf3191ad0265001","parentId":"fld_1990cda091f24943bc6729772a04d7c9","modified":1737963187293,"created":1737672798290,"url":"https://image.adobe.io/pie/psdService/renditionCreate","name":"6. Photoshop - Create Renditions","description":"","method":"POST","body":{"mimeType":"application/json","text":"{\n  \"inputs\": [\n    {\n      \"storage\": \"azure\",\n      \"href\": \"{{_['PHOTOSHOP_COMPLETED_ASSET_URL_IMG_TXT_PSD_PB']}}\"\n    }\n  ],\n  \"outputs\": [\n    {\n      \"href\": \"{{_['AZURE_STORAGE_URL']}}/{{_['AZURE_STORAGE_CONTAINER']}}/tech-insiders-welcome-finalimage.png{{_['AZURE_STORAGE_SAS_WRITE']}}\",\n      \"storage\": \"azure\",\n      \"type\": \"image/png\"\n    }\n  ]\n}"},"parameters":[],"headers":[{"name":"Content-Type","value":"application/json"},{"name":"x-api-key","value":"{{API_KEY}}"},{"name":"Authorization","value":"Bearer {{ACCESS_TOKEN}}"}],"authentication":{},"preRequestScript":"","metaSortKey":-1737672795548,"isPrivate":false,"afterResponseScript":"var json = insomnia.response.json();\n\ninsomnia.collectionVariables.set(\"PHOTOSHOP_STATUS_URL_PNG_PB\", json._links.self.href);\n","settingStoreCookies":true,"settingSendCookies":true,"settingDisableRenderRequestBody":false,"settingEncodeUrl":true,"settingRebuildPath":true,"settingFollowRedirects":"global","_type":"request"},{"_id":"req_ebb5f1da72e74c7ab210ba640b482fca","parentId":"fld_1990cda091f24943bc6729772a04d7c9","modified":1737963000212,"created":1737672798290,"url":"{{PHOTOSHOP_STATUS_URL_PNG_PB}}","name":"7. Photoshop -  Get PS Status PNG","description":"","method":"GET","body":{},"parameters":[],"headers":[{"name":"x-api-key","value":"{{API_KEY}}"},{"name":"Authorization","value":"Bearer {{ACCESS_TOKEN}}"}],"authentication":{},"preRequestScript":"","metaSortKey":-1737672795547,"isPrivate":false,"pathParameters":[],"afterResponseScript":"var json = insomnia.response.json();\n\nif(json.status == \"succeeded\" || json.outputs[0].status == \"succeeded\"){\n    //Only set if the response contains an output\n    if(json.outputs){\n        insomnia.collectionVariables.set(\"PHOTOSHOP_COMPLETED_ASSET_URL_PNG_PB\", json.outputs[0]._links.renditions[0].href);\n    }\n}\n\n","settingStoreCookies":true,"settingSendCookies":true,"settingDisableRenderRequestBody":false,"settingEncodeUrl":true,"settingRebuildPath":true,"settingFollowRedirects":"global","_type":"request"},{"_id":"req_b849c40485f44d8382f939667ebc957d","parentId":"fld_1990cda091f24943bc6729772a04d7c9","modified":1737963239034,"created":1737672798290,"url":"{{PHOTOSHOP_COMPLETED_ASSET_URL_PNG_PB}}","name":"8. Get Image","description":"","method":"GET","body":{},"parameters":[],"headers":[],"authentication":{},"preRequestScript":"","metaSortKey":-1737672795546,"isPrivate":false,"pathParameters":[],"afterResponseScript":"","settingStoreCookies":true,"settingSendCookies":true,"settingDisableRenderRequestBody":false,"settingEncodeUrl":true,"settingRebuildPath":true,"settingFollowRedirects":"global","_type":"request"},{"_id":"req_70b762465d7040d39b540fab6f6aa217","parentId":"fld_1990cda091f24943bc6729772a04d7c9","modified":1737963268467,"created":1737672798290,"url":"https://dcs.adobedc.net/collection/63751d0f299eeb7aa48a2f22acb284ed64de575f8640986d8e5a935741be9067","name":"9. Send Experience Event to AJO","description":"","method":"POST","body":{"mimeType":"application/json","text":"{\n\t\"header\": {\n\t\t\"datasetId\": \"672a10d47728e82aefa1ee0a\",\n\t\t\"imsOrgId\": \"907075E95BF479EC0A495C73@AdobeOrg\",\n\t\t\"schemaRef\": {\n\t\t\t\"id\": \"https://ns.adobe.com/experienceplatform/schemas/de41e11b65250f24f851a4b35e229f85750b71cba8cdb7fb\",\n\t\t\t\"contentType\": \"application/vnd.adobe.xed-full+json;version=1\"\n\t\t},\n\t\t\"source\": {\n\t\t\t\"name\": \"Journeys\"\n\t\t},\n\t\t\"strictValidation\": true\n\t},\n\t\"body\": {\n\t\t\"xdmMeta\": {\n\t\t\t\"schemaRef\": {\n\t\t\t\t\"id\": \"https://ns.adobe.com/experienceplatform/schemas/de41e11b65250f24f851a4b35e229f85750b71cba8cdb7fb\",\n\t\t\t\t\"contentType\": \"application/vnd.adobe.xed-full+json;version=1\"\n\t\t\t}\n\t\t},\n\t\t\"xdmEntity\": {\n\t\t\t\"_experienceplatform\": {\n\t\t\t\t\"interactionDetails\": {\n\t\t\t\t\t\"wffff\": {\n\t\t\t\t\t\t\"ffImage\": \"{{PHOTOSHOP_COMPLETED_ASSET_URL_PNG_PB}}\",\n\t\t\t\t\t\t\"ffemail\": \"woutervangeluwe@gmail.com\",\n\t\t\t\t\t\t\"fffirstName\": \"Wouter\"\n\t\t\t\t\t}\n\t\t\t\t},\n\t\t\t\t\"identification\": {\n\t\t\t\t\t\"core\": {\n\t\t\t\t\t\t\"crmId\": \"wouter-4567876567767376373\"\n\t\t\t\t\t}\n\t\t\t\t}\n\t\t\t},\n\t\t\t\"_id\": \"453563672872290202202\",\n\t\t\t\"_experience\": {\n\t\t\t\t\"campaign\": {\n\t\t\t\t\t\"orchestration\": {\n\t\t\t\t\t\t\"eventID\": \"5daf90a3cd620a4d71fddf3e9a7fb5f14d076033f60a40bf226d870d8a504f9d\"\n\t\t\t\t\t}\n\t\t\t\t}\n\t\t\t},\n\t\t\t\"timestamp\": \"2025-01-15T09:00:00.000Z\"\n\t\t}\n\t}\n}"},"parameters":[{"name":"syncValidation","value":"false","disabled":false}],"headers":[{"name":"Content-Type","value":"application/json"}],"authentication":{},"preRequestScript":"","metaSortKey":-1737672795545,"isPrivate":false,"afterResponseScript":"","settingStoreCookies":true,"settingSendCookies":true,"settingDisableRenderRequestBody":false,"settingEncodeUrl":true,"settingRebuildPath":true,"settingFollowRedirects":"global","_type":"request"},{"_id":"req_3b2508e790aa4c5597ee9dda12f58874","parentId":"fld_4827a805f1c640fda2a5e285feb1caa4","modified":1737723050620,"created":1737672798291,"url":"https://hook.fusion.adobe.com/tuqxu1k4rbf7xdiiqheswzib8iv5t0jh","name":"POST - Send Request to Workfront Fusion Webhook","description":"","method":"POST","body":{"mimeType":"application/json","text":"{\n    \"psdTemplate\": \"citisignal-fiber.psd\",\n    \"xlsFile\": \"placeholder\"\n}"},"parameters":[],"headers":[{"name":"Content-Type","value":"application/json"}],"authentication":{},"preRequestScript":"","metaSortKey":-1737672795543,"isPrivate":false,"afterResponseScript":"","settingStoreCookies":true,"settingSendCookies":true,"settingDisableRenderRequestBody":false,"settingEncodeUrl":true,"settingRebuildPath":true,"settingFollowRedirects":"global","_type":"request"},{"_id":"fld_4827a805f1c640fda2a5e285feb1caa4","parentId":"fld_2694d9274aea457096c3fa9b16711ae5","modified":1737672798291,"created":1737672798291,"name":"vangeluw - Workfront Fusion","description":"","environment":{},"environmentPropertyOrder":null,"metaSortKey":-1737672795544,"preRequestScript":"","afterResponseScript":"","authentication":{},"_type":"request_group"},{"_id":"req_dbad9201a9674a228a4d4fa67a439f98","parentId":"fld_1d311936229341e18803c333aa02bbbb","modified":1747310253537,"created":1737672798291,"url":"https://firefly-api.adobe.io/v3/custom-models","name":"1. FF - getCustomModels","description":"","method":"GET","body":{},"parameters":[],"headers":[{"name":"x-api-key","value":"{{API_KEY}}"},{"name":"Authorization","value":"Bearer {{ACCESS_TOKEN}}"}],"authentication":{},"preRequestScript":"var prompt = \"Horses in a field\"\n\n\ninsomnia.variables.set(\"FIREFLY_IMAGE_PROMPT\", prompt)","metaSortKey":-1737672795541,"isPrivate":false,"afterResponseScript":"var json = insomnia.response.json()\n\nif(json.custom_models){\n    insomnia.collectionVariables.set(\"FIREFLY_CUSTOM_MODEL_ASSET_URL_PB\", json.custom_models[0].assetId);\n}","settingStoreCookies":true,"settingSendCookies":true,"settingDisableRenderRequestBody":false,"settingEncodeUrl":true,"settingRebuildPath":true,"settingFollowRedirects":"global","_type":"request"},{"_id":"fld_1d311936229341e18803c333aa02bbbb","parentId":"fld_2694d9274aea457096c3fa9b16711ae5","modified":1737672798291,"created":1737672798291,"name":"FF. -Custom Models API","description":"","environment":{},"environmentPropertyOrder":null,"metaSortKey":-1737672795542,"preRequestScript":"","afterResponseScript":"","authentication":{},"_type":"request_group"},{"_id":"req_32d4840b7a3240909c7185b561ff8620","parentId":"fld_1d311936229341e18803c333aa02bbbb","modified":1746017614152,"created":1737672798292,"url":"https://firefly-api.adobe.io/v3/images/generate-async","name":"2. Generate Images Async","description":"","method":"POST","body":{"mimeType":"application/json","text":"{\n    \"numVariations\": 2,\n    \n    \"size\": {\n        \"width\": 2048,\n        \"height\": 2048\n    },\n    \"prompt\": \"a white CitiSignal router on a colourful background\",\n    \"negativePrompt\": \"red\",\n    \"contentClass\": \"photo\",\n    \"visualIntensity\": 6,\n    \"style\": {\n        \"presets\": [\n            \"painting\"\n        ],\n        \"strength\": 50\n    },\n    \"promptBiasingLocaleCode\": \"en-US\",\n    \"customModelId\": \"{{_['FIREFLY_CUSTOM_MODEL_ASSET_URL_PB']}}\"\n}"},"parameters":[],"headers":[{"name":"Content-Type","value":"application/json"},{"name":"User-Agent","value":"insomnia/8.2.0"},{"name":"Accept","value":"application/json"},{"name":"x-accept-mimetype","value":"image/jpeg"},{"name":"x-model-version","value":"image3_custom"},{"name":"x-api-key","value":"{{API_KEY}}"},{"name":"Authorization","value":"Bearer {{ACCESS_TOKEN}}"}],"authentication":{},"preRequestScript":"","metaSortKey":-1737672795540,"isPrivate":false,"afterResponseScript":"var jsonData = insomnia.response.json();\ninsomnia.collectionVariables.set(\"CUSTOM_MODEL_JOBID_PB\", jsonData.jobId);\ninsomnia.collectionVariables.set(\"CUSTOM_MODEL_STATUS_URL_PB\", jsonData.statusUrl);","settingStoreCookies":true,"settingSendCookies":true,"settingDisableRenderRequestBody":false,"settingEncodeUrl":true,"settingRebuildPath":true,"settingFollowRedirects":"global","_type":"request"},{"_id":"req_dce93551272746268f57bb34b9b9f8ba","parentId":"fld_1d311936229341e18803c333aa02bbbb","modified":1737963379615,"created":1737672798292,"url":"https://firefly-api.adobe.io/v3/status/{{_['CUSTOM_MODEL_JOBID_PB']}}","name":"3. Get CM Status","description":"","method":"GET","body":{},"parameters":[],"headers":[{"name":"x-api-key","value":"{{API_KEY}}"},{"name":"Authorization","value":"Bearer {{ACCESS_TOKEN}}"}],"authentication":{"type":"bearer","disabled":false,"token":"{{ACCESS_TOKEN}}","prefix":""},"preRequestScript":"","metaSortKey":-1737672795539,"isPrivate":false,"pathParameters":[],"afterResponseScript":"","settingStoreCookies":true,"settingSendCookies":true,"settingDisableRenderRequestBody":false,"settingEncodeUrl":true,"settingRebuildPath":true,"settingFollowRedirects":"global","_type":"request"},{"_id":"req_7e3246d9a6fe4325919f1df1b4de89f2","parentId":"fld_1d311936229341e18803c333aa02bbbb","modified":1737963386688,"created":1737672798292,"url":"https://firefly-api.adobe.io/v3/status/{{_['CUSTOM_MODEL_JOBID_PB']}}","name":"4. Cancel CM Job","description":"","method":"GET","body":{},"parameters":[],"headers":[{"name":"x-api-key","value":"{{API_KEY}}"},{"name":"Authorization","value":"Bearer {{ACCESS_TOKEN}}"}],"authentication":{"type":"bearer","disabled":false,"token":"{{ACCESS_TOKEN}}","prefix":""},"preRequestScript":"","metaSortKey":-1737672795538,"isPrivate":false,"pathParameters":[],"afterResponseScript":"","settingStoreCookies":true,"settingSendCookies":true,"settingDisableRenderRequestBody":false,"settingEncodeUrl":true,"settingRebuildPath":true,"settingFollowRedirects":"global","_type":"request"},{"_id":"env_936f6b7ce6c54c528e6c78ea76d80120","parentId":"wrk_9c95b93717e047efab2bae44030ac21d","modified":1747303782570,"created":1737672800398,"name":"Base Environment","data":{"CLIENT_SECRET":"","API_KEY":"","ACCESS_TOKEN":"","SCOPES":["openid","AdobeID","read_organizations","additional_info.projectedProductContext","session","ff_apis","firefly_api"],"TECHNICAL_ACCOUNT_ID":"","IMS":"ims-na1.adobelogin.com","IMS_ORG":"","access_token":"","IMS_TOKEN":"","AZURE_STORAGE_URL":"","AZURE_STORAGE_CONTAINER":"","AZURE_STORAGE_SAS_READ":"","AZURE_STORAGE_SAS_WRITE":"","FIREFLY_COMPLETED_ASSET_URL_PB":"","FIREFLY_COMPLETED_ASSET_URL_PB_EXP":"","FIREFLY_CUSTOM_MODEL_ASSET_URL_PB":"","FIREFLY_STATUS_URL":"","FIREFLY_STATUS_URL_V4":""},"dataPropertyOrder":{"&":["CLIENT_SECRET","API_KEY","ACCESS_TOKEN","SCOPES","TECHNICAL_ACCOUNT_ID","IMS","IMS_ORG","access_token","IMS_TOKEN","AZURE_STORAGE_URL","AZURE_STORAGE_CONTAINER","AZURE_STORAGE_SAS_READ","AZURE_STORAGE_SAS_WRITE","FIREFLY_COMPLETED_ASSET_URL_PB","FIREFLY_COMPLETED_ASSET_URL_PB_EXP","FIREFLY_CUSTOM_MODEL_ASSET_URL_PB","FIREFLY_STATUS_URL","FIREFLY_STATUS_URL_V4"]},"color":null,"isPrivate":false,"metaSortKey":1737672800398,"_type":"environment"},{"_id":"jar_449418a6c2084506bf7b8483244af473","parentId":"wrk_9c95b93717e047efab2bae44030ac21d","modified":1747303782570,"created":1737672800438,"name":"Default Jar","cookies":[{"id":"6fb1525d-6d66-475a-aac8-65f964803d5f","key":"relay","value":"48423d7a-699b-407e-8e3e-82be7a5bd39a","expires":"Infinity","domain":"ims-na1.adobelogin.com","path":"/","secure":true,"httpOnly":false,"extensions":[],"creation":"2025-01-23T23:07:34.885Z","hostOnly":true,"lastAccessed":"2025-01-23T23:07:34.885Z"},{"id":"f88199e6-71f4-4eaa-a36e-6f36d4b4a2f1","key":"ftrset","value":"227","expires":"Infinity","domain":"ims-na1.adobelogin.com","path":"/","secure":true,"httpOnly":true,"extensions":[],"creation":"2025-01-23T23:07:34.885Z","hostOnly":true,"lastAccessed":"2025-01-23T23:07:34.885Z"}],"_type":"cookie_jar"}]}