{
  "_type": "export",
  "__export_format": 4,
  "__export_date": "2025-01-27T10:42:04.727Z",
  "__export_source": "insomnia.desktop.app:v10.1.1-adobe",
  "resources": [
    {
      "_id": "req_67118c02aedd475294644b47dd19e2b6",
      "parentId": "fld_c2b3b550ba4b473d80d372fb485170ca",
      "modified": 1737974473908,
      "created": 1737673626982,
      "url": "https://ims-na1.adobelogin.com/ims/token/v2",
      "name": "POST - Get Access Token",
      "description": "",
      "method": "POST",
      "body": {},
      "parameters": [
        {
          "name": "grant_type",
          "value": "client_credentials",
          "disabled": false,
          "id": "pair_1205f01d2a0a4225999533df752253a7"
        },
        {
          "name": "client_id",
          "value": "{{API_KEY}}",
          "disabled": false,
          "id": "pair_9c9dfff401f8455b8f2e4f6b6ab26e2a"
        },
        {
          "name": "client_secret",
          "value": "{{CLIENT_SECRET}}",
          "disabled": false,
          "id": "pair_a065ed28de1046f3b67be623c94e11e4"
        },
        {
          "name": "scope",
          "value": "{{SCOPES}}",
          "disabled": false,
          "id": "pair_951ea9b1c3704d78b2e40df2d19635ae"
        }
      ],
      "headers": [
        {
          "name": "Cookie",
          "value": "relay=48423d7a-699b-407e-8e3e-82be7a5bd39a; ftrset=227"
        }
      ],
      "authentication": {},
      "metaSortKey": -1737673626982,
      "isPrivate": false,
      "afterResponseScript": "const json = insomnia.response.json();\ninsomnia.environment.set(\"access_token\", json.access_token);\ninsomnia.environment.set(\"ACCESS_TOKEN\", json.access_token);\ninsomnia.environment.set(\"IMS_TOKEN\", json.access_token);",
      "settingStoreCookies": true,
      "settingSendCookies": true,
      "settingDisableRenderRequestBody": false,
      "settingEncodeUrl": true,
      "settingRebuildPath": true,
      "settingFollowRedirects": "global",
      "_type": "request"
    },
    {
      "_id": "fld_c2b3b550ba4b473d80d372fb485170ca",
      "parentId": "fld_93d58f42611646e08c19f14db9fce861",
      "modified": 1737673806275,
      "created": 1737673617969,
      "name": "Adobe IO - OAuth",
      "description": "",
      "environment": {},
      "environmentPropertyOrder": null,
      "metaSortKey": -1737673617969,
      "_type": "request_group"
    },
    {
      "_id": "fld_93d58f42611646e08c19f14db9fce861",
      "parentId": "wrk_d8ecb35881354d2397e47b52277a05ae",
      "modified": 1737672798281,
      "created": 1737672798281,
      "name": "FF - Firefly Services Tech Insiders",
      "description": "",
      "environment": {
        "IMS_TOKEN": "",
        "STORAGE_ASSET_NAME": "",
        "STORAGE_ASSET_URL": "",
        "PHOTOSHOP_RESPONSE_JSON": "",
        "FIREFLY_COMPLETED_ASSET_URL": "",
        "FIREFLY_STATUS_URL": "",
        "FIREFLY_CANCEL_URL": "",
        "INDESIGN_COMPLETED_ASSET_URL": "",
        "INDESIGN_STATUS_URL": "",
        "STORAGE_ASSET_CONTENT_LENGTH": "",
        "STORAGE_ASSET_CONTENT_TYPE": "",
        "STORAGE_ASSET_CONTENT_MD5": "",
        "PHOTOSHOP_COMPLETED_ASSET_URL": "",
        "PHOTOSHOP_STATUS_URL": "",
        "PHOTOSHOP_COMPLETED_RENDITION_URL": "",
        "LIGHTROOM_COMPLETED_ASSET_URL": "",
        "LIGHTROOM_STATUS_URL": "",
        "EXPRESS_STATUS_URL": "",
        "EXPRESS_RENDITION_URL": "",
        "FIREFLY_ASSET_ID": "",
        "INDESIGN_DATA_FILE_URL": "",
        "INDESIGN_IMAGE_FILE_URL": "",
        "FIREFLY_IMAGE_URL": "",
        "FIREFLY_COMPLETED_ASSET_URL_ANIMAL": "",
        "PHOTOSHOP_STATUS_URL_REMOVE_BG": "",
        "PHOTOSHOP_COMPLETED_ASSET_URL_NO_BG": "",
        "PHOTOSHOP_COMPLETED_ASSET_URL_PSD": "",
        "PHOTOSHOP_STATUS_URL_PNG": "",
        "PHOTOSHOP_COMPLETED_ASSET_URL_PNG": "",
        "PHOTOSHOP_STATUS_URL_TEXT": "",
        "PHOTOSHOP_COMPLETED_ASSET_URL_IMG_TXT_PSD": "",
        "JOBID": "",
        "FIREFLY_CUSTOM_MODEL_ASSET_URL": "",
        "CUSTOM_MODEL_STATUS_URL": "",
        "CUSTOM_MODEL_JOBID": ""
      },
      "environmentPropertyOrder": null,
      "metaSortKey": -1737672795572,
      "preRequestScript": "",
      "afterResponseScript": "",
      "authentication": {},
      "_type": "request_group"
    },
    {
      "_id": "wrk_d8ecb35881354d2397e47b52277a05ae",
      "parentId": null,
      "modified": 1737963636804,
      "created": 1737963636804,
      "name": "FF - Firefly Services Tech Insiders",
      "description": "",
      "scope": "collection",
      "_type": "workspace"
    },
    {
      "_id": "req_9d74849d815f4c3aae6d28744be5d8ff",
      "parentId": "fld_46fb97365816423bb515b6774f9f2e57",
      "modified": 1737672798283,
      "created": 1737672798283,
      "url": "{{_['AZURE_STORAGE_URL']}}/{{_['AZURE_STORAGE_CONTAINER']}}/citisignal-fiber.psd{{_['AZURE_STORAGE_SAS_WRITE']}}",
      "name": "Upload PSD to Azure Storage Account",
      "description": "",
      "method": "PUT",
      "body": {},
      "parameters": [],
      "headers": [
        {
          "name": "x-ms-blob-type",
          "value": "BlockBlob"
        }
      ],
      "authentication": {},
      "preRequestScript": "",
      "metaSortKey": -1737672795570,
      "isPrivate": false,
      "afterResponseScript": "",
      "settingStoreCookies": true,
      "settingSendCookies": true,
      "settingDisableRenderRequestBody": false,
      "settingEncodeUrl": true,
      "settingRebuildPath": true,
      "settingFollowRedirects": "global",
      "_type": "request"
    },
    {
      "_id": "fld_46fb97365816423bb515b6774f9f2e57",
      "parentId": "fld_93d58f42611646e08c19f14db9fce861",
      "modified": 1737672798282,
      "created": 1737672798282,
      "name": "Photoshop",
      "description": "",
      "environment": {},
      "environmentPropertyOrder": null,
      "metaSortKey": -1737672795571,
      "preRequestScript": "",
      "afterResponseScript": "",
      "authentication": {
        "type": "bearer",
        "disabled": false,
        "token": "{{IMS_TOKEN}}",
        "prefix": ""
      },
      "_type": "request_group"
    },
    {
      "_id": "req_e38f841ebd88404ba479be7ea8e5e8c4",
      "parentId": "fld_46fb97365816423bb515b6774f9f2e57",
      "modified": 1737672798284,
      "created": 1737672798284,
      "url": "https://image.adobe.io/pie/psdService/hello",
      "name": "Photoshop Hello (Test Auth.)",
      "description": "",
      "method": "GET",
      "body": {},
      "parameters": [],
      "headers": [
        {
          "name": "x-api-key",
          "value": "{{API_KEY}}"
        },
        {
          "name": "Authorization",
          "value": "Bearer {{ACCESS_TOKEN}}"
        }
      ],
      "authentication": {},
      "preRequestScript": "",
      "metaSortKey": -1737672795569,
      "isPrivate": false,
      "afterResponseScript": "",
      "settingStoreCookies": true,
      "settingSendCookies": true,
      "settingDisableRenderRequestBody": false,
      "settingEncodeUrl": true,
      "settingRebuildPath": true,
      "settingFollowRedirects": "global",
      "_type": "request"
    },
    {
      "_id": "req_d9982c4f3417421fa633199ffe1be012",
      "parentId": "fld_46fb97365816423bb515b6774f9f2e57",
      "modified": 1737962727737,
      "created": 1737672798284,
      "url": "https://image.adobe.io/pie/psdService/documentManifest",
      "name": "Photoshop - Get PSD Manifest",
      "description": "",
      "method": "POST",
      "body": {
        "mimeType": "application/json",
        "text": "{\n  \"inputs\": [\n    {\n      \"storage\": \"external\",\n      \"href\": \"{{_['AZURE_STORAGE_URL']}}/{{_['AZURE_STORAGE_CONTAINER']}}/citisignal-fiber.psd{{_['AZURE_STORAGE_SAS_READ']}}\"\n    }\n  ],\n  \"options\": {\n    \"thumbnails\": {\n      \"type\": \"image/jpeg\"\n    }\n  }\n}"
      },
      "parameters": [],
      "headers": [
        {
          "name": "x-api-key",
          "value": "{{API_KEY}}"
        },
        {
          "name": "Content-Type",
          "value": "application/json"
        },
        {
          "name": "Authorization",
          "value": "Bearer {{ACCESS_TOKEN}}"
        }
      ],
      "authentication": {},
      "preRequestScript": "",
      "metaSortKey": -1737672795568,
      "isPrivate": false,
      "afterResponseScript": "var json = insomnia.response.json();\n\ninsomnia.collectionVariables.set(\"PHOTOSHOP_STATUS_URL_PB\", json._links.self.href);\n",
      "settingStoreCookies": true,
      "settingSendCookies": true,
      "settingDisableRenderRequestBody": false,
      "settingEncodeUrl": true,
      "settingRebuildPath": true,
      "settingFollowRedirects": "global",
      "_type": "request"
    },
    {
      "_id": "req_667fd45b87f042188c73512ead0ae6bc",
      "parentId": "fld_46fb97365816423bb515b6774f9f2e57",
      "modified": 1737962750085,
      "created": 1737672798285,
      "url": "{{PHOTOSHOP_STATUS_URL_PB}}",
      "name": "Photoshop -  Get PS Status",
      "description": "",
      "method": "GET",
      "body": {},
      "parameters": [],
      "headers": [
        {
          "name": "x-api-key",
          "value": "{{API_KEY}}"
        },
        {
          "name": "Authorization",
          "value": "Bearer {{ACCESS_TOKEN}}"
        }
      ],
      "authentication": {},
      "preRequestScript": "",
      "metaSortKey": -1737672795567,
      "isPrivate": false,
      "pathParameters": [],
      "afterResponseScript": "var json = insomnia.response.json();\n\nif(json.status == \"succeeded\" || json.outputs[0].status == \"succeeded\"){\n    //Only set if the response contains an output\n    if(json.output && json.output.href){\n        insomnia.collectionVariables.set(\"PHOTOSHOP_COMPLETED_ASSET_URL_PB\", json.output.href);\n    }\n    insomnia.collectionVariables.set(\"PHOTOSHOP_RESPONSE_JSON_PB\", JSON.stringify(json)); \n}\n\n",
      "settingStoreCookies": true,
      "settingSendCookies": true,
      "settingDisableRenderRequestBody": false,
      "settingEncodeUrl": true,
      "settingRebuildPath": true,
      "settingFollowRedirects": "global",
      "_type": "request"
    },
    {
      "_id": "req_1588757e6eef42469ad6c06f86413108",
      "parentId": "fld_46fb97365816423bb515b6774f9f2e57",
      "modified": 1737962791834,
      "created": 1737672798285,
      "url": "https://image.adobe.io/pie/psdService/text",
      "name": "Photoshop - Change Text",
      "description": "",
      "method": "POST",
      "body": {
        "mimeType": "application/json",
        "text": "{\n  \"inputs\": [\n    {\n      \"storage\": \"external\",\n      \"href\": \"{{_['AZURE_STORAGE_URL']}}/{{_['AZURE_STORAGE_CONTAINER']}}/citisignal-fiber.psd{{_['AZURE_STORAGE_SAS_READ']}}\"\n    }\n  ],\n  \"options\": {\n    \"layers\": [\n      {\n        \"name\": \"2048x2048-cta\",\n        \"text\": {\n          \"content\": \"Get Fiber now!\"\n        }\n      }\n    ]\n  },\n  \"outputs\": [\n    {\n      \"storage\": \"azure\",\n      \"href\": \"{{_['AZURE_STORAGE_URL']}}/{{_['AZURE_STORAGE_CONTAINER']}}/citisignal-fiber-changed-text.psd{{_['AZURE_STORAGE_SAS_WRITE']}}\",\n      \"type\": \"vnd.adobe.photoshop\",\n      \"overwrite\": true\n    }\n  ]\n}"
      },
      "parameters": [],
      "headers": [
        {
          "name": "x-api-key",
          "value": "{{API_KEY}}"
        },
        {
          "name": "Content-Type",
          "value": "application/json"
        },
        {
          "name": "Authorization",
          "value": "Bearer {{ACCESS_TOKEN}}"
        }
      ],
      "authentication": {},
      "preRequestScript": "",
      "metaSortKey": -1737672795566,
      "isPrivate": false,
      "afterResponseScript": "var json = insomnia.response.json();\n\ninsomnia.collectionVariables.set(\"PHOTOSHOP_STATUS_URL_PB\", json._links.self.href);\n",
      "settingStoreCookies": true,
      "settingSendCookies": true,
      "settingDisableRenderRequestBody": false,
      "settingEncodeUrl": true,
      "settingRebuildPath": true,
      "settingFollowRedirects": "global",
      "_type": "request"
    },
    {
      "_id": "req_a01cb658ea1c451994676f7064f0b0f7",
      "parentId": "fld_fec42c9d86d64209baa7956dee4d4719",
      "modified": 1737961880670,
      "created": 1737672798286,
      "url": "https://firefly-api.adobe.io/v3/images/generate",
      "name": "Firefly - T2I V3",
      "description": "",
      "method": "POST",
      "body": {
        "mimeType": "application/json",
        "text": "{\r\n  \"numVariations\": 1,\r\n  \"size\": {\r\n    \"width\": 2048,\r\n    \"height\": 2048\r\n  },\r\n  \"prompt\": \"Horses in a field\",\r\n  \"promptBiasingLocaleCode\": \"en-US\"\r\n}"
      },
      "parameters": [],
      "headers": [
        {
          "name": "Content-Type",
          "value": "application/json"
        },
        {
          "name": "x-api-key",
          "value": "{{API_KEY}}",
          "id": "pair_289bc7fa16fe4f04a035adaf06892025"
        },
        {
          "name": "Authorization",
          "value": "Bearer {{ACCESS_TOKEN}}",
          "id": "pair_efac2b5de5064d51bf73ba5c5bb96ca1"
        }
      ],
      "authentication": {},
      "preRequestScript": "var prompt = \"Horses in a field\"\ninsomnia.variables.set(\"FIREFLY_IMAGE_PROMPT\", prompt)",
      "metaSortKey": -1737672795564,
      "isPrivate": false,
      "afterResponseScript": "var json = insomnia.response.json()\n\nif(json.outputs){\n    insomnia.collectionVariables.set(\"FIREFLY_COMPLETED_ASSET_URL_PB\", json.outputs[0].image.url);\n}",
      "settingStoreCookies": true,
      "settingSendCookies": true,
      "settingDisableRenderRequestBody": false,
      "settingEncodeUrl": true,
      "settingRebuildPath": true,
      "settingFollowRedirects": "global",
      "_type": "request"
    },
    {
      "_id": "fld_fec42c9d86d64209baa7956dee4d4719",
      "parentId": "fld_93d58f42611646e08c19f14db9fce861",
      "modified": 1737672798285,
      "created": 1737672798285,
      "name": "Firefly",
      "description": "",
      "environment": {},
      "environmentPropertyOrder": null,
      "metaSortKey": -1737672795565,
      "preRequestScript": "",
      "afterResponseScript": "",
      "authentication": {
        "type": "bearer",
        "disabled": false,
        "token": "{{IMS_TOKEN}}",
        "prefix": ""
      },
      "_type": "request_group"
    },
    {
      "_id": "req_c5babd2120e04007b54ede437c551689",
      "parentId": "fld_fec42c9d86d64209baa7956dee4d4719",
      "modified": 1737961903871,
      "created": 1737672798286,
      "url": "https://firefly-api.adobe.io/v3/images/generate",
      "name": "Firefly - T2I (styleref) V3",
      "description": "",
      "method": "POST",
      "body": {
        "mimeType": "application/json",
        "text": "{\r\n  \"numVariations\": 1,\r\n  \"size\": {\r\n    \"width\": 1024,\r\n    \"height\": 1024\r\n  },\r\n  \"prompt\": \"Horses in a field\",\r\n  \"promptBiasingLocaleCode\": \"en-US\",\r\n  \"style\": {\r\n    \"strength\": 100,\r\n    \"imageReference\": {\r\n        \"source\": {\r\n            \"url\": \"https://vangeluw.blob.core.windows.net/vangeluw/gradient.jpg?sv=2023-01-03&st=2025-01-13T07%3A16%3A52Z&se=2026-01-14T07%3A16%3A00Z&sr=b&sp=r&sig=x4B1XZuAx%2F6yUfhb28hF0wppCOMeH7Ip2iBjNK5A%2BFw%3D\"\r\n        }\r\n    }\r\n  }\r\n}"
      },
      "parameters": [],
      "headers": [
        {
          "name": "Content-Type",
          "value": "application/json"
        },
        {
          "name": "x-api-key",
          "value": "{{API_KEY}}"
        },
        {
          "name": "Authorization",
          "value": "Bearer {{ACCESS_TOKEN}}"
        }
      ],
      "authentication": {},
      "preRequestScript": "",
      "metaSortKey": -1737672795563,
      "isPrivate": false,
      "afterResponseScript": "var json = insomnia.response.json()\n\nif(json.outputs){\n    insomnia.collectionVariables.set(\"FIREFLY_IMAGE_URL_PB\", json.outputs[0].image.url);\n    insomnia.collectionVariables.set(\"FIREFLY_COMPLETED_ASSET_URL_PB\", json.outputs[0].image.url);\n}",
      "settingStoreCookies": true,
      "settingSendCookies": true,
      "settingDisableRenderRequestBody": false,
      "settingEncodeUrl": true,
      "settingRebuildPath": true,
      "settingFollowRedirects": "global",
      "_type": "request"
    },
    {
      "_id": "req_4dafd57ce1ce45cb93bce88afccffc93",
      "parentId": "fld_fec42c9d86d64209baa7956dee4d4719",
      "modified": 1737962865886,
      "created": 1737672798286,
      "url": "https://firefly-api.adobe.io/v3/images/generate",
      "name": "Firefly - T2I (styleref + structureref) V3 Copy",
      "description": "",
      "method": "POST",
      "body": {
        "mimeType": "application/json",
        "text": "{\n  \"numVariations\": 1,\n  \"size\": {\n    \"width\": 1024,\n    \"height\": 1024\n  },\n  \"prompt\": \"{{FIREFLY_IMAGE_PROMPT_PB}}\",\n  \"promptBiasingLocaleCode\": \"en-US\",\n  \"style\": {\n    \"strength\": 100,\n    \"imageReference\": {\n        \"source\": {\n            \"uploadId\": \"{{_['FIREFLY_STYLE_REFERENCE_IMAGE_ID']}}\"\n        }\n    }\n  },\n  \"structure\": {\n    \"strength\": 100,\n    \"imageReference\": {\n        \"source\": {\n            \"uploadId\": \"{{_['FIREFLY_STRUCTURE_REFERENCE_IMAGE_ID']}}\"\n        }\n    }\n  }\n}"
      },
      "parameters": [],
      "headers": [
        {
          "name": "Content-Type",
          "value": "application/json"
        },
        {
          "name": "x-api-key",
          "value": "{{API_KEY}}"
        },
        {
          "name": "Authorization",
          "value": "Bearer {{ACCESS_TOKEN}}"
        }
      ],
      "authentication": {
        "type": "bearer",
        "disabled": false,
        "token": "{{ACCESS_TOKEN}}",
        "prefix": ""
      },
      "preRequestScript": "",
      "metaSortKey": -1737672795562,
      "isPrivate": false,
      "afterResponseScript": "var json = insomnia.response.json()\n\nif(json.outputs){\n    insomnia.collectionVariables.set(\"FIREFLY_IMAGE_URL_PB\", json.outputs[0].image.url);\n}",
      "settingStoreCookies": true,
      "settingSendCookies": true,
      "settingDisableRenderRequestBody": false,
      "settingEncodeUrl": true,
      "settingRebuildPath": true,
      "settingFollowRedirects": "global",
      "_type": "request"
    },
    {
      "_id": "req_2d7fd4d4f91448328ea44eaf3a849c26",
      "parentId": "fld_fec42c9d86d64209baa7956dee4d4719",
      "modified": 1737961923967,
      "created": 1737672798287,
      "url": "{{FIREFLY_COMPLETED_ASSET_URL_PB}}",
      "name": "Firefly - Get Generated Image",
      "description": "",
      "method": "GET",
      "body": {},
      "parameters": [],
      "headers": [],
      "authentication": {},
      "preRequestScript": "",
      "metaSortKey": -1737672795561,
      "isPrivate": false,
      "pathParameters": [],
      "afterResponseScript": "",
      "settingStoreCookies": true,
      "settingSendCookies": true,
      "settingDisableRenderRequestBody": false,
      "settingEncodeUrl": true,
      "settingRebuildPath": true,
      "settingFollowRedirects": "global",
      "_type": "request"
    },
    {
      "_id": "req_e1fae23b51634e8fb3a51516337bc702",
      "parentId": "fld_fec42c9d86d64209baa7956dee4d4719",
      "modified": 1737962834205,
      "created": 1737672798287,
      "url": "https://firefly-api.adobe.io/v3/images/expand",
      "name": "Firefly - Gen Expand",
      "description": "A variable GenExpand operation with variables that suppports running as batch with CSV. Sample file: [genexpand.csv](https://adobe.sharepoint.com/:x:/r/sites/DMeEntPMMHub/Shared%20Documents/FY24%20Solutions/Demos/Demo%20Assets/genexpand.csv?d=wbbe7490e66a54b908c2b8759a85db17c&csf=1&web=1&e=yMhRXV)",
      "method": "POST",
      "body": {
        "mimeType": "application/json",
        "text": "{\n  \"numVariations\": 1,\n  \"size\": {\n    \"width\": 3999,\n    \"height\": 3999\n  },\n  \"image\": {\n    \"source\": {\n      \"url\": \"{{FIREFLY_COMPLETED_ASSET_URL_PB}}\"\n    }\n    \n  },\n  \"placement\": {\n    \"alignment\": {\n      \"horizontal\": \"center\",\n      \"vertical\": \"center\"\n    }\n  }\n}"
      },
      "parameters": [],
      "headers": [
        {
          "name": "Content-Type",
          "value": "application/json"
        },
        {
          "name": "x-api-key",
          "value": "{{API_KEY}}"
        },
        {
          "name": "Authorization",
          "value": "Bearer {{ACCESS_TOKEN}}"
        }
      ],
      "authentication": {
        "type": "bearer",
        "disabled": false,
        "token": "{{ACCESS_TOKEN}}",
        "prefix": ""
      },
      "preRequestScript": "",
      "metaSortKey": -1737672795560,
      "isPrivate": false,
      "afterResponseScript": "var json = insomnia.response.json()\n\nif(json.outputs){\n    insomnia.collectionVariables.set(\"FIREFLY_COMPLETED_ASSET_URL_PB_EXP\", json.outputs[0].image.url);\n}",
      "settingStoreCookies": true,
      "settingSendCookies": true,
      "settingDisableRenderRequestBody": false,
      "settingEncodeUrl": true,
      "settingRebuildPath": true,
      "settingFollowRedirects": "global",
      "_type": "request"
    },
    {
      "_id": "req_ca3d1d5d8092451cafbd24a64e32b8d5",
      "parentId": "fld_fec42c9d86d64209baa7956dee4d4719",
      "modified": 1737672798287,
      "created": 1737672798287,
      "url": "https://vangeluw.blob.core.windows.net/vangeluw",
      "name": "Upload file to Azure Storage Account",
      "description": "",
      "method": "PUT",
      "body": {},
      "parameters": [],
      "headers": [
        {
          "name": "x-ms-blob-type",
          "value": "BlockBlob"
        }
      ],
      "authentication": {},
      "preRequestScript": "",
      "metaSortKey": -1737672795559,
      "isPrivate": false,
      "afterResponseScript": "",
      "settingStoreCookies": true,
      "settingSendCookies": true,
      "settingDisableRenderRequestBody": false,
      "settingEncodeUrl": true,
      "settingRebuildPath": true,
      "settingFollowRedirects": "global",
      "_type": "request"
    },
    {
      "_id": "req_5ca7a57b10264148a2a8abcf0f5581d5",
      "parentId": "fld_fec42c9d86d64209baa7956dee4d4719",
      "modified": 1737672798288,
      "created": 1737672798288,
      "url": "{{AZURE_STORAGE_URL}}/{{AZURE_STORAGE_CONTAINER}}/file.jpg{{AZURE_STORAGE_SAS_WRITE}}",
      "name": "Upload file to Azure Storage Account + Variables",
      "description": "",
      "method": "PUT",
      "body": {},
      "parameters": [],
      "headers": [
        {
          "name": "x-ms-blob-type",
          "value": "BlockBlob"
        }
      ],
      "authentication": {},
      "preRequestScript": "",
      "metaSortKey": -1737672795558,
      "isPrivate": false,
      "afterResponseScript": "",
      "settingStoreCookies": true,
      "settingSendCookies": true,
      "settingDisableRenderRequestBody": false,
      "settingEncodeUrl": true,
      "settingRebuildPath": true,
      "settingFollowRedirects": "global",
      "_type": "request"
    },
    {
      "_id": "req_40d0ef58506b449eab36db92fff50d01",
      "parentId": "fld_8e02f1ba533a45bca45c2c27f594c1b6",
      "modified": 1737674164099,
      "created": 1737672798288,
      "url": "https://hook.fusion.adobe.com/u89obkcfriuztshmqnc1qovcz25m31ge",
      "name": "POST - Send Request to Workfront Fusion Webhook Copy",
      "description": "",
      "method": "POST",
      "body": {
        "mimeType": "application/json",
        "text": "{\n    \"psdTemplate\": \"tech-insiders-welcome.psd\",\n    \"xlsFile\": \"placeholder\",\n    \"animal\": \"gorilla\",\n    \"firstName\": \"Wouter\",\n    \"email\": \"vangeluw@adobe.com\"\n}"
      },
      "parameters": [],
      "headers": [
        {
          "name": "Content-Type",
          "value": "application/json"
        }
      ],
      "authentication": {},
      "preRequestScript": "",
      "metaSortKey": -1737672795556,
      "isPrivate": false,
      "afterResponseScript": "",
      "settingStoreCookies": true,
      "settingSendCookies": true,
      "settingDisableRenderRequestBody": false,
      "settingEncodeUrl": true,
      "settingRebuildPath": true,
      "settingFollowRedirects": "global",
      "_type": "request"
    },
    {
      "_id": "fld_8e02f1ba533a45bca45c2c27f594c1b6",
      "parentId": "fld_93d58f42611646e08c19f14db9fce861",
      "modified": 1737672798288,
      "created": 1737672798288,
      "name": "Workfront Fusion - Banners at scale",
      "description": "",
      "environment": {},
      "environmentPropertyOrder": null,
      "metaSortKey": -1737672795557,
      "preRequestScript": "",
      "afterResponseScript": "",
      "authentication": {},
      "_type": "request_group"
    },
    {
      "_id": "req_a677e736257e4c6d994999c51fa50e69",
      "parentId": "fld_8e02f1ba533a45bca45c2c27f594c1b6",
      "modified": 1737962904936,
      "created": 1737672798288,
      "url": "https://firefly-api.adobe.io/v3/images/generate",
      "name": "1. Firefly - T2I V3 Animal",
      "description": "",
      "method": "POST",
      "body": {
        "mimeType": "application/json",
        "text": "{\r\n  \"numVariations\": 1,\r\n  \"size\": {\r\n    \"width\": 2048,\r\n    \"height\": 2048\r\n  },\r\n  \"prompt\": \"Modern day gorilla in the wild\",\r\n  \"promptBiasingLocaleCode\": \"en-US\"\r\n}"
      },
      "parameters": [],
      "headers": [
        {
          "name": "Content-Type",
          "value": "application/json",
          "id": "pair_a3fae28253934435b7d2b27089a12c1e"
        },
        {
          "name": "x-api-key",
          "value": "{{API_KEY}}",
          "id": "pair_7ec1ed56821c44c9b8701c7867cf14ca"
        },
        {
          "name": "Authorization",
          "value": "Bearer {{ACCESS_TOKEN}}",
          "id": "pair_0148341affe34f60a93c804bb952dd13"
        }
      ],
      "authentication": {},
      "preRequestScript": "",
      "metaSortKey": -1737672795555,
      "isPrivate": false,
      "afterResponseScript": "var json = insomnia.response.json();\n//console.log(json.outputs[0].image.url);\ninsomnia.environment.set(\"FIREFLY_COMPLETED_ASSET_URL_ANIMAL\", json.outputs[0].image.url);\ninsomnia.environment.set(\"FIREFLY_COMPLETED_ASSET_URL_ANIMAL_PB\", json.outputs[0].image.url);\n//var url = insomnia.environment.get(\"FIREFLY_COMPLETED_ASSET_URL_ANIMAL\");\n//console.log(\"URL: \" + url);",
      "settingStoreCookies": true,
      "settingSendCookies": true,
      "settingDisableRenderRequestBody": false,
      "settingEncodeUrl": true,
      "settingRebuildPath": true,
      "settingFollowRedirects": "global",
      "_type": "request"
    },
    {
      "_id": "req_4c8e3e055a0b40e49cbfe37185eb234b",
      "parentId": "fld_8e02f1ba533a45bca45c2c27f594c1b6",
      "modified": 1737962926460,
      "created": 1737672798289,
      "url": "https://image.adobe.io/sensei/cutout",
      "name": "2. Photoshop - Remove BG",
      "description": "",
      "method": "POST",
      "body": {
        "mimeType": "application/json",
        "text": "{\n  \"input\": {\n    \"href\": \"{{FIREFLY_COMPLETED_ASSET_URL_ANIMAL_PB}}\",\n    \"storage\": \"external\"\n  },\n  \"options\": {\n    \"optimize\": \"performance\",\n    \"process\": {\n      \"postprocess\": true\n    },\n    \"service\": {\n      \"version\": \"4.0\"\n    }\n  },\n  \"output\": {\n    \"href\": \"{{AZURE_STORAGE_URL}}/{{AZURE_STORAGE_CONTAINER}}/animal.png{{AZURE_STORAGE_SAS_WRITE}}\",\n    \"storage\": \"azure\",\n    \"overwrite\": true,\n    \"color\": {\n      \"space\": \"rgb\"\n    },\n    \"mask\": {\n      \"format\": \"soft\"\n    }\n  }\n}"
      },
      "parameters": [
        {
          "id": "pair_99ef8dfaae80425a8c7e3612cc30b6b1",
          "name": "",
          "value": "",
          "description": "",
          "disabled": false
        },
        {
          "id": "pair_e9dda51e5e4441d5b878ae70564dc91c",
          "name": "",
          "value": "",
          "description": "",
          "disabled": false
        }
      ],
      "headers": [
        {
          "name": "Content-Type",
          "value": "application/json",
          "id": "pair_f55336f8b22f40c6bfa62371c96626fb"
        },
        {
          "name": "x-api-key",
          "value": "{{API_KEY}}",
          "id": "pair_7633d97b3c174a4482d6ed257cfc7e68"
        },
        {
          "name": "Authorization",
          "value": "Bearer {{ACCESS_TOKEN}}",
          "id": "pair_446ef5452fc640a9a99d763cbc7f0c46"
        }
      ],
      "authentication": {},
      "preRequestScript": "",
      "metaSortKey": -1737672795554,
      "isPrivate": false,
      "afterResponseScript": "var json = insomnia.response.json();\n\ninsomnia.environment.set(\"PHOTOSHOP_STATUS_URL_REMOVE_BG_PB\", json._links.self.href);\n",
      "settingStoreCookies": true,
      "settingSendCookies": true,
      "settingDisableRenderRequestBody": false,
      "settingEncodeUrl": true,
      "settingRebuildPath": true,
      "settingFollowRedirects": "global",
      "_type": "request"
    },
    {
      "_id": "req_23c473a404704dd79016fb72a93f9880",
      "parentId": "fld_8e02f1ba533a45bca45c2c27f594c1b6",
      "modified": 1737963040802,
      "created": 1737672798289,
      "url": "{{PHOTOSHOP_STATUS_URL_REMOVE_BG_PB}}",
      "name": "3. Photoshop -  Get PS Status Remove BG",
      "description": "",
      "method": "GET",
      "body": {},
      "parameters": [],
      "headers": [
        {
          "name": "x-api-key",
          "value": "{{API_KEY}}"
        },
        {
          "name": "Authorization",
          "value": "Bearer {{ACCESS_TOKEN}}"
        }
      ],
      "authentication": {},
      "preRequestScript": "",
      "metaSortKey": -1737672795553,
      "isPrivate": false,
      "pathParameters": [],
      "afterResponseScript": "var json = insomnia.response.json();\n\nif(json.status == \"succeeded\" || json.outputs[0].status == \"succeeded\"){\n    //Only set if the response contains an output\n    if(json.output && json.output.href){\n        insomnia.collectionVariables.set(\"PHOTOSHOP_COMPLETED_ASSET_URL_NO_BG_PB\", json.output.href);\n    }\n    insomnia.collectionVariables.set(\"PHOTOSHOP_RESPONSE_JSON_PB\", JSON.stringify(json)); \n}\n\n",
      "settingStoreCookies": true,
      "settingSendCookies": true,
      "settingDisableRenderRequestBody": false,
      "settingEncodeUrl": true,
      "settingRebuildPath": true,
      "settingFollowRedirects": "global",
      "_type": "request"
    },
    {
      "_id": "req_6728e8ab2e3b48a5b24b15465c7117ba",
      "parentId": "fld_8e02f1ba533a45bca45c2c27f594c1b6",
      "modified": 1737962948229,
      "created": 1737672798289,
      "url": "https://image.adobe.io/pie/psdService/smartObject",
      "name": "4. Photoshop - Smart Replace",
      "description": "",
      "method": "POST",
      "body": {
        "mimeType": "application/json",
        "text": "{\n    \"inputs\": [\n        {\n            \"storage\": \"external\",\n            \"href\": \"{{_['AZURE_STORAGE_URL']}}/{{_['AZURE_STORAGE_CONTAINER']}}/tech-insiders-welcome.psd{{_['AZURE_STORAGE_SAS_READ']}}\"\n        }\n    ],\n    \"options\": {\n        \"layers\": [\n            {\n                \"name\": \"2048x2048-image\",\n                \"input\": {\n                    \"href\": \"{{_['PHOTOSHOP_COMPLETED_ASSET_URL_NO_BG_PB']}}\",\n                    \"storage\": \"external\"\n                }\n            }\n        ]\n    },\n    \"outputs\": [\n        {\n            \"storage\": \"azure\",\n            \"href\": \"{{_['AZURE_STORAGE_URL']}}/{{_['AZURE_STORAGE_CONTAINER']}}/tech-insiders-welcome-changedimages.psd{{_['AZURE_STORAGE_SAS_WRITE']}}\",\n            \"type\": \"vnd.adobe.photoshop\",\n            \"overwrite\": true\n        }\n    ]\n}"
      },
      "parameters": [],
      "headers": [
        {
          "name": "x-api-key",
          "value": "{{API_KEY}}"
        },
        {
          "name": "Content-Type",
          "value": "application/json"
        },
        {
          "name": "Authorization",
          "value": "Bearer {{ACCESS_TOKEN}}"
        }
      ],
      "authentication": {},
      "preRequestScript": "",
      "metaSortKey": -1737672795552,
      "isPrivate": false,
      "afterResponseScript": "var json = insomnia.response.json();\n\ninsomnia.collectionVariables.set(\"PHOTOSHOP_STATUS_URL\", json._links.self.href);\n",
      "settingStoreCookies": true,
      "settingSendCookies": true,
      "settingDisableRenderRequestBody": false,
      "settingEncodeUrl": true,
      "settingRebuildPath": true,
      "settingFollowRedirects": "global",
      "_type": "request"
    },
    {
      "_id": "req_0ab2fa25325041a190f5df8befa22952",
      "parentId": "fld_8e02f1ba533a45bca45c2c27f594c1b6",
      "modified": 1737963128075,
      "created": 1737672798289,
      "url": "{{PHOTOSHOP_STATUS_URL_PB}}",
      "name": "5. Photoshop -  Get PS Status",
      "description": "",
      "method": "GET",
      "body": {},
      "parameters": [],
      "headers": [
        {
          "name": "x-api-key",
          "value": "{{API_KEY}}"
        },
        {
          "name": "Authorization",
          "value": "Bearer {{ACCESS_TOKEN}}"
        }
      ],
      "authentication": {},
      "preRequestScript": "",
      "metaSortKey": -1737672795551,
      "isPrivate": false,
      "pathParameters": [],
      "afterResponseScript": "var json = insomnia.response.json();\n\nif(json.status == \"succeeded\" || json.outputs[0].status == \"succeeded\"){\n    //Only set if the response contains an output\n    if(json.outputs){\n        insomnia.collectionVariables.set(\"PHOTOSHOP_COMPLETED_ASSET_URL_PSD_PB\", json.outputs[0]._links.renditions[0].href);\n    }\n}\n\n",
      "settingStoreCookies": true,
      "settingSendCookies": true,
      "settingDisableRenderRequestBody": false,
      "settingEncodeUrl": true,
      "settingRebuildPath": true,
      "settingFollowRedirects": "global",
      "_type": "request"
    },
    {
      "_id": "req_773b0b6774eb4171a4d7cf4d71810fc3",
      "parentId": "fld_8e02f1ba533a45bca45c2c27f594c1b6",
      "modified": 1737963079877,
      "created": 1737672798289,
      "url": "https://image.adobe.io/pie/psdService/text",
      "name": "6. Photoshop - Change Text",
      "description": "",
      "method": "POST",
      "body": {
        "mimeType": "application/json",
        "text": "{\n  \"inputs\": [\n    {\n      \"storage\": \"external\",\n      \"href\": \"{{PHOTOSHOP_COMPLETED_ASSET_URL_PSD_PB}}\"\n    }\n  ],\n  \"options\": {\n    \"layers\": [\n      {\n        \"name\": \"2048x2048-cta\",\n        \"text\": {\n          \"content\": \"Thanks for signing up!\"\n        }\n      }\n    ]\n  },\n  \"outputs\": [\n    {\n      \"storage\": \"azure\",\n      \"href\": \"{{_['AZURE_STORAGE_URL']}}/{{_['AZURE_STORAGE_CONTAINER']}}/tech-insiders-welcome-changedimages-text.psd{{_['AZURE_STORAGE_SAS_WRITE']}}\",\n      \"type\": \"vnd.adobe.photoshop\",\n      \"overwrite\": true\n    }\n  ]\n}"
      },
      "parameters": [],
      "headers": [
        {
          "name": "x-api-key",
          "value": "{{API_KEY}}"
        },
        {
          "name": "Content-Type",
          "value": "application/json"
        },
        {
          "name": "Authorization",
          "value": "Bearer {{ACCESS_TOKEN}}"
        }
      ],
      "authentication": {},
      "preRequestScript": "",
      "metaSortKey": -1737672795550,
      "isPrivate": false,
      "afterResponseScript": "var json = insomnia.response.json();\n\ninsomnia.collectionVariables.set(\"PHOTOSHOP_STATUS_URL_TEXT_PB\", json._links.self.href);\n",
      "settingStoreCookies": true,
      "settingSendCookies": true,
      "settingDisableRenderRequestBody": false,
      "settingEncodeUrl": true,
      "settingRebuildPath": true,
      "settingFollowRedirects": "global",
      "_type": "request"
    },
    {
      "_id": "req_5aedab9effbc4b89b075fef23473d7b6",
      "parentId": "fld_8e02f1ba533a45bca45c2c27f594c1b6",
      "modified": 1737962973193,
      "created": 1737672798290,
      "url": "{{PHOTOSHOP_STATUS_URL_TEXT_PB}}",
      "name": "7. Photoshop -  Get PS Status Text",
      "description": "",
      "method": "GET",
      "body": {},
      "parameters": [],
      "headers": [
        {
          "name": "x-api-key",
          "value": "{{API_KEY}}"
        },
        {
          "name": "Authorization",
          "value": "Bearer {{ACCESS_TOKEN}}"
        }
      ],
      "authentication": {},
      "preRequestScript": "",
      "metaSortKey": -1737672795549,
      "isPrivate": false,
      "pathParameters": [],
      "afterResponseScript": "var json = insomnia.response.json();\n\nif(json.status == \"succeeded\" || json.outputs[0].status == \"succeeded\"){\n    //Only set if the response contains an output\n    if(json.outputs){\n        insomnia.collectionVariables.set(\"PHOTOSHOP_COMPLETED_ASSET_URL_IMG_TXT_PSD_PB\", json.outputs[0]._links.renditions[0].href);\n    }\n}\n\n",
      "settingStoreCookies": true,
      "settingSendCookies": true,
      "settingDisableRenderRequestBody": false,
      "settingEncodeUrl": true,
      "settingRebuildPath": true,
      "settingFollowRedirects": "global",
      "_type": "request"
    },
    {
      "_id": "req_481316861c804a04bd80df9809894406",
      "parentId": "fld_8e02f1ba533a45bca45c2c27f594c1b6",
      "modified": 1737963187293,
      "created": 1737672798290,
      "url": "https://image.adobe.io/pie/psdService/renditionCreate",
      "name": "6. Photoshop - Create Renditions",
      "description": "",
      "method": "POST",
      "body": {
        "mimeType": "application/json",
        "text": "{\n  \"inputs\": [\n    {\n      \"storage\": \"azure\",\n      \"href\": \"{{_['PHOTOSHOP_COMPLETED_ASSET_URL_IMG_TXT_PSD_PB']}}\"\n    }\n  ],\n  \"outputs\": [\n    {\n      \"href\": \"{{_['AZURE_STORAGE_URL']}}/{{_['AZURE_STORAGE_CONTAINER']}}/tech-insiders-welcome-finalimage.png{{_['AZURE_STORAGE_SAS_WRITE']}}\",\n      \"storage\": \"azure\",\n      \"type\": \"image/png\"\n    }\n  ]\n}"
      },
      "parameters": [],
      "headers": [
        {
          "name": "Content-Type",
          "value": "application/json"
        },
        {
          "name": "x-api-key",
          "value": "{{API_KEY}}"
        },
        {
          "name": "Authorization",
          "value": "Bearer {{ACCESS_TOKEN}}"
        }
      ],
      "authentication": {},
      "preRequestScript": "",
      "metaSortKey": -1737672795548,
      "isPrivate": false,
      "afterResponseScript": "var json = insomnia.response.json();\n\ninsomnia.collectionVariables.set(\"PHOTOSHOP_STATUS_URL_PNG_PB\", json._links.self.href);\n",
      "settingStoreCookies": true,
      "settingSendCookies": true,
      "settingDisableRenderRequestBody": false,
      "settingEncodeUrl": true,
      "settingRebuildPath": true,
      "settingFollowRedirects": "global",
      "_type": "request"
    },
    {
      "_id": "req_858eef11389149c58d76c3d6a2e4e394",
      "parentId": "fld_8e02f1ba533a45bca45c2c27f594c1b6",
      "modified": 1737963000212,
      "created": 1737672798290,
      "url": "{{PHOTOSHOP_STATUS_URL_PNG_PB}}",
      "name": "7. Photoshop -  Get PS Status PNG",
      "description": "",
      "method": "GET",
      "body": {},
      "parameters": [],
      "headers": [
        {
          "name": "x-api-key",
          "value": "{{API_KEY}}"
        },
        {
          "name": "Authorization",
          "value": "Bearer {{ACCESS_TOKEN}}"
        }
      ],
      "authentication": {},
      "preRequestScript": "",
      "metaSortKey": -1737672795547,
      "isPrivate": false,
      "pathParameters": [],
      "afterResponseScript": "var json = insomnia.response.json();\n\nif(json.status == \"succeeded\" || json.outputs[0].status == \"succeeded\"){\n    //Only set if the response contains an output\n    if(json.outputs){\n        insomnia.collectionVariables.set(\"PHOTOSHOP_COMPLETED_ASSET_URL_PNG_PB\", json.outputs[0]._links.renditions[0].href);\n    }\n}\n\n",
      "settingStoreCookies": true,
      "settingSendCookies": true,
      "settingDisableRenderRequestBody": false,
      "settingEncodeUrl": true,
      "settingRebuildPath": true,
      "settingFollowRedirects": "global",
      "_type": "request"
    },
    {
      "_id": "req_36663ac147c2483c8e6ec2c7ceff3db5",
      "parentId": "fld_8e02f1ba533a45bca45c2c27f594c1b6",
      "modified": 1737963239034,
      "created": 1737672798290,
      "url": "{{PHOTOSHOP_COMPLETED_ASSET_URL_PNG_PB}}",
      "name": "8. Get Image",
      "description": "",
      "method": "GET",
      "body": {},
      "parameters": [],
      "headers": [],
      "authentication": {},
      "preRequestScript": "",
      "metaSortKey": -1737672795546,
      "isPrivate": false,
      "pathParameters": [],
      "afterResponseScript": "",
      "settingStoreCookies": true,
      "settingSendCookies": true,
      "settingDisableRenderRequestBody": false,
      "settingEncodeUrl": true,
      "settingRebuildPath": true,
      "settingFollowRedirects": "global",
      "_type": "request"
    },
    {
      "_id": "req_069aba094f4b421b84137958041be0e6",
      "parentId": "fld_8e02f1ba533a45bca45c2c27f594c1b6",
      "modified": 1737963268467,
      "created": 1737672798290,
      "url": "https://dcs.adobedc.net/collection/63751d0f299eeb7aa48a2f22acb284ed64de575f8640986d8e5a935741be9067",
      "name": "9. Send Experience Event to AJO",
      "description": "",
      "method": "POST",
      "body": {
        "mimeType": "application/json",
        "text": "{\n\t\"header\": {\n\t\t\"datasetId\": \"672a10d47728e82aefa1ee0a\",\n\t\t\"imsOrgId\": \"907075E95BF479EC0A495C73@AdobeOrg\",\n\t\t\"schemaRef\": {\n\t\t\t\"id\": \"https://ns.adobe.com/experienceplatform/schemas/de41e11b65250f24f851a4b35e229f85750b71cba8cdb7fb\",\n\t\t\t\"contentType\": \"application/vnd.adobe.xed-full+json;version=1\"\n\t\t},\n\t\t\"source\": {\n\t\t\t\"name\": \"Journeys\"\n\t\t},\n\t\t\"strictValidation\": true\n\t},\n\t\"body\": {\n\t\t\"xdmMeta\": {\n\t\t\t\"schemaRef\": {\n\t\t\t\t\"id\": \"https://ns.adobe.com/experienceplatform/schemas/de41e11b65250f24f851a4b35e229f85750b71cba8cdb7fb\",\n\t\t\t\t\"contentType\": \"application/vnd.adobe.xed-full+json;version=1\"\n\t\t\t}\n\t\t},\n\t\t\"xdmEntity\": {\n\t\t\t\"_experienceplatform\": {\n\t\t\t\t\"interactionDetails\": {\n\t\t\t\t\t\"wffff\": {\n\t\t\t\t\t\t\"ffImage\": \"{{PHOTOSHOP_COMPLETED_ASSET_URL_PNG_PB}}\",\n\t\t\t\t\t\t\"ffemail\": \"woutervangeluwe@gmail.com\",\n\t\t\t\t\t\t\"fffirstName\": \"Wouter\"\n\t\t\t\t\t}\n\t\t\t\t},\n\t\t\t\t\"identification\": {\n\t\t\t\t\t\"core\": {\n\t\t\t\t\t\t\"crmId\": \"wouter-4567876567767376373\"\n\t\t\t\t\t}\n\t\t\t\t}\n\t\t\t},\n\t\t\t\"_id\": \"453563672872290202202\",\n\t\t\t\"_experience\": {\n\t\t\t\t\"campaign\": {\n\t\t\t\t\t\"orchestration\": {\n\t\t\t\t\t\t\"eventID\": \"5daf90a3cd620a4d71fddf3e9a7fb5f14d076033f60a40bf226d870d8a504f9d\"\n\t\t\t\t\t}\n\t\t\t\t}\n\t\t\t},\n\t\t\t\"timestamp\": \"2025-01-15T09:00:00.000Z\"\n\t\t}\n\t}\n}"
      },
      "parameters": [
        {
          "name": "syncValidation",
          "value": "false",
          "disabled": false
        }
      ],
      "headers": [
        {
          "name": "Content-Type",
          "value": "application/json"
        }
      ],
      "authentication": {},
      "preRequestScript": "",
      "metaSortKey": -1737672795545,
      "isPrivate": false,
      "afterResponseScript": "",
      "settingStoreCookies": true,
      "settingSendCookies": true,
      "settingDisableRenderRequestBody": false,
      "settingEncodeUrl": true,
      "settingRebuildPath": true,
      "settingFollowRedirects": "global",
      "_type": "request"
    },
    {
      "_id": "req_b79b930e67184b0aa4f3b4253ca0950f",
      "parentId": "fld_e1f52ff76eb048ae8387137f96a68cdf",
      "modified": 1737723050620,
      "created": 1737672798291,
      "url": "https://hook.fusion.adobe.com/tuqxu1k4rbf7xdiiqheswzib8iv5t0jh",
      "name": "POST - Send Request to Workfront Fusion Webhook",
      "description": "",
      "method": "POST",
      "body": {
        "mimeType": "application/json",
        "text": "{\n    \"psdTemplate\": \"citisignal-fiber.psd\",\n    \"xlsFile\": \"placeholder\"\n}"
      },
      "parameters": [],
      "headers": [
        {
          "name": "Content-Type",
          "value": "application/json"
        }
      ],
      "authentication": {},
      "preRequestScript": "",
      "metaSortKey": -1737672795543,
      "isPrivate": false,
      "afterResponseScript": "",
      "settingStoreCookies": true,
      "settingSendCookies": true,
      "settingDisableRenderRequestBody": false,
      "settingEncodeUrl": true,
      "settingRebuildPath": true,
      "settingFollowRedirects": "global",
      "_type": "request"
    },
    {
      "_id": "fld_e1f52ff76eb048ae8387137f96a68cdf",
      "parentId": "fld_93d58f42611646e08c19f14db9fce861",
      "modified": 1737672798291,
      "created": 1737672798291,
      "name": "vangeluw - Workfront Fusion",
      "description": "",
      "environment": {},
      "environmentPropertyOrder": null,
      "metaSortKey": -1737672795544,
      "preRequestScript": "",
      "afterResponseScript": "",
      "authentication": {},
      "_type": "request_group"
    },
    {
      "_id": "req_12cd4a167e784d2aa848fae1ba0e0f8b",
      "parentId": "fld_5ccac8c402274dcfb5ef2ac3144876bc",
      "modified": 1737963341345,
      "created": 1737672798291,
      "url": "https://firefly-api.adobe.io/v3/custom-models",
      "name": "1. FF - getCustomModels",
      "description": "",
      "method": "GET",
      "body": {
        "mimeType": "application/json",
        "text": "{\r\n  \"numVariations\": 1,\r\n  \"size\": {\r\n    \"width\": 2048,\r\n    \"height\": 2048\r\n  },\r\n  \"prompt\": \"Horses in a field\",\r\n  \"promptBiasingLocaleCode\": \"en-US\"\r\n}"
      },
      "parameters": [],
      "headers": [
        {
          "name": "Content-Type",
          "value": "application/json"
        },
        {
          "name": "x-api-key",
          "value": "{{API_KEY}}"
        },
        {
          "name": "Authorization",
          "value": "Bearer {{ACCESS_TOKEN}}"
        }
      ],
      "authentication": {},
      "preRequestScript": "var prompt = \"Horses in a field\"\n\n\ninsomnia.variables.set(\"FIREFLY_IMAGE_PROMPT\", prompt)",
      "metaSortKey": -1737672795541,
      "isPrivate": false,
      "afterResponseScript": "var json = insomnia.response.json()\n\nif(json.custom_models){\n    insomnia.collectionVariables.set(\"FIREFLY_CUSTOM_MODEL_ASSET_URL_PB\", json.custom_models[0].assetId);\n}",
      "settingStoreCookies": true,
      "settingSendCookies": true,
      "settingDisableRenderRequestBody": false,
      "settingEncodeUrl": true,
      "settingRebuildPath": true,
      "settingFollowRedirects": "global",
      "_type": "request"
    },
    {
      "_id": "fld_5ccac8c402274dcfb5ef2ac3144876bc",
      "parentId": "fld_93d58f42611646e08c19f14db9fce861",
      "modified": 1737672798291,
      "created": 1737672798291,
      "name": "FF. -Custom Models API",
      "description": "",
      "environment": {},
      "environmentPropertyOrder": null,
      "metaSortKey": -1737672795542,
      "preRequestScript": "",
      "afterResponseScript": "",
      "authentication": {},
      "_type": "request_group"
    },
    {
      "_id": "req_8360b4a0f1604578aab409f7fcb6c64b",
      "parentId": "fld_5ccac8c402274dcfb5ef2ac3144876bc",
      "modified": 1737963370785,
      "created": 1737672798292,
      "url": "https://firefly-api.adobe.io/v3/images/generate-async",
      "name": "2. Generate Images Async",
      "description": "",
      "method": "POST",
      "body": {
        "mimeType": "application/json",
        "text": "{\n    \"numVariations\": 2,\n    \n    \"size\": {\n        \"width\": 2048,\n        \"height\": 2048\n    },\n    \"prompt\": \"a white CitiSignal router on a colourful background\",\n    \"negativePrompt\": \"red\",\n    \"contentClass\": \"photo\",\n    \"visualIntensity\": 6,\n    \"style\": {\n        \"presets\": [\n            \"painting\"\n        ],\n        \"strength\": 50\n    },\n    \"promptBiasingLocaleCode\": \"en-US\",\n    \"customModelId\": \"{{_['FIREFLY_CUSTOM_MODEL_ASSET_URL_PB']}}\"\n}"
      },
      "parameters": [],
      "headers": [
        {
          "name": "Content-Type",
          "value": "application/json"
        },
        {
          "name": "User-Agent",
          "value": "insomnia/8.2.0"
        },
        {
          "name": "Accept",
          "value": "application/json"
        },
        {
          "name": "x-accept-mimetype",
          "value": "image/jpeg"
        },
        {
          "name": "x-model-version",
          "value": "image3_custom"
        },
        {
          "name": "x-api-key",
          "value": "{{API_KEY}}"
        },
        {
          "name": "Authorization",
          "value": "Bearer {{ACCESS_TOKEN}}"
        }
      ],
      "authentication": {},
      "preRequestScript": "",
      "metaSortKey": -1737672795540,
      "isPrivate": false,
      "afterResponseScript": "var jsonData = insomnia.response.json();\ninsomnia.collectionVariables.set(\"CUSTOM_MODEL_JOBID_PB\", jsonData.jobId);\ninsomnia.collectionVariables.set(\"CUSTOM_MODEL_STATUS_URL_PB\", jsonData.statusUrl);",
      "settingStoreCookies": true,
      "settingSendCookies": true,
      "settingDisableRenderRequestBody": false,
      "settingEncodeUrl": true,
      "settingRebuildPath": true,
      "settingFollowRedirects": "global",
      "_type": "request"
    },
    {
      "_id": "req_4b49883e35be40a9a38794a56eb56dac",
      "parentId": "fld_5ccac8c402274dcfb5ef2ac3144876bc",
      "modified": 1737963379615,
      "created": 1737672798292,
      "url": "https://firefly-api.adobe.io/v3/status/{{_['CUSTOM_MODEL_JOBID_PB']}}",
      "name": "3. Get CM Status",
      "description": "",
      "method": "GET",
      "body": {},
      "parameters": [],
      "headers": [
        {
          "name": "x-api-key",
          "value": "{{API_KEY}}"
        },
        {
          "name": "Authorization",
          "value": "Bearer {{ACCESS_TOKEN}}"
        }
      ],
      "authentication": {
        "type": "bearer",
        "disabled": false,
        "token": "{{ACCESS_TOKEN}}",
        "prefix": ""
      },
      "preRequestScript": "",
      "metaSortKey": -1737672795539,
      "isPrivate": false,
      "pathParameters": [],
      "afterResponseScript": "",
      "settingStoreCookies": true,
      "settingSendCookies": true,
      "settingDisableRenderRequestBody": false,
      "settingEncodeUrl": true,
      "settingRebuildPath": true,
      "settingFollowRedirects": "global",
      "_type": "request"
    },
    {
      "_id": "req_bae7a9d0ba3e473aa172329716b218e1",
      "parentId": "fld_5ccac8c402274dcfb5ef2ac3144876bc",
      "modified": 1737963386688,
      "created": 1737672798292,
      "url": "https://firefly-api.adobe.io/v3/status/{{_['CUSTOM_MODEL_JOBID_PB']}}",
      "name": "4. Cancel CM Job",
      "description": "",
      "method": "GET",
      "body": {},
      "parameters": [],
      "headers": [
        {
          "name": "x-api-key",
          "value": "{{API_KEY}}"
        },
        {
          "name": "Authorization",
          "value": "Bearer {{ACCESS_TOKEN}}"
        }
      ],
      "authentication": {
        "type": "bearer",
        "disabled": false,
        "token": "{{ACCESS_TOKEN}}",
        "prefix": ""
      },
      "preRequestScript": "",
      "metaSortKey": -1737672795538,
      "isPrivate": false,
      "pathParameters": [],
      "afterResponseScript": "",
      "settingStoreCookies": true,
      "settingSendCookies": true,
      "settingDisableRenderRequestBody": false,
      "settingEncodeUrl": true,
      "settingRebuildPath": true,
      "settingFollowRedirects": "global",
      "_type": "request"
    },
    {
      "_id": "env_c50c316ffbbb41308c736857ac9aa19b",
      "parentId": "wrk_d8ecb35881354d2397e47b52277a05ae",
      "modified": 1737965138365,
      "created": 1737672800398,
      "name": "Base Environment",
      "data": {
        "CLIENT_SECRET": "",
        "API_KEY": "",
        "ACCESS_TOKEN": "",
        "SCOPES": [
          "openid",
          "AdobeID",
          "ff_apis",
          "firefly_api"
        ],
        "TECHNICAL_ACCOUNT_ID": "",
        "IMS": "ims-na1.adobelogin.com",
        "IMS_ORG": "",
        "access_token": "",
        "IMS_TOKEN": "",
        "AZURE_STORAGE_URL": "",
        "AZURE_STORAGE_CONTAINER": "",
        "AZURE_STORAGE_SAS_READ": "",
        "AZURE_STORAGE_SAS_WRITE": "",
      },
      "dataPropertyOrder": {
        "&": [
          "CLIENT_SECRET",
          "API_KEY",
          "ACCESS_TOKEN",
          "SCOPES",
          "TECHNICAL_ACCOUNT_ID",
          "IMS",
          "IMS_ORG",
          "access_token",
          "IMS_TOKEN",
          "AZURE_STORAGE_URL",
          "AZURE_STORAGE_CONTAINER",
          "AZURE_STORAGE_SAS_READ",
          "AZURE_STORAGE_SAS_WRITE",
          "FIREFLY_COMPLETED_ASSET_URL_ANIMAL",
          "FIREFLY_COMPLETED_ASSET_URL_ANIMAL1",
          "PHOTOSHOP_STATUS_URL_REMOVE_BG",
          "FIREFLY_COMPLETED_ASSET_URL_PB",
          "FIREFLY_IMAGE_URL_PB",
          "PHOTOSHOP_STATUS_URL_PB",
          "PHOTOSHOP_RESPONSE_JSON_PB",
          "FIREFLY_COMPLETED_ASSET_URL_ANIMAL_PB",
          "PHOTOSHOP_STATUS_URL_REMOVE_BG_PB",
          "PHOTOSHOP_COMPLETED_ASSET_URL_NO_BG_PB",
          "PHOTOSHOP_STATUS_URL",
          "PHOTOSHOP_COMPLETED_ASSET_URL_PSD",
          "PHOTOSHOP_COMPLETED_ASSET_URL_PSD_PB",
          "PHOTOSHOP_STATUS_URL_TEXT_PB",
          "PHOTOSHOP_COMPLETED_ASSET_URL_IMG_TXT_PSD_PB",
          "PHOTOSHOP_STATUS_URL_PNG_PB",
          "PHOTOSHOP_COMPLETED_ASSET_URL_PNG_PB",
          "FIREFLY_CUSTOM_MODEL_ASSET_URL_PB",
          "CUSTOM_MODEL_JOBID_PB",
          "CUSTOM_MODEL_STATUS_URL_PB"
        ]
      },
      "color": null,
      "isPrivate": false,
      "metaSortKey": 1737672800398,
      "_type": "environment"
    },
    {
      "_id": "jar_26f93a095fb04a6ab36846bd64512962",
      "parentId": "wrk_d8ecb35881354d2397e47b52277a05ae",
      "modified": 1737963408099,
      "created": 1737672800438,
      "name": "Default Jar",
      "cookies": [
        {
          "id": "6fb1525d-6d66-475a-aac8-65f964803d5f",
          "key": "relay",
          "value": "48423d7a-699b-407e-8e3e-82be7a5bd39a",
          "expires": "Infinity",
          "domain": "ims-na1.adobelogin.com",
          "path": "/",
          "secure": true,
          "httpOnly": false,
          "extensions": [],
          "creation": "2025-01-23T23:07:34.885Z",
          "hostOnly": true,
          "lastAccessed": "2025-01-23T23:07:34.885Z"
        },
        {
          "id": "f88199e6-71f4-4eaa-a36e-6f36d4b4a2f1",
          "key": "ftrset",
          "value": "227",
          "expires": "Infinity",
          "domain": "ims-na1.adobelogin.com",
          "path": "/",
          "secure": true,
          "httpOnly": true,
          "extensions": [],
          "creation": "2025-01-23T23:07:34.885Z",
          "hostOnly": true,
          "lastAccessed": "2025-01-23T23:07:34.885Z"
        }
      ],
      "_type": "cookie_jar"
    }
  ]
}