{
  "_type": "export",
  "__export_format": 4,
  "__export_date": "2025-06-21T20:33:13.250Z",
  "__export_source": "insomnia.desktop.app:v10.1.1-adobe",
  "resources": [
    {
      "_id": "req_3e1fe7a6c009457e91e629b830a79c8a",
      "parentId": "fld_033dc18e067a4f8f8d1ac2e14c963b8a",
      "modified": 1749446435695,
      "created": 1737673626982,
      "url": "https://ims-na1.adobelogin.com/ims/token/v2",
      "name": "POST - Get Access Token",
      "description": "",
      "method": "POST",
      "body": {},
      "parameters": [
        {
          "name": "grant_type",
          "value": "client_credentials",
          "disabled": false,
          "id": "pair_1205f01d2a0a4225999533df752253a7"
        },
        {
          "name": "client_id",
          "value": "{{API_KEY}}",
          "disabled": false,
          "id": "pair_9c9dfff401f8455b8f2e4f6b6ab26e2a"
        },
        {
          "name": "client_secret",
          "value": "{{CLIENT_SECRET}}",
          "disabled": false,
          "id": "pair_a065ed28de1046f3b67be623c94e11e4"
        },
        {
          "name": "scope",
          "value": "{{SCOPES}}",
          "disabled": false,
          "id": "pair_951ea9b1c3704d78b2e40df2d19635ae"
        }
      ],
      "headers": [
        {
          "name": "Cookie",
          "value": "relay=48423d7a-699b-407e-8e3e-82be7a5bd39a; ftrset=227"
        }
      ],
      "authentication": {},
      "metaSortKey": -1737673626982,
      "isPrivate": false,
      "afterResponseScript": "const json = insomnia.response.json();\ninsomnia.environment.set(\"access_token\", json.access_token);\ninsomnia.environment.set(\"ACCESS_TOKEN\", json.access_token);\ninsomnia.environment.set(\"IMS_TOKEN\", json.access_token);",
      "settingStoreCookies": true,
      "settingSendCookies": true,
      "settingDisableRenderRequestBody": false,
      "settingEncodeUrl": true,
      "settingRebuildPath": true,
      "settingFollowRedirects": "global",
      "_type": "request"
    },
    {
      "_id": "fld_033dc18e067a4f8f8d1ac2e14c963b8a",
      "parentId": "fld_df97f5082afd4f469133ca16d8ce636f",
      "modified": 1737673806275,
      "created": 1737673617969,
      "name": "Adobe IO - OAuth",
      "description": "",
      "environment": {},
      "environmentPropertyOrder": null,
      "metaSortKey": -1737673617969,
      "_type": "request_group"
    },
    {
      "_id": "fld_df97f5082afd4f469133ca16d8ce636f",
      "parentId": "wrk_44473f75cf7c46fcabefb618909f43b0",
      "modified": 1737672798281,
      "created": 1737672798281,
      "name": "FF - Firefly Services Tech Insiders",
      "description": "",
      "environment": {
        "IMS_TOKEN": "",
        "STORAGE_ASSET_NAME": "",
        "STORAGE_ASSET_URL": "",
        "PHOTOSHOP_RESPONSE_JSON": "",
        "FIREFLY_COMPLETED_ASSET_URL": "",
        "FIREFLY_STATUS_URL": "",
        "FIREFLY_CANCEL_URL": "",
        "INDESIGN_COMPLETED_ASSET_URL": "",
        "INDESIGN_STATUS_URL": "",
        "STORAGE_ASSET_CONTENT_LENGTH": "",
        "STORAGE_ASSET_CONTENT_TYPE": "",
        "STORAGE_ASSET_CONTENT_MD5": "",
        "PHOTOSHOP_COMPLETED_ASSET_URL": "",
        "PHOTOSHOP_STATUS_URL": "",
        "PHOTOSHOP_COMPLETED_RENDITION_URL": "",
        "LIGHTROOM_COMPLETED_ASSET_URL": "",
        "LIGHTROOM_STATUS_URL": "",
        "EXPRESS_STATUS_URL": "",
        "EXPRESS_RENDITION_URL": "",
        "FIREFLY_ASSET_ID": "",
        "INDESIGN_DATA_FILE_URL": "",
        "INDESIGN_IMAGE_FILE_URL": "",
        "FIREFLY_IMAGE_URL": "",
        "FIREFLY_COMPLETED_ASSET_URL_ANIMAL": "",
        "PHOTOSHOP_STATUS_URL_REMOVE_BG": "",
        "PHOTOSHOP_COMPLETED_ASSET_URL_NO_BG": "",
        "PHOTOSHOP_COMPLETED_ASSET_URL_PSD": "",
        "PHOTOSHOP_STATUS_URL_PNG": "",
        "PHOTOSHOP_COMPLETED_ASSET_URL_PNG": "",
        "PHOTOSHOP_STATUS_URL_TEXT": "",
        "PHOTOSHOP_COMPLETED_ASSET_URL_IMG_TXT_PSD": "",
        "JOBID": "",
        "FIREFLY_CUSTOM_MODEL_ASSET_URL": "",
        "CUSTOM_MODEL_STATUS_URL": "",
        "CUSTOM_MODEL_JOBID": ""
      },
      "environmentPropertyOrder": null,
      "metaSortKey": -1737672795572,
      "preRequestScript": "",
      "afterResponseScript": "",
      "authentication": {},
      "_type": "request_group"
    },
    {
      "_id": "wrk_44473f75cf7c46fcabefb618909f43b0",
      "parentId": null,
      "modified": 1749447272603,
      "created": 1749447272603,
      "name": "One Adobe Tutorial - Tech Insiders v14/08/2025",
      "description": "",
      "scope": "collection",
      "_type": "workspace"
    },
    {
      "_id": "req_909af0f4dec5412186d76f9d6f6588cf",
      "parentId": "fld_2bad49e5b6214dd28070d395f88a738b",
      "modified": 1737672798283,
      "created": 1737672798283,
      "url": "{{_['AZURE_STORAGE_URL']}}/{{_['AZURE_STORAGE_CONTAINER']}}/citisignal-fiber.psd{{_['AZURE_STORAGE_SAS_WRITE']}}",
      "name": "Upload PSD to Azure Storage Account",
      "description": "",
      "method": "PUT",
      "body": {},
      "parameters": [],
      "headers": [
        {
          "name": "x-ms-blob-type",
          "value": "BlockBlob"
        }
      ],
      "authentication": {},
      "preRequestScript": "",
      "metaSortKey": -1737672795570,
      "isPrivate": false,
      "afterResponseScript": "",
      "settingStoreCookies": true,
      "settingSendCookies": true,
      "settingDisableRenderRequestBody": false,
      "settingEncodeUrl": true,
      "settingRebuildPath": true,
      "settingFollowRedirects": "global",
      "_type": "request"
    },
    {
      "_id": "fld_2bad49e5b6214dd28070d395f88a738b",
      "parentId": "fld_df97f5082afd4f469133ca16d8ce636f",
      "modified": 1737672798282,
      "created": 1737672798282,
      "name": "Photoshop",
      "description": "",
      "environment": {},
      "environmentPropertyOrder": null,
      "metaSortKey": -1737672795571,
      "preRequestScript": "",
      "afterResponseScript": "",
      "authentication": {
        "type": "bearer",
        "disabled": false,
        "token": "{{IMS_TOKEN}}",
        "prefix": ""
      },
      "_type": "request_group"
    },
    {
      "_id": "req_16ce6ceebd284f3fbed8f12f95b28c96",
      "parentId": "fld_2bad49e5b6214dd28070d395f88a738b",
      "modified": 1737672798284,
      "created": 1737672798284,
      "url": "https://image.adobe.io/pie/psdService/hello",
      "name": "Photoshop Hello (Test Auth.)",
      "description": "",
      "method": "GET",
      "body": {},
      "parameters": [],
      "headers": [
        {
          "name": "x-api-key",
          "value": "{{API_KEY}}"
        },
        {
          "name": "Authorization",
          "value": "Bearer {{ACCESS_TOKEN}}"
        }
      ],
      "authentication": {},
      "preRequestScript": "",
      "metaSortKey": -1737672795569,
      "isPrivate": false,
      "afterResponseScript": "",
      "settingStoreCookies": true,
      "settingSendCookies": true,
      "settingDisableRenderRequestBody": false,
      "settingEncodeUrl": true,
      "settingRebuildPath": true,
      "settingFollowRedirects": "global",
      "_type": "request"
    },
    {
      "_id": "req_77b44484b2514198b62e2cd91890297c",
      "parentId": "fld_2bad49e5b6214dd28070d395f88a738b",
      "modified": 1748003860976,
      "created": 1737672798284,
      "url": "https://image.adobe.io/pie/psdService/documentManifest",
      "name": "Photoshop - Get PSD Manifest",
      "description": "",
      "method": "POST",
      "body": {
        "mimeType": "application/json",
        "text": "{\n  \"inputs\": [\n    {\n      \"storage\": \"external\",\n      \"href\": \"{{_['AZURE_STORAGE_URL']}}/{{_['AZURE_STORAGE_CONTAINER']}}/citisignal-fiber.psd{{_['AZURE_STORAGE_SAS_READ']}}\"\n    }\n  ],\n  \"options\": {\n    \"thumbnails\": {\n      \"type\": \"image/jpeg\"\n    }\n  }\n}"
      },
      "parameters": [],
      "headers": [
        {
          "name": "x-api-key",
          "value": "{{API_KEY}}"
        },
        {
          "name": "Content-Type",
          "value": "application/json"
        },
        {
          "name": "Authorization",
          "value": "Bearer {{ACCESS_TOKEN}}"
        }
      ],
      "authentication": {},
      "preRequestScript": "",
      "metaSortKey": -1737672795568,
      "isPrivate": false,
      "pathParameters": [],
      "afterResponseScript": "var json = insomnia.response.json();\n\ninsomnia.collectionVariables.set(\"PHOTOSHOP_STATUS_URL_PB\", json._links.self.href);\n",
      "settingStoreCookies": true,
      "settingSendCookies": true,
      "settingDisableRenderRequestBody": false,
      "settingEncodeUrl": true,
      "settingRebuildPath": true,
      "settingFollowRedirects": "global",
      "_type": "request"
    },
    {
      "_id": "req_32cc6a07f4b8496daaf304a211fa63bd",
      "parentId": "fld_2bad49e5b6214dd28070d395f88a738b",
      "modified": 1750536025888,
      "created": 1737672798285,
      "url": "https://image.adobe.io/pie/psdService/text",
      "name": "Photoshop - Change Text",
      "description": "",
      "method": "POST",
      "body": {
        "mimeType": "application/json",
        "text": "{\n  \"inputs\": [\n    {\n      \"storage\": \"external\",\n      \"href\": \"{{_['AZURE_STORAGE_URL']}}/{{_['AZURE_STORAGE_CONTAINER']}}/citisignal-fiber-replacedbg.psd{{_['AZURE_STORAGE_SAS_READ']}}\"\n    }\n  ],\n  \"options\": {\n    \"layers\": [\n      {\n        \"name\": \"2048x2048-cta\",\n        \"text\": {\n          \"content\": \"Get Fiber now!\"\n        }\n      }\n    ]\n  },\n  \"outputs\": [\n    {\n      \"storage\": \"azure\",\n      \"href\": \"{{_['AZURE_STORAGE_URL']}}/{{_['AZURE_STORAGE_CONTAINER']}}/citisignal-fiber-changed-text.psd{{_['AZURE_STORAGE_SAS_WRITE']}}\",\n      \"type\": \"vnd.adobe.photoshop\",\n      \"overwrite\": true\n    }\n  ]\n}"
      },
      "parameters": [],
      "headers": [
        {
          "name": "x-api-key",
          "value": "{{API_KEY}}"
        },
        {
          "name": "Content-Type",
          "value": "application/json"
        },
        {
          "name": "Authorization",
          "value": "Bearer {{ACCESS_TOKEN}}"
        }
      ],
      "authentication": {},
      "preRequestScript": "",
      "metaSortKey": -1737672795566,
      "isPrivate": false,
      "afterResponseScript": "var json = insomnia.response.json();\n\ninsomnia.collectionVariables.set(\"PHOTOSHOP_STATUS_URL_PB\", json._links.self.href);\n",
      "settingStoreCookies": true,
      "settingSendCookies": true,
      "settingDisableRenderRequestBody": false,
      "settingEncodeUrl": true,
      "settingRebuildPath": true,
      "settingFollowRedirects": "global",
      "_type": "request"
    },
    {
      "_id": "req_016eb40f55d54c03a07cb90d9fa6a57d",
      "parentId": "fld_2bad49e5b6214dd28070d395f88a738b",
      "modified": 1750535942909,
      "created": 1750535760253,
      "url": "https://image.adobe.io/pie/psdService/smartObject",
      "name": "Photoshop - Smart Replace",
      "description": "",
      "method": "POST",
      "body": {
        "mimeType": "application/json",
        "text": "{\n    \"inputs\": [\n        {\n            \"storage\": \"azure\",\n            \"href\": \"{{ _.AZURE_STORAGE_URL }}/{{ _.AZURE_STORAGE_CONTAINER }}/citisignal-fiber.psd{{ _.AZURE_STORAGE_SAS_READ }}\"\n        }\n    ],\n    \"options\": {\n        \"layers\": [\n            {\n                \"name\": \"2048x2048-image\",\n                \"input\": {\n                    \"href\": \"{{ _.FIREFLY_COMPLETED_ASSET_URL_PB }}\",\n                    \"storage\": \"external\"\n                }\n            }\n        ]\n    },\n    \"outputs\": [\n        {\n            \"storage\": \"azure\",\n            \"href\": \"{{ _.AZURE_STORAGE_URL }}/{{ _.AZURE_STORAGE_CONTAINER }}/citisignal-fiber-replacedbg.psd{{ _.AZURE_STORAGE_SAS_WRITE }}\",\n            \"type\": \"vnd.adobe.photoshop\",\n            \"overwrite\": true\n        }\n    ]\n}"
      },
      "parameters": [],
      "headers": [
        {
          "name": "x-api-key",
          "value": "{{API_KEY}}"
        },
        {
          "name": "Content-Type",
          "value": "application/json"
        },
        {
          "name": "Authorization",
          "value": "Bearer {{ACCESS_TOKEN}}"
        }
      ],
      "authentication": {},
      "preRequestScript": "",
      "metaSortKey": -1737672795565,
      "isPrivate": false,
      "pathParameters": [],
      "afterResponseScript": "var json = insomnia.response.json();\n\ninsomnia.collectionVariables.set(\"PHOTOSHOP_STATUS_URL_PB\", json._links.self.href);\n",
      "settingStoreCookies": true,
      "settingSendCookies": true,
      "settingDisableRenderRequestBody": false,
      "settingEncodeUrl": true,
      "settingRebuildPath": true,
      "settingFollowRedirects": "global",
      "_type": "request"
    },
    {
      "_id": "req_cd90c4e851a24891b9db93e640fcd8c9",
      "parentId": "fld_2bad49e5b6214dd28070d395f88a738b",
      "modified": 1750536034152,
      "created": 1737672798285,
      "url": "{{PHOTOSHOP_STATUS_URL_PB}}",
      "name": "Photoshop -  Get PS Status",
      "description": "",
      "method": "GET",
      "body": {},
      "parameters": [],
      "headers": [
        {
          "name": "x-api-key",
          "value": "{{API_KEY}}"
        },
        {
          "name": "Authorization",
          "value": "Bearer {{ACCESS_TOKEN}}"
        }
      ],
      "authentication": {},
      "preRequestScript": "",
      "metaSortKey": -1737672795465,
      "isPrivate": false,
      "pathParameters": [],
      "afterResponseScript": "var json = insomnia.response.json();\n\nif(json.status == \"succeeded\" || json.outputs[0].status == \"succeeded\"){\n    //Only set if the response contains an output\n    if(json.output && json.output.href){\n        insomnia.collectionVariables.set(\"PHOTOSHOP_COMPLETED_ASSET_URL_PB\", json.output.href);\n    }\n    insomnia.collectionVariables.set(\"PHOTOSHOP_RESPONSE_JSON_PB\", JSON.stringify(json)); \n}\n\n",
      "settingStoreCookies": true,
      "settingSendCookies": true,
      "settingDisableRenderRequestBody": false,
      "settingEncodeUrl": true,
      "settingRebuildPath": true,
      "settingFollowRedirects": "global",
      "_type": "request"
    },
    {
      "_id": "req_9a1068df693541b7be4a1372f400adec",
      "parentId": "fld_e35d6ab6f84e4884a64c9b621e8d6ae2",
      "modified": 1750057987765,
      "created": 1737672798286,
      "url": "https://firefly-api.adobe.io/v3/images/generate-async",
      "name": "Firefly - T2I V3 async",
      "description": "",
      "method": "POST",
      "body": {
        "mimeType": "application/json",
        "text": "{\n  \"numVariations\": 1,\n  \"size\": {\n    \"width\": 2048,\n    \"height\": 2048\n  },\n  \"prompt\": \"horses in a field\",\n  \"promptBiasingLocaleCode\": \"en-US\"\n}"
      },
      "parameters": [],
      "headers": [
        {
          "name": "Content-Type",
          "value": "application/json",
          "id": "pair_af9ba905c8bd42a4a7d90d95ff8043db"
        },
        {
          "name": "x-api-key",
          "value": "{{API_KEY}}",
          "id": "pair_289bc7fa16fe4f04a035adaf06892025"
        },
        {
          "name": "Authorization",
          "value": "Bearer {{ACCESS_TOKEN}}",
          "id": "pair_efac2b5de5064d51bf73ba5c5bb96ca1"
        },
        {
          "id": "pair_77b6fa5cd0e64590a359183bcb0b0c0f",
          "name": "",
          "value": "",
          "description": "",
          "disabled": false
        }
      ],
      "authentication": {},
      "preRequestScript": "var prompt = \"Horses in a field\"\ninsomnia.variables.set(\"FIREFLY_IMAGE_PROMPT\", prompt)",
      "metaSortKey": -1737672795564,
      "isPrivate": false,
      "pathParameters": [],
      "afterResponseScript": "var json = insomnia.response.json()\n\nif(json){\n    insomnia.collectionVariables.set(\"FIREFLY_STATUS_REPORT_URL\", json.statusUrl);\n}\n\nif(json.outputs){\n    insomnia.collectionVariables.set(\"FIREFLY_COMPLETED_ASSET_URL_PB\", json.outputs[0].image.url);\n}",
      "settingStoreCookies": true,
      "settingSendCookies": true,
      "settingDisableRenderRequestBody": false,
      "settingEncodeUrl": true,
      "settingRebuildPath": true,
      "settingFollowRedirects": "global",
      "_type": "request"
    },
    {
      "_id": "fld_e35d6ab6f84e4884a64c9b621e8d6ae2",
      "parentId": "fld_df97f5082afd4f469133ca16d8ce636f",
      "modified": 1737672798285,
      "created": 1737672798285,
      "name": "Firefly",
      "description": "",
      "environment": {},
      "environmentPropertyOrder": null,
      "metaSortKey": -1737672795565,
      "preRequestScript": "",
      "afterResponseScript": "",
      "authentication": {
        "type": "bearer",
        "disabled": false,
        "token": "{{IMS_TOKEN}}",
        "prefix": ""
      },
      "_type": "request_group"
    },
    {
      "_id": "req_94a54802e2b047eb932d45eb520e88b3",
      "parentId": "fld_e35d6ab6f84e4884a64c9b621e8d6ae2",
      "modified": 1750057915172,
      "created": 1737672798286,
      "url": "https://firefly-api.adobe.io/v3/images/generate-async",
      "name": "Firefly - T2I (styleref) V3 async",
      "description": "",
      "method": "POST",
      "body": {
        "mimeType": "application/json",
        "text": "{\n  \"numVariations\": 1,\n  \"size\": {\n    \"width\": 1024,\n    \"height\": 1024\n  },\n  \"prompt\": \"Horses in a field\",\n  \"promptBiasingLocaleCode\": \"en-US\",\n  \"style\": {\n    \"strength\": 100,\n    \"imageReference\": {\n        \"source\": {\n            \"url\": \"https://techinsiders.blob.core.windows.net/vangeluw/gradient.jpg?sv=2023-01-03&st=2025-05-23T07%3A25%3A48Z&se=2025-05-24T07%3A25%3A48Z&sr=b&sp=racw&sig=aSzQXaaKVwmMy9nllrffkgTToPeheTiJgk1sdRPR6k8%3D\"\n        }\n    }\n  }\n}"
      },
      "parameters": [],
      "headers": [
        {
          "name": "Content-Type",
          "value": "application/json"
        },
        {
          "name": "x-api-key",
          "value": "{{API_KEY}}"
        },
        {
          "name": "Authorization",
          "value": "Bearer {{ACCESS_TOKEN}}"
        }
      ],
      "authentication": {},
      "preRequestScript": "",
      "metaSortKey": -1737672795563,
      "isPrivate": false,
      "pathParameters": [],
      "afterResponseScript": "var json = insomnia.response.json()\n\nif(json){\n    insomnia.collectionVariables.set(\"FIREFLY_STATUS_REPORT_URL\", json.statusUrl);\n}\n\nif(json.outputs){\n    insomnia.collectionVariables.set(\"FIREFLY_IMAGE_URL_PB\", json.outputs[0].image.url);\n    insomnia.collectionVariables.set(\"FIREFLY_COMPLETED_ASSET_URL_PB\", json.outputs[0].image.url);\n}",
      "settingStoreCookies": true,
      "settingSendCookies": true,
      "settingDisableRenderRequestBody": false,
      "settingEncodeUrl": true,
      "settingRebuildPath": true,
      "settingFollowRedirects": "global",
      "_type": "request"
    },
    {
      "_id": "req_dadaad33fd4a48298f8b14bcc01c4aa0",
      "parentId": "fld_e35d6ab6f84e4884a64c9b621e8d6ae2",
      "modified": 1750057918266,
      "created": 1737672798286,
      "url": "https://firefly-api.adobe.io/v3/images/generate-async",
      "name": "Firefly - T2I (styleref + structureref) V3 async",
      "description": "",
      "method": "POST",
      "body": {
        "mimeType": "application/json",
        "text": "{\n  \"numVariations\": 1,\n  \"size\": {\n    \"width\": 1024,\n    \"height\": 1024\n  },\n  \"prompt\": \"{{FIREFLY_IMAGE_PROMPT_PB}}\",\n  \"promptBiasingLocaleCode\": \"en-US\",\n  \"style\": {\n    \"strength\": 100,\n    \"imageReference\": {\n        \"source\": {\n            \"uploadId\": \"{{_['FIREFLY_STYLE_REFERENCE_IMAGE_ID']}}\"\n        }\n    }\n  },\n  \"structure\": {\n    \"strength\": 100,\n    \"imageReference\": {\n        \"source\": {\n            \"uploadId\": \"{{_['FIREFLY_STRUCTURE_REFERENCE_IMAGE_ID']}}\"\n        }\n    }\n  }\n}"
      },
      "parameters": [],
      "headers": [
        {
          "name": "Content-Type",
          "value": "application/json"
        },
        {
          "name": "x-api-key",
          "value": "{{API_KEY}}"
        },
        {
          "name": "Authorization",
          "value": "Bearer {{ACCESS_TOKEN}}"
        }
      ],
      "authentication": {
        "type": "bearer",
        "disabled": false,
        "token": "{{ACCESS_TOKEN}}",
        "prefix": ""
      },
      "preRequestScript": "",
      "metaSortKey": -1737672795562,
      "isPrivate": false,
      "pathParameters": [],
      "afterResponseScript": "var json = insomnia.response.json()\n\nif(json){\n    insomnia.collectionVariables.set(\"FIREFLY_STATUS_REPORT_URL\", json.statusUrl);\n}\n\nif(json.outputs){\n    insomnia.collectionVariables.set(\"FIREFLY_IMAGE_URL_PB\", json.outputs[0].image.url);\n}",
      "settingStoreCookies": true,
      "settingSendCookies": true,
      "settingDisableRenderRequestBody": false,
      "settingEncodeUrl": true,
      "settingRebuildPath": true,
      "settingFollowRedirects": "global",
      "_type": "request"
    },
    {
      "_id": "req_57479faac7b74ec693ffa9e21bdd621c",
      "parentId": "fld_e35d6ab6f84e4884a64c9b621e8d6ae2",
      "modified": 1750058134541,
      "created": 1737672798287,
      "url": "{{ _.FIREFLY_COMPLETED_ASSET_URL_PB }}",
      "name": "Firefly - Get Generated Image",
      "description": "",
      "method": "GET",
      "body": {},
      "parameters": [],
      "headers": [],
      "authentication": {},
      "preRequestScript": "",
      "metaSortKey": -1737672795561,
      "isPrivate": false,
      "pathParameters": [],
      "afterResponseScript": "",
      "settingStoreCookies": true,
      "settingSendCookies": true,
      "settingDisableRenderRequestBody": false,
      "settingEncodeUrl": true,
      "settingRebuildPath": true,
      "settingFollowRedirects": "global",
      "_type": "request"
    },
    {
      "_id": "req_f20a518db51f4f0ab639f367c50f8017",
      "parentId": "fld_e35d6ab6f84e4884a64c9b621e8d6ae2",
      "modified": 1750058195739,
      "created": 1737672798287,
      "url": "https://firefly-api.adobe.io/v3/images/expand-async",
      "name": "Firefly - Gen Expand async",
      "description": "A variable GenExpand operation with variables that suppports running as batch with CSV. Sample file: [genexpand.csv](https://adobe.sharepoint.com/:x:/r/sites/DMeEntPMMHub/Shared%20Documents/FY24%20Solutions/Demos/Demo%20Assets/genexpand.csv?d=wbbe7490e66a54b908c2b8759a85db17c&csf=1&web=1&e=yMhRXV)",
      "method": "POST",
      "body": {
        "mimeType": "application/json",
        "text": "{\n  \"numVariations\": 1,\n  \"size\": {\n    \"width\": 3999,\n    \"height\": 3999\n  },\n  \"image\": {\n    \"source\": {\n      \"url\": \"{{FIREFLY_COMPLETED_ASSET_URL_PB}}\"\n    }\n    \n  },\n  \"placement\": {\n    \"alignment\": {\n      \"horizontal\": \"left\",\n      \"vertical\": \"bottom\"\n    }\n  }\n}"
      },
      "parameters": [],
      "headers": [
        {
          "name": "Content-Type",
          "value": "application/json"
        },
        {
          "name": "x-api-key",
          "value": "{{API_KEY}}"
        },
        {
          "name": "Authorization",
          "value": "Bearer {{ACCESS_TOKEN}}"
        }
      ],
      "authentication": {
        "type": "bearer",
        "disabled": false,
        "token": "{{ACCESS_TOKEN}}",
        "prefix": ""
      },
      "preRequestScript": "",
      "metaSortKey": -1737672795560,
      "isPrivate": false,
      "pathParameters": [],
      "afterResponseScript": "var json = insomnia.response.json()\n\nif(json){\n    insomnia.collectionVariables.set(\"FIREFLY_STATUS_REPORT_URL\", json.statusUrl);\n}\n\nif(json.outputs){\n    insomnia.collectionVariables.set(\"FIREFLY_COMPLETED_ASSET_URL_PB_EXP\", json.outputs[0].image.url);\n}",
      "settingStoreCookies": true,
      "settingSendCookies": true,
      "settingDisableRenderRequestBody": false,
      "settingEncodeUrl": true,
      "settingRebuildPath": true,
      "settingFollowRedirects": "global",
      "_type": "request"
    },
    {
      "_id": "req_f3362e3bb28444878875489fc8d12645",
      "parentId": "fld_e35d6ab6f84e4884a64c9b621e8d6ae2",
      "modified": 1747986294685,
      "created": 1737672798287,
      "url": "https://techinsiders.blob.core.windows.net/vangeluw/gradient2-p.jpg?sv=2023-01-03&st=2025-05-23T07%3A28%3A51Z&se=2025-05-24T07%3A28%3A51Z&sr=c&sp=racwl&sig=0Xh9sNkrult5ed%2FuJh2eZsQDc5Uk3kiS1eBvKdV2Hfg%3D",
      "name": "Upload file to Azure Storage Account",
      "description": "",
      "method": "PUT",
      "body": {
        "mimeType": "application/octet-stream",
        "fileName": "/Users/vangeluw/Desktop/gradient2-p.jpg"
      },
      "parameters": [],
      "headers": [
        {
          "name": "Content-Type",
          "value": "image/jpeg"
        },
        {
          "name": "x-ms-blob-type",
          "value": "BlockBlob"
        }
      ],
      "authentication": {},
      "preRequestScript": "",
      "metaSortKey": -1737672795559,
      "isPrivate": false,
      "pathParameters": [],
      "afterResponseScript": "",
      "settingStoreCookies": true,
      "settingSendCookies": true,
      "settingDisableRenderRequestBody": false,
      "settingEncodeUrl": true,
      "settingRebuildPath": true,
      "settingFollowRedirects": "global",
      "_type": "request"
    },
    {
      "_id": "req_e722a35ebe484bbb92d7dce163a53c69",
      "parentId": "fld_e35d6ab6f84e4884a64c9b621e8d6ae2",
      "modified": 1737672798288,
      "created": 1737672798288,
      "url": "{{AZURE_STORAGE_URL}}/{{AZURE_STORAGE_CONTAINER}}/file.jpg{{AZURE_STORAGE_SAS_WRITE}}",
      "name": "Upload file to Azure Storage Account + Variables",
      "description": "",
      "method": "PUT",
      "body": {},
      "parameters": [],
      "headers": [
        {
          "name": "x-ms-blob-type",
          "value": "BlockBlob"
        }
      ],
      "authentication": {},
      "preRequestScript": "",
      "metaSortKey": -1737672795558,
      "isPrivate": false,
      "afterResponseScript": "",
      "settingStoreCookies": true,
      "settingSendCookies": true,
      "settingDisableRenderRequestBody": false,
      "settingEncodeUrl": true,
      "settingRebuildPath": true,
      "settingFollowRedirects": "global",
      "_type": "request"
    },
    {
      "_id": "req_465061c88998444780169db87a6ed2de",
      "parentId": "fld_e35d6ab6f84e4884a64c9b621e8d6ae2",
      "modified": 1750057925410,
      "created": 1746032138819,
      "url": "https://firefly-api.adobe.io/v3/images/generate-async",
      "name": "Firefly - T2I V4",
      "description": "",
      "method": "POST",
      "body": {
        "mimeType": "application/json",
        "text": "{\n  \"numVariations\": 1,\n  \"size\": {\n    \"width\": 2048,\n    \"height\": 2048\n  },\n  \"prompt\": \"horses in a field\",\n  \"promptBiasingLocaleCode\": \"en-US\"\n}"
      },
      "parameters": [],
      "headers": [
        {
          "name": "Content-Type",
          "value": "application/json",
          "id": "pair_af9ba905c8bd42a4a7d90d95ff8043db"
        },
        {
          "name": "x-api-key",
          "value": "{{API_KEY}}",
          "id": "pair_289bc7fa16fe4f04a035adaf06892025"
        },
        {
          "name": "Authorization",
          "value": "Bearer {{ACCESS_TOKEN}}",
          "id": "pair_efac2b5de5064d51bf73ba5c5bb96ca1"
        },
        {
          "id": "pair_a4aea30d92eb45c6ad1e79fac67bcf39",
          "name": "x-model-version",
          "value": "image4_standard",
          "description": "",
          "disabled": false
        },
        {
          "id": "pair_77b6fa5cd0e64590a359183bcb0b0c0f",
          "name": "",
          "value": "",
          "description": "",
          "disabled": false
        }
      ],
      "authentication": {},
      "preRequestScript": "",
      "metaSortKey": -1737672795458,
      "isPrivate": false,
      "pathParameters": [],
      "afterResponseScript": "var json = insomnia.response.json()\n\nif(json){\n    insomnia.collectionVariables.set(\"FIREFLY_STATUS_REPORT_URL\", json.statusUrl);\n}",
      "settingStoreCookies": true,
      "settingSendCookies": true,
      "settingDisableRenderRequestBody": false,
      "settingEncodeUrl": true,
      "settingRebuildPath": true,
      "settingFollowRedirects": "global",
      "_type": "request"
    },
    {
      "_id": "req_ebf1f0a9ba064991a53138391879b6f8",
      "parentId": "fld_e35d6ab6f84e4884a64c9b621e8d6ae2",
      "modified": 1750058122707,
      "created": 1746032157762,
      "url": "{{ _.FIREFLY_STATUS_REPORT_URL }}",
      "name": "Firefly - Get Status Report",
      "description": "",
      "method": "GET",
      "body": {},
      "parameters": [],
      "headers": [
        {
          "name": "x-api-key",
          "value": "{{API_KEY}}",
          "id": "pair_289bc7fa16fe4f04a035adaf06892025"
        },
        {
          "name": "Authorization",
          "value": "Bearer {{ACCESS_TOKEN}}",
          "id": "pair_efac2b5de5064d51bf73ba5c5bb96ca1"
        },
        {
          "id": "pair_a4aea30d92eb45c6ad1e79fac67bcf39",
          "name": "x-model-version",
          "value": "image4_ultra",
          "description": "",
          "disabled": false
        },
        {
          "id": "pair_77b6fa5cd0e64590a359183bcb0b0c0f",
          "name": "",
          "value": "",
          "description": "",
          "disabled": false
        }
      ],
      "authentication": {},
      "preRequestScript": "",
      "metaSortKey": -1737672795358,
      "isPrivate": false,
      "pathParameters": [],
      "afterResponseScript": "var json = insomnia.response.json()\n\nif(json.status == \"succeeded\"){\n\tif(json.result.outputs){\n    insomnia.collectionVariables.set(\"FIREFLY_COMPLETED_ASSET_URL_PB\", json.result.outputs[0].image.url);\n\t}\n}",
      "settingStoreCookies": true,
      "settingSendCookies": true,
      "settingDisableRenderRequestBody": false,
      "settingEncodeUrl": true,
      "settingRebuildPath": true,
      "settingFollowRedirects": "global",
      "_type": "request"
    },
    {
      "_id": "req_82215d23c9a24ee7a2da8de235ddfb17",
      "parentId": "fld_6f87f019d7c74b59886a0b0d0493b713",
      "modified": 1749446601747,
      "created": 1749445172056,
      "url": "{{FRAME_IO_BASE_URL}}/v4/accounts/:account_id/workspaces/:workspace_id/webhooks",
      "name": "POST - Create Webhook",
      "description": "",
      "method": "POST",
      "body": {
        "mimeType": "application/json",
        "text": "{\n    \"data\": {\n        \"name\": \"vangeluw - Fusion to AEM Assets\",\n        \"events\": [\"metadata.value.updated\"],\n        \"url\": \"https://hook.fusion.adobe.com/6tp1dfdhyxsxukp3xdpaue47h6d1oxw6\"\n    }\n}"
      },
      "parameters": [],
      "headers": [
        {
          "name": "Content-Type",
          "value": "application/json",
          "id": "pair_843f287db38d4f64ae8640d52fd0ad8c"
        },
        {
          "name": "User-Agent",
          "value": "insomnia/10.1.1-adobe",
          "id": "pair_71eb676ae98643c3bd7792deb50e57af"
        },
        {
          "id": "pair_39ec40f1a3324b30b070a8f3300a391f",
          "name": "api-version",
          "value": "alpha",
          "description": "",
          "disabled": true
        },
        {
          "id": "pair_e4ea72c20d844c1aaad5e70b0e5b86fc",
          "name": "Authorization",
          "value": "Bearer {{ACCESS_TOKEN}}",
          "description": "",
          "disabled": false
        }
      ],
      "authentication": {},
      "metaSortKey": -1749445400118,
      "isPrivate": false,
      "pathParameters": [
        {
          "name": "account_id",
          "value": "{{FRAME_IO_ACCOUNT_ID}}"
        },
        {
          "name": "workspace_id",
          "value": "{{FRAME_IO_WORKSPACE_ID}}"
        }
      ],
      "settingStoreCookies": true,
      "settingSendCookies": true,
      "settingDisableRenderRequestBody": false,
      "settingEncodeUrl": true,
      "settingRebuildPath": true,
      "settingFollowRedirects": "global",
      "_type": "request"
    },
    {
      "_id": "fld_6f87f019d7c74b59886a0b0d0493b713",
      "parentId": "fld_48ac98dd4c134742bad45ac90e5f936d",
      "modified": 1749446009474,
      "created": 1749445157028,
      "name": "Webhooks",
      "description": "",
      "environment": {},
      "environmentPropertyOrder": null,
      "metaSortKey": -1749445160462.375,
      "_type": "request_group"
    },
    {
      "_id": "fld_48ac98dd4c134742bad45ac90e5f936d",
      "parentId": "fld_df97f5082afd4f469133ca16d8ce636f",
      "modified": 1749445097325,
      "created": 1749445093929,
      "name": "Frame.io V4",
      "description": "",
      "environment": {},
      "environmentPropertyOrder": null,
      "metaSortKey": -1737672795561,
      "_type": "request_group"
    },
    {
      "_id": "req_4c375e62d121417886aa9d9c9fc8e5fa",
      "parentId": "fld_6f87f019d7c74b59886a0b0d0493b713",
      "modified": 1749445559554,
      "created": 1749445445311,
      "url": "{{FRAME_IO_BASE_URL}}/v4/accounts/:account_id/workspaces/:workspace_id/webhooks",
      "name": "GET - List Webhooks",
      "description": "",
      "method": "GET",
      "body": {},
      "parameters": [],
      "headers": [
        {
          "name": "User-Agent",
          "value": "insomnia/10.1.1-adobe",
          "id": "pair_71eb676ae98643c3bd7792deb50e57af"
        },
        {
          "id": "pair_39ec40f1a3324b30b070a8f3300a391f",
          "name": "api-version",
          "value": "alpha",
          "description": "",
          "disabled": true
        },
        {
          "id": "pair_e4ea72c20d844c1aaad5e70b0e5b86fc",
          "name": "Authorization",
          "value": "Bearer {{ACCESS_TOKEN}}",
          "description": "",
          "disabled": false
        },
        {
          "id": "pair_c9f3ca9a4272415f97ec3b66cc4d4778",
          "name": "Content-Type",
          "value": "application/json",
          "description": "",
          "disabled": false
        }
      ],
      "authentication": {},
      "metaSortKey": -1747437394286,
      "isPrivate": false,
      "pathParameters": [
        {
          "name": "account_id",
          "value": "{{FRAME_IO_ACCOUNT_ID}}"
        },
        {
          "name": "workspace_id",
          "value": "{{FRAME_IO_WORKSPACE_ID}}"
        }
      ],
      "settingStoreCookies": true,
      "settingSendCookies": true,
      "settingDisableRenderRequestBody": false,
      "settingEncodeUrl": true,
      "settingRebuildPath": true,
      "settingFollowRedirects": "global",
      "_type": "request"
    },
    {
      "_id": "req_09e619aeef6a407da995dffdfa4e5ac2",
      "parentId": "fld_6f87f019d7c74b59886a0b0d0493b713",
      "modified": 1749446539583,
      "created": 1749445529479,
      "url": "{{FRAME_IO_BASE_URL}}/v4/accounts/:account_id/webhooks/:webhook_id",
      "name": "GET - Show Webhook",
      "description": "",
      "method": "GET",
      "body": {},
      "parameters": [],
      "headers": [
        {
          "name": "User-Agent",
          "value": "insomnia/10.1.1-adobe",
          "id": "pair_71eb676ae98643c3bd7792deb50e57af"
        },
        {
          "id": "pair_39ec40f1a3324b30b070a8f3300a391f",
          "name": "api-version",
          "value": "alpha",
          "description": "",
          "disabled": true
        },
        {
          "id": "pair_e4ea72c20d844c1aaad5e70b0e5b86fc",
          "name": "Authorization",
          "value": "Bearer {{ACCESS_TOKEN}}",
          "description": "",
          "disabled": false
        },
        {
          "id": "pair_1a0bb2c2a60a4d86912a9dbded1873b4",
          "name": "Content-Type",
          "value": "application/json",
          "description": "",
          "disabled": false
        }
      ],
      "authentication": {},
      "metaSortKey": -1746433391370,
      "isPrivate": false,
      "pathParameters": [
        {
          "name": "account_id",
          "value": "{{FRAME_IO_ACCOUNT_ID}}"
        },
        {
          "name": "webhook_id",
          "value": ""
        }
      ],
      "settingStoreCookies": true,
      "settingSendCookies": true,
      "settingDisableRenderRequestBody": false,
      "settingEncodeUrl": true,
      "settingRebuildPath": true,
      "settingFollowRedirects": "global",
      "_type": "request"
    },
    {
      "_id": "req_183032a6687148f3a80ef1e5f674c946",
      "parentId": "fld_6f87f019d7c74b59886a0b0d0493b713",
      "modified": 1749446590150,
      "created": 1749445590074,
      "url": "{{FRAME_IO_BASE_URL}}/v4/accounts/:account_id/webhooks/:webhook_id",
      "name": "DELETE - Delete Webhook",
      "description": "",
      "method": "DELETE",
      "body": {},
      "parameters": [],
      "headers": [
        {
          "name": "User-Agent",
          "value": "insomnia/10.1.1-adobe",
          "id": "pair_71eb676ae98643c3bd7792deb50e57af"
        },
        {
          "id": "pair_39ec40f1a3324b30b070a8f3300a391f",
          "name": "api-version",
          "value": "alpha",
          "description": "",
          "disabled": true
        },
        {
          "id": "pair_e4ea72c20d844c1aaad5e70b0e5b86fc",
          "name": "Authorization",
          "value": "Bearer {{ACCESS_TOKEN}}",
          "description": "",
          "disabled": false
        },
        {
          "id": "pair_1a0bb2c2a60a4d86912a9dbded1873b4",
          "name": "Content-Type",
          "value": "application/json",
          "description": "",
          "disabled": false
        }
      ],
      "authentication": {},
      "metaSortKey": -1745931389912,
      "isPrivate": false,
      "pathParameters": [
        {
          "name": "account_id",
          "value": "{{FRAME_IO_ACCOUNT_ID}}"
        },
        {
          "name": "webhook_id",
          "value": ""
        }
      ],
      "settingStoreCookies": true,
      "settingSendCookies": true,
      "settingDisableRenderRequestBody": false,
      "settingEncodeUrl": true,
      "settingRebuildPath": true,
      "settingFollowRedirects": "global",
      "_type": "request"
    },
    {
      "_id": "req_224ac2e0cb2f4b7c87f318d9c36a026f",
      "parentId": "fld_6f87f019d7c74b59886a0b0d0493b713",
      "modified": 1749446580553,
      "created": 1749445627575,
      "url": "{{FRAME_IO_BASE_URL}}/v4/accounts/:account_id/webhooks/:webhook_id",
      "name": "PATCH - Update Webhook",
      "description": "",
      "method": "PATCH",
      "body": {
        "mimeType": "application/json",
        "text": "{\n    \"data\": {\n        \"name\": \"change\",\n        \"events\": [\n            \"metadata.value.updated\"\n        ],\n        \"url\": \"https://url.change.com\",\n        \"active\": false\n    }\n}"
      },
      "parameters": [],
      "headers": [
        {
          "name": "Content-Type",
          "value": "application/json",
          "id": "pair_843f287db38d4f64ae8640d52fd0ad8c"
        },
        {
          "name": "User-Agent",
          "value": "insomnia/10.1.1-adobe",
          "id": "pair_71eb676ae98643c3bd7792deb50e57af"
        },
        {
          "id": "pair_39ec40f1a3324b30b070a8f3300a391f",
          "name": "api-version",
          "value": "alpha",
          "description": "",
          "disabled": true
        },
        {
          "id": "pair_e4ea72c20d844c1aaad5e70b0e5b86fc",
          "name": "Authorization",
          "value": "Bearer {{ACCESS_TOKEN}}",
          "description": "",
          "disabled": false
        }
      ],
      "authentication": {},
      "metaSortKey": -1745931389812,
      "isPrivate": false,
      "pathParameters": [
        {
          "name": "account_id",
          "value": "{{FRAME_IO_ACCOUNT_ID}}"
        },
        {
          "name": "webhook_id",
          "value": ""
        }
      ],
      "settingStoreCookies": true,
      "settingSendCookies": true,
      "settingDisableRenderRequestBody": false,
      "settingEncodeUrl": true,
      "settingRebuildPath": true,
      "settingFollowRedirects": "global",
      "_type": "request"
    },
    {
      "_id": "req_ace66368454449f6ab345f7317a0d72b",
      "parentId": "fld_9b9163e337204c55853ee2daa0bf7a45",
      "modified": 1749446629720,
      "created": 1749445697123,
      "url": "{{FRAME_IO_BASE_URL}}/v4/accounts/:account_id/workspaces/:workspace_id/actions",
      "name": "POST - Create Custom Action",
      "description": "",
      "method": "POST",
      "body": {
        "mimeType": "application/json",
        "text": "{\n    \"data\": {\n          \"name\": \"TEST - Frame.io Custom Action V4\",\n          \"description\": \"Frame.io Custom Action to Fusion V4\",\n          \"url\": \"https://make.change.url\",\n          \"event\": \"my.event\"\n    }\n}"
      },
      "parameters": [],
      "headers": [
        {
          "name": "Content-Type",
          "value": "application/json",
          "id": "pair_843f287db38d4f64ae8640d52fd0ad8c"
        },
        {
          "name": "User-Agent",
          "value": "insomnia/10.1.1-adobe",
          "id": "pair_71eb676ae98643c3bd7792deb50e57af"
        },
        {
          "id": "pair_39ec40f1a3324b30b070a8f3300a391f",
          "name": "api-version",
          "value": "alpha",
          "description": "",
          "disabled": false
        },
        {
          "id": "pair_e4ea72c20d844c1aaad5e70b0e5b86fc",
          "name": "Authorization",
          "value": "Bearer {{ACCESS_TOKEN}}",
          "description": "",
          "disabled": false
        }
      ],
      "authentication": {},
      "metaSortKey": -1749445782736,
      "isPrivate": false,
      "pathParameters": [
        {
          "name": "account_id",
          "value": "{{FRAME_IO_ACCOUNT_ID}}"
        },
        {
          "name": "workspace_id",
          "value": "{{FRAME_IO_WORKSPACE_ID}}"
        }
      ],
      "settingStoreCookies": true,
      "settingSendCookies": true,
      "settingDisableRenderRequestBody": false,
      "settingEncodeUrl": true,
      "settingRebuildPath": true,
      "settingFollowRedirects": "global",
      "_type": "request"
    },
    {
      "_id": "fld_9b9163e337204c55853ee2daa0bf7a45",
      "parentId": "fld_48ac98dd4c134742bad45ac90e5f936d",
      "modified": 1749446011260,
      "created": 1749445165653,
      "name": "Custom Actions",
      "description": "",
      "environment": {},
      "environmentPropertyOrder": null,
      "metaSortKey": -1749445160412.375,
      "_type": "request_group"
    },
    {
      "_id": "req_33249b1c53214b75b5518c08201f6d34",
      "parentId": "fld_9b9163e337204c55853ee2daa0bf7a45",
      "modified": 1749445824864,
      "created": 1749445807344,
      "url": "{{FRAME_IO_BASE_URL}}/v4/accounts/:account_id/workspaces/:workspace_id/actions?include=creator",
      "name": "GET - List Custom Actions",
      "description": "",
      "method": "GET",
      "body": {},
      "parameters": [],
      "headers": [
        {
          "name": "User-Agent",
          "value": "insomnia/10.1.1-adobe",
          "id": "pair_71eb676ae98643c3bd7792deb50e57af"
        },
        {
          "id": "pair_39ec40f1a3324b30b070a8f3300a391f",
          "name": "api-version",
          "value": "alpha",
          "description": "",
          "disabled": false
        },
        {
          "id": "pair_e4ea72c20d844c1aaad5e70b0e5b86fc",
          "name": "Authorization",
          "value": "Bearer {{ACCESS_TOKEN}}",
          "description": "",
          "disabled": false
        }
      ],
      "authentication": {},
      "metaSortKey": -1749445591427,
      "isPrivate": false,
      "pathParameters": [
        {
          "name": "account_id",
          "value": "{{FRAME_IO_ACCOUNT_ID}}"
        },
        {
          "name": "workspace_id",
          "value": "{{FRAME_IO_WORKSPACE_ID}}"
        }
      ],
      "settingStoreCookies": true,
      "settingSendCookies": true,
      "settingDisableRenderRequestBody": false,
      "settingEncodeUrl": true,
      "settingRebuildPath": true,
      "settingFollowRedirects": "global",
      "_type": "request"
    },
    {
      "_id": "req_cc694216f4dd4f7d979f8ac27884af6d",
      "parentId": "fld_9b9163e337204c55853ee2daa0bf7a45",
      "modified": 1749446648757,
      "created": 1749445845707,
      "url": "{{FRAME_IO_BASE_URL}}/v4/accounts/:account_id/actions/:action_id",
      "name": "GET - Get Custom Action",
      "description": "",
      "method": "GET",
      "body": {},
      "parameters": [],
      "headers": [
        {
          "name": "User-Agent",
          "value": "insomnia/10.1.1-adobe",
          "id": "pair_71eb676ae98643c3bd7792deb50e57af"
        },
        {
          "id": "pair_39ec40f1a3324b30b070a8f3300a391f",
          "name": "api-version",
          "value": "alpha",
          "description": "",
          "disabled": false
        },
        {
          "id": "pair_e4ea72c20d844c1aaad5e70b0e5b86fc",
          "name": "Authorization",
          "value": "Bearer {{ACCESS_TOKEN}}",
          "description": "",
          "disabled": false
        }
      ],
      "authentication": {},
      "metaSortKey": -1749445495772.5,
      "isPrivate": false,
      "pathParameters": [
        {
          "name": "account_id",
          "value": "{{FRAME_IO_ACCOUNT_ID}}"
        },
        {
          "name": "action_id",
          "value": ""
        }
      ],
      "settingStoreCookies": true,
      "settingSendCookies": true,
      "settingDisableRenderRequestBody": false,
      "settingEncodeUrl": true,
      "settingRebuildPath": true,
      "settingFollowRedirects": "global",
      "_type": "request"
    },
    {
      "_id": "req_c3a69db72d0f49ecbe06abe2daa1fd61",
      "parentId": "fld_9b9163e337204c55853ee2daa0bf7a45",
      "modified": 1749446681498,
      "created": 1749445881944,
      "url": "{{FRAME_IO_BASE_URL}}/v4/accounts/:account_id/actions/:action_id",
      "name": "DELETE - Delete Custom Action",
      "description": "",
      "method": "DELETE",
      "body": {},
      "parameters": [],
      "headers": [
        {
          "name": "User-Agent",
          "value": "insomnia/10.1.1-adobe",
          "id": "pair_71eb676ae98643c3bd7792deb50e57af"
        },
        {
          "id": "pair_39ec40f1a3324b30b070a8f3300a391f",
          "name": "api-version",
          "value": "alpha",
          "description": "",
          "disabled": false
        },
        {
          "id": "pair_e4ea72c20d844c1aaad5e70b0e5b86fc",
          "name": "Authorization",
          "value": "Bearer {{ACCESS_TOKEN}}",
          "description": "",
          "disabled": false
        }
      ],
      "authentication": {},
      "metaSortKey": -1749445447945.25,
      "isPrivate": false,
      "pathParameters": [
        {
          "name": "account_id",
          "value": "{{FRAME_IO_ACCOUNT_ID}}"
        },
        {
          "name": "action_id",
          "value": ""
        }
      ],
      "settingStoreCookies": true,
      "settingSendCookies": true,
      "settingDisableRenderRequestBody": false,
      "settingEncodeUrl": true,
      "settingRebuildPath": true,
      "settingFollowRedirects": "global",
      "_type": "request"
    },
    {
      "_id": "req_fcbf4a1b02aa49a79369923bf8987d3b",
      "parentId": "fld_9b9163e337204c55853ee2daa0bf7a45",
      "modified": 1749446672147,
      "created": 1749445921476,
      "url": "{{FRAME_IO_BASE_URL}}/v4/accounts/:account_id/actions/:action_id",
      "name": "PATCH - Update Custom Action",
      "description": "",
      "method": "PATCH",
      "body": {
        "mimeType": "application/json",
        "text": "{\n    \"data\": {\n          \"url\": \"https://delete.change.url\",\n          \"active\": true\n    }\n}"
      },
      "parameters": [],
      "headers": [
        {
          "name": "Content-Type",
          "value": "application/json"
        },
        {
          "name": "User-Agent",
          "value": "insomnia/10.1.1-adobe",
          "id": "pair_71eb676ae98643c3bd7792deb50e57af"
        },
        {
          "id": "pair_39ec40f1a3324b30b070a8f3300a391f",
          "name": "api-version",
          "value": "alpha",
          "description": "",
          "disabled": false
        },
        {
          "id": "pair_e4ea72c20d844c1aaad5e70b0e5b86fc",
          "name": "Authorization",
          "value": "Bearer {{ACCESS_TOKEN}}",
          "description": "",
          "disabled": false
        }
      ],
      "authentication": {},
      "metaSortKey": -1749445424031.625,
      "isPrivate": false,
      "pathParameters": [
        {
          "name": "account_id",
          "value": "{{FRAME_IO_ACCOUNT_ID}}"
        },
        {
          "name": "action_id",
          "value": ""
        }
      ],
      "settingStoreCookies": true,
      "settingSendCookies": true,
      "settingDisableRenderRequestBody": false,
      "settingEncodeUrl": true,
      "settingRebuildPath": true,
      "settingFollowRedirects": "global",
      "_type": "request"
    },
    {
      "_id": "req_6188eeaf671a4c80a5ef0adab17febac",
      "parentId": "fld_48ac98dd4c134742bad45ac90e5f936d",
      "modified": 1749446296520,
      "created": 1749445992851,
      "url": "{{FRAME_IO_BASE_URL}}/v4/accounts",
      "name": "GET - List Accounts",
      "description": "",
      "method": "GET",
      "body": {},
      "parameters": [],
      "headers": [
        {
          "name": "User-Agent",
          "value": "insomnia/10.1.1-adobe",
          "id": "pair_71eb676ae98643c3bd7792deb50e57af"
        },
        {
          "id": "pair_39ec40f1a3324b30b070a8f3300a391f",
          "name": "api-version",
          "value": "4.0",
          "description": "",
          "disabled": false
        },
        {
          "id": "pair_e4ea72c20d844c1aaad5e70b0e5b86fc",
          "name": "Authorization",
          "value": "Bearer {{ACCESS_TOKEN}}",
          "description": "",
          "disabled": false
        }
      ],
      "authentication": {},
      "metaSortKey": -1749445160362.375,
      "isPrivate": false,
      "pathParameters": [],
      "settingStoreCookies": true,
      "settingSendCookies": true,
      "settingDisableRenderRequestBody": false,
      "settingEncodeUrl": true,
      "settingRebuildPath": true,
      "settingFollowRedirects": "global",
      "_type": "request"
    },
    {
      "_id": "req_8736ec57f0694440a2fbc5fa624db1c4",
      "parentId": "fld_48ac98dd4c134742bad45ac90e5f936d",
      "modified": 1749446474240,
      "created": 1749446055740,
      "url": "{{FRAME_IO_BASE_URL}}/v4/accounts/:account_id/workspaces?page_size=50",
      "name": "GET - List Workspaces",
      "description": "",
      "method": "GET",
      "body": {},
      "parameters": [],
      "headers": [
        {
          "name": "User-Agent",
          "value": "insomnia/10.1.1-adobe",
          "id": "pair_71eb676ae98643c3bd7792deb50e57af"
        },
        {
          "id": "pair_39ec40f1a3324b30b070a8f3300a391f",
          "name": "api-version",
          "value": "4.0",
          "description": "",
          "disabled": false
        },
        {
          "id": "pair_e4ea72c20d844c1aaad5e70b0e5b86fc",
          "name": "Authorization",
          "value": "Bearer {{ACCESS_TOKEN}}",
          "description": "",
          "disabled": false
        }
      ],
      "authentication": {},
      "metaSortKey": -1748441277324.1875,
      "isPrivate": false,
      "pathParameters": [
        {
          "name": "account_id",
          "value": "{{FRAME_IO_ACCOUNT_ID}}"
        }
      ],
      "settingStoreCookies": true,
      "settingSendCookies": true,
      "settingDisableRenderRequestBody": false,
      "settingEncodeUrl": true,
      "settingRebuildPath": true,
      "settingFollowRedirects": "global",
      "_type": "request"
    },
    {
      "_id": "req_24447f559b6245fda31755c6874dbc49",
      "parentId": "fld_d84f63abfac4487f8a5e70b4bee3867c",
      "modified": 1749194959100,
      "created": 1737672798291,
      "url": "https://hook.fusion.adobe.com/1msur4gln63vfr67131tti8qgkp9kkyd",
      "name": "POST - Send Request to Workfront Fusion Webhook",
      "description": "",
      "method": "POST",
      "body": {
        "mimeType": "application/json",
        "text": "{\n    \"psdTemplate\": \"citisignal-fiber.psd\",\n    \"xlsFile\": \"placeholder\"\n}"
      },
      "parameters": [],
      "headers": [
        {
          "name": "Content-Type",
          "value": "application/json"
        }
      ],
      "authentication": {},
      "preRequestScript": "",
      "metaSortKey": -1737672795543,
      "isPrivate": false,
      "pathParameters": [],
      "afterResponseScript": "",
      "settingStoreCookies": true,
      "settingSendCookies": true,
      "settingDisableRenderRequestBody": false,
      "settingEncodeUrl": true,
      "settingRebuildPath": true,
      "settingFollowRedirects": "global",
      "_type": "request"
    },
    {
      "_id": "fld_d84f63abfac4487f8a5e70b4bee3867c",
      "parentId": "fld_df97f5082afd4f469133ca16d8ce636f",
      "modified": 1749194947976,
      "created": 1737672798291,
      "name": "vangeluw - Workfront Fusion",
      "description": "",
      "environment": {},
      "environmentPropertyOrder": null,
      "metaSortKey": -1737672795544,
      "preRequestScript": "",
      "afterResponseScript": "",
      "authentication": {},
      "_type": "request_group"
    },
    {
      "_id": "req_6d452415209a449e8c25b7750eff691d",
      "parentId": "fld_97f06f40ba6c41d9844713ae21d9b19c",
      "modified": 1746017537055,
      "created": 1737672798291,
      "url": "https://firefly-api.adobe.io/v3/custom-models",
      "name": "1. FF - getCustomModels",
      "description": "",
      "method": "GET",
      "body": {
        "mimeType": "application/json",
        "text": ""
      },
      "parameters": [],
      "headers": [
        {
          "name": "Content-Type",
          "value": "application/json"
        },
        {
          "name": "x-api-key",
          "value": "{{API_KEY}}"
        },
        {
          "name": "Authorization",
          "value": "Bearer {{ACCESS_TOKEN}}"
        }
      ],
      "authentication": {},
      "preRequestScript": "var prompt = \"Horses in a field\"\n\n\ninsomnia.variables.set(\"FIREFLY_IMAGE_PROMPT\", prompt)",
      "metaSortKey": -1737672795541,
      "isPrivate": false,
      "afterResponseScript": "var json = insomnia.response.json()\n\nif(json.custom_models){\n    insomnia.collectionVariables.set(\"FIREFLY_CUSTOM_MODEL_ASSET_URL_PB\", json.custom_models[0].assetId);\n}",
      "settingStoreCookies": true,
      "settingSendCookies": true,
      "settingDisableRenderRequestBody": false,
      "settingEncodeUrl": true,
      "settingRebuildPath": true,
      "settingFollowRedirects": "global",
      "_type": "request"
    },
    {
      "_id": "fld_97f06f40ba6c41d9844713ae21d9b19c",
      "parentId": "fld_df97f5082afd4f469133ca16d8ce636f",
      "modified": 1737672798291,
      "created": 1737672798291,
      "name": "FF. -Custom Models API",
      "description": "",
      "environment": {},
      "environmentPropertyOrder": null,
      "metaSortKey": -1737672795542,
      "preRequestScript": "",
      "afterResponseScript": "",
      "authentication": {},
      "_type": "request_group"
    },
    {
      "_id": "req_1d19c239d9ea4c2f824e7f15ae25aa93",
      "parentId": "fld_97f06f40ba6c41d9844713ae21d9b19c",
      "modified": 1750537885719,
      "created": 1737672798292,
      "url": "https://firefly-api.adobe.io/v3/images/generate-async",
      "name": "2. Generate Images Async",
      "description": "",
      "method": "POST",
      "body": {
        "mimeType": "application/json",
        "text": "{\n    \"numVariations\": 1,\n    \n    \"size\": {\n        \"width\": 2048,\n        \"height\": 2048\n    },\n    \"prompt\": \"a white CitiSignal router in the desert\",\n    \"negativePrompt\": \"red\",\n    \"contentClass\": \"photo\",\n    \"promptBiasingLocaleCode\": \"en-US\",\n    \"customModelId\": \"{{_['FIREFLY_CUSTOM_MODEL_ASSET_URL_PB']}}\"\n}"
      },
      "parameters": [],
      "headers": [
        {
          "name": "Content-Type",
          "value": "application/json",
          "id": "pair_b6e6e699eb8746ed85fe04606de546f9"
        },
        {
          "name": "User-Agent",
          "value": "insomnia/8.2.0",
          "id": "pair_8694763d7b73406ab9d02f2e3e1e998a"
        },
        {
          "name": "Accept",
          "value": "application/json",
          "id": "pair_3c79b4e076024468961045b9347310b1"
        },
        {
          "name": "x-accept-mimetype",
          "value": "image/jpeg",
          "id": "pair_bdbf6bf3413349e78a32b862eeb84ca6"
        },
        {
          "name": "x-model-version",
          "value": "image4_custom",
          "id": "pair_9217094c84ae455c9bb0e5db0b649895"
        },
        {
          "name": "x-api-key",
          "value": "{{API_KEY}}",
          "id": "pair_e99175f86f5c4f3899488e5f8f24fcd6"
        },
        {
          "name": "Authorization",
          "value": "Bearer {{ACCESS_TOKEN}}",
          "id": "pair_497beb1131a1474083c6a1c6261ce85f"
        }
      ],
      "authentication": {},
      "preRequestScript": "",
      "metaSortKey": -1737672795540,
      "isPrivate": false,
      "afterResponseScript": "var jsonData = insomnia.response.json();\ninsomnia.collectionVariables.set(\"CUSTOM_MODEL_JOBID_PB\", jsonData.jobId);\ninsomnia.collectionVariables.set(\"CUSTOM_MODEL_STATUS_URL_PB\", jsonData.statusUrl);",
      "settingStoreCookies": true,
      "settingSendCookies": true,
      "settingDisableRenderRequestBody": false,
      "settingEncodeUrl": true,
      "settingRebuildPath": true,
      "settingFollowRedirects": "global",
      "_type": "request"
    },
    {
      "_id": "req_1f7b35d37d3e40c5b61a6251f9c90ffb",
      "parentId": "fld_97f06f40ba6c41d9844713ae21d9b19c",
      "modified": 1737963379615,
      "created": 1737672798292,
      "url": "https://firefly-api.adobe.io/v3/status/{{_['CUSTOM_MODEL_JOBID_PB']}}",
      "name": "3. Get CM Status",
      "description": "",
      "method": "GET",
      "body": {},
      "parameters": [],
      "headers": [
        {
          "name": "x-api-key",
          "value": "{{API_KEY}}"
        },
        {
          "name": "Authorization",
          "value": "Bearer {{ACCESS_TOKEN}}"
        }
      ],
      "authentication": {
        "type": "bearer",
        "disabled": false,
        "token": "{{ACCESS_TOKEN}}",
        "prefix": ""
      },
      "preRequestScript": "",
      "metaSortKey": -1737672795539,
      "isPrivate": false,
      "pathParameters": [],
      "afterResponseScript": "",
      "settingStoreCookies": true,
      "settingSendCookies": true,
      "settingDisableRenderRequestBody": false,
      "settingEncodeUrl": true,
      "settingRebuildPath": true,
      "settingFollowRedirects": "global",
      "_type": "request"
    },
    {
      "_id": "req_18f3b315f2aa4bc29e368e58d03db1eb",
      "parentId": "fld_97f06f40ba6c41d9844713ae21d9b19c",
      "modified": 1737963386688,
      "created": 1737672798292,
      "url": "https://firefly-api.adobe.io/v3/status/{{_['CUSTOM_MODEL_JOBID_PB']}}",
      "name": "4. Cancel CM Job",
      "description": "",
      "method": "GET",
      "body": {},
      "parameters": [],
      "headers": [
        {
          "name": "x-api-key",
          "value": "{{API_KEY}}"
        },
        {
          "name": "Authorization",
          "value": "Bearer {{ACCESS_TOKEN}}"
        }
      ],
      "authentication": {
        "type": "bearer",
        "disabled": false,
        "token": "{{ACCESS_TOKEN}}",
        "prefix": ""
      },
      "preRequestScript": "",
      "metaSortKey": -1737672795538,
      "isPrivate": false,
      "pathParameters": [],
      "afterResponseScript": "",
      "settingStoreCookies": true,
      "settingSendCookies": true,
      "settingDisableRenderRequestBody": false,
      "settingEncodeUrl": true,
      "settingRebuildPath": true,
      "settingFollowRedirects": "global",
      "_type": "request"
    },
    {
      "_id": "env_69720f30208c4cc5ae25b8a17f79a4f8",
      "parentId": "wrk_44473f75cf7c46fcabefb618909f43b0",
      "modified": 1750537966797,
      "created": 1737672800398,
      "name": "Base Environment",
      "data": {
        "CLIENT_SECRET": "",
        "API_KEY": "",
        "ACCESS_TOKEN": "",
        "SCOPES": [
          "openid",
          "AdobeID",
          "read_organizations",
          "additional_info.projectedProductContext",
          "session",
          "ff_apis",
          "firefly_api",
          "frame.s2s.all"
        ],
        "TECHNICAL_ACCOUNT_ID": "",
        "IMS": "ims-na1.adobelogin.com",
        "IMS_ORG": "",
        "access_token": "",
        "IMS_TOKEN": "",
        "AZURE_STORAGE_URL": "",
        "AZURE_STORAGE_CONTAINER": "",
        "AZURE_STORAGE_SAS_READ": "",
        "AZURE_STORAGE_SAS_WRITE": "",
        "FRAME_IO_BASE_URL": "https://api.frame.io",
        "FRAME_IO_ACCOUNT_ID": "",
        "FRAME_IO_WORKSPACE_ID": ""
      },
      "dataPropertyOrder": {
        "&": [
          "CLIENT_SECRET",
          "API_KEY",
          "ACCESS_TOKEN",
          "SCOPES",
          "TECHNICAL_ACCOUNT_ID",
          "IMS",
          "IMS_ORG",
          "access_token",
          "IMS_TOKEN",
          "AZURE_STORAGE_URL",
          "AZURE_STORAGE_CONTAINER",
          "AZURE_STORAGE_SAS_READ",
          "AZURE_STORAGE_SAS_WRITE",
          "FRAME_IO_BASE_URL",
          "FRAME_IO_ACCOUNT_ID",
          "FRAME_IO_WORKSPACE_ID"
        ]
      },
      "color": null,
      "isPrivate": false,
      "metaSortKey": 1737672800398,
      "_type": "environment"
    },
    {
      "_id": "jar_e1585208c50b4ba390377b9a7e30f2c1",
      "parentId": "wrk_44473f75cf7c46fcabefb618909f43b0",
      "modified": 1750536036384,
      "created": 1737672800438,
      "name": "Default Jar",
      "cookies": [
        {
          "id": "6fb1525d-6d66-475a-aac8-65f964803d5f",
          "key": "relay",
          "value": "48423d7a-699b-407e-8e3e-82be7a5bd39a",
          "expires": "Infinity",
          "domain": "ims-na1.adobelogin.com",
          "path": "/",
          "secure": true,
          "httpOnly": false,
          "extensions": [],
          "creation": "2025-01-23T23:07:34.885Z",
          "hostOnly": true,
          "lastAccessed": "2025-01-23T23:07:34.885Z"
        },
        {
          "id": "f88199e6-71f4-4eaa-a36e-6f36d4b4a2f1",
          "key": "ftrset",
          "value": "227",
          "expires": "Infinity",
          "domain": "ims-na1.adobelogin.com",
          "path": "/",
          "secure": true,
          "httpOnly": true,
          "extensions": [],
          "creation": "2025-01-23T23:07:34.885Z",
          "hostOnly": true,
          "lastAccessed": "2025-01-23T23:07:34.885Z"
        }
      ],
      "_type": "cookie_jar"
    }
  ]
}